Filename,Label,Contrast0,Contrast45,Contrast90,Contrast135,Homogeneity0,Homogeneity45,Homogeneity90,Homogeneity135,Dissimilarity0,Dissimilarity45,Dissimilarity90,Dissimilarity135,Entropy0,Entropy45,Entropy90,Entropy135,ASM0,ASM45,ASM90,ASM135,Energy0,Energy45,Energy90,Energy135,Correlation0,Correlation45,Correlation90,Correlation135,Hue0,Hue1,Hue2,Hue3,Hue4,Hue5,Hue6,Hue7,Sat0,Sat1,Sat2,Sat3,Sat4,Sat5,Sat6,Sat7,Val0,Val1,Val2,Val3,Val4,Val5,Val6,Val7
anggrek_1.jpg,anggrek,848.8522391732283,1229.4526629053257,570.5952263779527,978.0202120404242,0.48624836060762905,0.4660118766573376,0.4982893384179406,0.4640048490814492,12.938607283464567,15.341682683365365,10.322588582677165,14.562093124186248,5.580257505859958,5.69323374869184,5.510092139742865,5.692295776751527,0.16887111594047405,0.1591312792024802,0.17169661908903894,0.15903066594402762,0.4109393093152249,0.3989126210117702,0.41436290747247023,0.39878649167697194,0.8799516458783169,0.8268096958390948,0.919264632601637,0.862228434563294,0.84213144,0.04619241,0.032537382,0.032217342,0.06710168,0.014935192,0.47440568,0.23832299,0.9740632,0.13710041,0.13086857,0.09293565,0.0657504,0.037571654,0.0158957,0.025559563,0.0049928077,0.014182468,0.007887188,0.005065167,0.011360446,0.03234471,0.117367156,0.9923386
anggrek_2.jpg,anggrek,1532.1105437992126,1781.9395498791,1198.9678272637793,1617.3819827639659,0.12370261893135052,0.09920333190232966,0.16009202956179627,0.10552442317038743,20.961921751968504,23.77202554405109,17.452448326771655,22.229648459296918,9.049143551899698,9.165781619845822,8.869008709571913,9.132831765417878,0.00022830001714690932,0.00018571975887829263,0.0002975052336823424,0.0001915991803959552,0.015109600165024531,0.013627903686124753,0.017248340026864685,0.013841935572598047,0.8128103431216742,0.7821014348299768,0.8533033469967827,0.802227505862767,0.06455041,0.12184677,0.0,0.00010513095,0.0002102619,0.17819697,0.7965772,0.5609788,0.6549942,0.6499862,0.28361118,0.107013136,0.08829902,0.1125483,0.10292766,0.15986076,0.00011371504,0.026609318,0.06481757,0.107801855,0.17250572,0.20173047,0.44280636,0.8467222
anggrek_3.jpg,anggrek,771.2202263779527,998.2312604625209,568.3394438976379,946.5390290780583,0.6735304337292946,0.6514115634570713,0.6770114899067359,0.6557324317431361,6.421013779527558,8.121148242296485,5.297859251968505,7.730051460102922,3.8896009567917615,4.018137534280993,3.8598326783044428,3.9844137432941302,0.365726601265214,0.35935394879035776,0.3675171802858253,0.359879790873724,0.6047533391931077,0.5994613822343836,0.6062319525444244,0.599899817364303,0.9590089000997593,0.9471275683230239,0.9697922096370976,0.9498655049919666,0.9991725,0.023014832,0.0025645099,0.0078908,0.0100607695,0.00335359,0.00059181,0.030708361,0.9829838,0.123695314,0.12263948,0.04450757,0.009583747,0.005766492,0.006010147,0.035492353,0.937037,0.0005515768,0.00082736515,0.015076431,0.022155,0.041919835,0.23662643,0.25197867
anggrek_4.jpg,anggrek,1498.0919660433071,2039.8026536053073,1365.7776205708665,2357.9441998884,0.38968885256747887,0.3607569461168707,0.3897214617928689,0.35897705307511185,18.481360728346456,22.365366730733463,17.612266240157485,24.60239320478641,6.656886390010078,6.780917940958003,6.648264041668821,6.814110028730283,0.09558655878786368,0.09027202678374607,0.09678152754743014,0.08989128282677171,0.30917075991733706,0.3004530359036934,0.3110972959500454,0.29981874995865704,0.849427496074902,0.7954146462900954,0.8627472864063247,0.7635062687903661,0.7634643,0.09336325,0.10801096,0.075149134,0.053495996,0.16698393,0.31600848,0.5103773,0.662197,0.09049296,0.16280997,0.13586834,0.12529793,0.10944233,0.14875907,0.67715025,0.92676586,0.063836135,0.14909598,0.22587335,0.21934837,0.10722731,0.053613655,0.035996187
anggrek_5.jpg,anggrek,766.6320743110236,897.0305040610083,413.5474901574804,837.9380618761238,0.31519569835286493,0.2878635274247333,0.4288653223651723,0.28422691122667354,12.41492372047244,13.891313782627567,8.512918307086617,13.310000620001242,7.8523699062213295,7.958544427748707,7.557621172146948,7.953846119592756,0.0014450770478689394,0.0013227199248744086,0.0024487816309617006,0.001171748142987885,0.03801416904088447,0.03636921672066101,0.049485165766739635,0.034230806928670046,0.7296336444034506,0.6855668294338013,0.8544354836559739,0.7062796466836566,0.87812847,0.019415526,0.008011261,0.006032008,0.005278007,0.12026317,0.4601291,0.046936564,0.9726472,0.026282946,0.023075536,0.03198501,0.054704167,0.083659954,0.07902703,0.18834627,0.0046711797,0.013329952,0.56920034,0.7700611,0.11119687,0.16782068,0.20393687,0.026432041
anggrek_6.jpg,anggrek,286.7397883858268,487.70078740157487,355.8991141732283,450.2028644057289,0.6151725843308422,0.5662338652451485,0.5820574244407156,0.5663047713720497,6.721825787401575,9.417942835885674,7.928026574803149,8.971417942835888,4.613871381218427,4.797440163840174,4.715745827600536,4.792505082542739,0.25027293450582994,0.2394499796749609,0.24555006824857403,0.23949453373517696,0.5002728600532212,0.4893362644184068,0.4955300881365066,0.4893817872941094,0.9236222079295331,0.8707541801536128,0.9052975233865013,0.8806915227319513,0.91951615,0.0796385,0.024978867,0.018807618,0.02115857,0.0066610314,0.22226293,0.311893,0.98366356,0.083628654,0.11731014,0.09627975,0.045757525,0.016758591,0.0024644986,8.2149956e-05,0.0,0.0,0.0,0.00031490953,0.00088174664,0.0024562944,0.028656766,0.9995858
anggrek_7.jpg,anggrek,626.7762057086615,1003.4673569347136,712.3542076771655,982.6872093744187,0.30521431559271,0.2419108431584403,0.30834514613059294,0.24208858041922054,11.1060531496063,14.497054994109988,11.355684055118113,14.300948601897202,7.842930978857128,8.036487055269191,7.832886375209931,8.034241193619776,0.0017849386895062852,0.001205125728498093,0.0017660669476612396,0.0012904993879923896,0.042248534761649255,0.03471492083381573,0.042024599315891635,0.035923521375171304,0.9090174250355856,0.8552208824830748,0.8969035279910256,0.8582188637123057,0.037286263,0.019102322,0.0008265428,0.00045919046,0.9353709,0.07218474,0.3235456,0.11589967,0.054019917,0.9820926,0.100848876,0.07041882,0.05384453,0.037270237,0.026746875,0.11154763,0.0035642898,0.019688457,0.018839817,0.035388306,0.07451063,0.102515765,0.15759252,0.9783127
anggrek_8.jpg,anggrek,2403.4939714566926,2821.5242110484223,1038.5375246062993,2732.66321532643,0.11819227100475833,0.0924706756979714,0.18424395174325184,0.08675883268403295,26.941313976377952,30.897513795027592,16.207554133858267,30.522723045446085,9.04195187965824,9.160833317465716,8.673326099699363,9.162683747875779,0.000231505223752635,0.00019084383137456213,0.00038393985479377203,0.0001906881487518322,0.015215295716897356,0.013814623823128957,0.019594383246067534,0.013808987969863403,0.6395694307857028,0.577640102474387,0.8436217521073286,0.5909390399061564,0.40815446,0.684525,0.24965194,0.16420807,0.4752293,0.03896463,0.21500124,0.044252682,0.9880609,0.10665555,0.0570502,0.056483746,0.06133908,0.04555924,0.008496839,0.0021849014,0.0011547687,0.04584432,0.0554289,0.06801588,0.11824832,0.25231698,0.6756552,0.67530876
anggrek_9.jpg,anggrek,1395.3606668307089,1768.3344286688575,695.1856545275592,1672.1099262198522,0.06735570303380654,0.05049122088315926,0.11935500455176379,0.05036551323657503,24.902251476377952,28.90197780395561,17.02091535433071,28.48589497178994,9.550818119070605,9.650369122453272,9.331428309182018,9.65637732653254,9.523096438771001e-05,8.050329201284604e-05,0.00012875129510024649,7.97940711759655e-05,0.009758635375282243,0.008972362677291085,0.011346862786702168,0.008932752721080187,0.8344675971787466,0.7905102675505667,0.9174955431966033,0.8019122511465888,0.5472215,0.12469395,0.09032854,0.015989464,0.014080274,0.02601271,0.6901721,0.44651175,0.08680354,0.2917994,0.6315216,0.6257089,0.3194422,0.11767563,0.030484578,0.012917194,0.41392273,0.5983764,0.30820698,0.15778942,0.1687688,0.28938517,0.4543896,0.17896394
anggrek_10.jpg,anggrek,768.2479699803151,1049.2627565255132,567.7857406496064,950.8960257920518,0.10585302374866282,0.08821831331074578,0.1335483581483575,0.08890643353173411,15.630351870078744,18.982639965279933,12.954170767716537,18.23708847417695,9.086318135573109,9.239664640959711,8.95438082897157,9.211110405570988,0.00015324633920752224,0.00012834782939080417,0.0001809333452651281,0.0001336833227327562,0.012379270544241379,0.011329070102652035,0.013451146615256563,0.011562150437213495,0.8532280913017816,0.7992088726309594,0.8916232247203403,0.8180329716555834,0.37205946,0.014041494,0.00024071132,8.023711e-05,0.0,0.0,8.023711e-05,0.9281026,0.17567989,0.3469903,0.68344235,0.5842288,0.18249118,0.070940234,0.036883783,0.024931895,0.0,0.0014549627,0.0032217032,0.018498812,0.15183575,0.615761,0.75730807,0.15464175
anggrek_11.jpg,anggrek,887.7843873031499,1098.1871783743568,623.3027805118112,935.5364250728502,0.7764198779717836,0.7619005077937293,0.7817331614667024,0.7676793852702669,9.034633366141733,10.574431148862296,7.234128937007875,9.691797383594768,3.15958005583454,3.257100031335154,3.136902152830589,3.219184732146606,0.29339626477104525,0.2824394391426267,0.2919397292041655,0.28612805250906553,0.5416606546270878,0.5314503167207888,0.5403144725103757,0.5349093871947523,0.7890397759709185,0.7407452413626537,0.8518796232518021,0.7791430506065988,0.98681366,0.017975023,0.0061175497,0.003474164,0.005890974,0.021524712,0.15346742,0.04214312,0.9928182,0.013144849,0.018723767,0.019182308,0.02980518,0.039434545,0.04386711,0.095147304,0.99739045,0.017381374,0.020170977,0.038196106,0.03934056,0.03225926,0.020170977,0.007009772
anggrek_12.jpg,anggrek,664.0075664370079,1361.6279372558743,1014.2840797244094,1111.7731415462831,0.26060967421824227,0.16502264216185678,0.1926649508668375,0.17691471325146252,13.583722933070865,20.727695455390908,17.653174212598422,18.883687767375537,8.404247301783176,8.717829277842544,8.610038154093687,8.678286908055782,0.0016629194635342395,0.001102938345748971,0.0013121423337573237,0.0011668527894064904,0.04077890954322148,0.03321051558992981,0.036223505266019244,0.03415922700247315,0.896302875404084,0.787582574006098,0.8415951761354478,0.8265570713122242,0.041408796,0.018649764,0.03390148,0.020704398,0.011853663,0.9874102,0.13987322,0.040934652,0.6209427,0.5149218,0.44134298,0.3582911,0.15948561,0.02582395,0.005190744,0.0001297686,0.0,0.0,0.0020916509,0.008521541,0.020761572,0.06933436,0.18933314,0.9792025
anggrek_13.jpg,anggrek,697.1804256889764,756.3525327050655,347.30862450787396,970.3945067890135,0.15278016185040563,0.14242421880933842,0.22091666545249974,0.12769000783692855,14.012856791338582,14.80637361274723,9.40458907480315,16.924855849711697,8.813378259629257,8.877156352657211,8.503491087762669,8.936081656238972,0.0002866048822917958,0.0002576297545179876,0.00045049424815646506,0.0002475987963941951,0.016929408799240327,0.01605084902794826,0.021224849779361576,0.015735272364792264,0.9036034229482696,0.8954521476204886,0.9519201761326255,0.865880374667358,0.056076124,0.18826456,0.6482148,0.48351482,0.005418592,0.0066787293,0.5364406,0.1400013,0.6901464,0.54925233,0.23517063,0.10052698,0.054300196,0.060680795,0.060941227,0.38244528,0.0,0.0011958178,0.0075010387,0.032613214,0.081859164,0.37189934,0.7590182,0.5270295
anggrek_14.jpg,anggrek,942.1106053149608,1136.403186806374,514.587906003937,1158.2463264926532,0.38346701704767766,0.3682253815675923,0.4135061334068404,0.3688292753195921,13.551919291338585,15.671461342922687,9.740465059055117,15.46946493892988,6.613551070296728,6.715836424777678,6.453625689228462,6.705360821384852,0.08814258754005792,0.08445829756685241,0.09144104976442373,0.08440804667584909,0.29688817345939855,0.290617097857047,0.3023922118117855,0.29053062949687264,0.8621947658150146,0.8335984239152305,0.9244898806999639,0.8303747411660217,0.6052068,0.049204677,0.025086848,0.023256477,0.03768411,0.03165465,0.7564815,0.23547184,0.8846382,0.39557666,0.21264444,0.10880687,0.05486931,0.027848762,0.009213903,0.002588175,0.0035468466,0.010719358,0.010482902,0.02719249,0.04374444,0.067705356,0.14187387,0.98610216
anggrek_15.jpg,anggrek,1000.5318036417323,1156.7793415586832,349.5453986220473,1166.1319362638726,0.08837401067887346,0.08208065047051377,0.14367102736618687,0.07267115499924655,18.553703248031496,19.89335978671958,10.349286417322837,20.651497302994606,9.352856201595564,9.390094709377928,8.9872837324701,9.43010045669094,0.00011195707205867535,0.00010726148304550315,0.0001670094282571378,0.00010210281441084924,0.010580976895290688,0.010356711980426179,0.012923212768392301,0.010104593728144108,0.8994014453273756,0.8835396824127287,0.9647716158594621,0.8825984201107853,0.089670815,0.1724727,0.6823974,0.059822176,0.038715813,0.27987784,0.63693756,0.08629879,0.09637405,0.45376116,0.7706274,0.38379264,0.19481674,0.072402224,0.021294773,0.00060842204,0.22038491,0.49051186,0.3113023,0.067842625,0.070191555,0.20021175,0.17216276,0.7312081
anggrek_16.jpg,anggrek,1133.6833784448818,1396.488622977246,548.1536048228347,1513.403310806622,0.06982603601721654,0.05660670422460871,0.10715702184288144,0.057884669848209745,22.810593011811022,25.651497302994606,15.059485728346456,26.69675739351479,9.555851774238079,9.632268846087022,9.304434957992182,9.647872109568365,9.117431564941254e-05,8.126440705730317e-05,0.00012239764469763312,8.068203872783219e-05,0.00954852426552986,0.009014677312988146,0.011063346903068398,0.008982318115488462,0.8792861289905365,0.8511500763548207,0.9417241526040069,0.8386880577016141,0.4128387,0.26304355,0.0054703746,0.0034917283,0.0061687203,0.026886309,0.43227598,0.75677395,0.47414908,0.52230483,0.4380725,0.34111676,0.2849082,0.22435111,0.17845012,0.17539006,0.16222994,0.18104154,0.23345676,0.3017895,0.5495559,0.47656047,0.36143994,0.36819282
anggrek_17.jpg,anggrek,1978.2785433070867,3019.7490234980473,2898.451956200787,3030.731539463079,0.074746119777373,0.04031710856702376,0.061084111782381406,0.047091746205086146,29.121432086614178,38.708413416826836,36.664923720472444,38.01122202244405,9.636295123174179,9.804945939577987,9.748379994338137,9.78050806458662,8.632487968100936e-05,6.581723126866181e-05,7.334322529973184e-05,6.852341809339829e-05,0.009291118322409276,0.008112781968514981,0.008564065932705787,0.008277887296490469,0.7559167071942033,0.6274913417068553,0.6422857611626518,0.6261292562048436,0.22710724,0.5156993,0.19867207,0.006235784,0.0063604997,0.0054874895,0.7086345,0.37514475,0.06673669,0.30528829,0.35197186,0.5058192,0.47806573,0.3930406,0.27897862,0.24849792,0.021692311,0.04351936,0.16761017,0.32754043,0.49582428,0.69294137,0.3540832,0.10428478
anggrek_18.jpg,anggrek,1475.1344119094488,1744.5535371070744,897.3937623031496,1850.276644553289,0.0709954654660536,0.061209446272176775,0.09573931252900474,0.055418429757651794,24.478531003937007,27.29493458986918,18.29853592519685,28.4744249488499,9.56254527118897,9.627956718135723,9.384141076096473,9.657259805725587,9.453845811988499e-05,8.433193132738797e-05,0.0001163978158034441,8.12586410342391e-05,0.0097230889186454,0.009183241874598968,0.010788781942529198,0.009014357494255434,0.8242838038370213,0.7917172264383953,0.8932141792570343,0.7790808019418693,0.25818834,0.62773365,0.2505531,0.03418235,0.0062256516,0.020086536,0.6879932,0.039585747,0.11270952,0.2004597,0.30751804,0.4557044,0.57108253,0.45272183,0.27141333,0.20030272,0.025857463,0.11803859,0.17881092,0.21869278,0.31116608,0.43592468,0.48837006,0.6166347
anggrek_19.jpg,anggrek,915.9809916338584,1110.8989397978794,665.0595472440945,1323.2945005890015,0.19085675191154178,0.13934847373358783,0.22353464521517868,0.1440745102851666,15.269869586614176,17.73978547957096,13.208415354330707,19.105772211544423,8.690490304152672,8.88041428631858,8.605256466886672,8.873069012415778,0.0005043716142119786,0.0003252248428980706,0.0005916292960515607,0.00034971698686654863,0.02245821930189432,0.01803399131911931,0.02432343100904066,0.018700721560050794,0.8953686645990923,0.8734318032248904,0.9239629557715581,0.8492212490699353,0.042408407,0.005182075,0.042408407,0.8757706,0.062290654,0.38368505,0.2762363,0.04473505,0.027302697,0.14213808,0.20787546,0.20963316,0.15737134,0.13873988,0.12444405,0.91235536,0.19526827,0.8034043,0.17202823,0.054919202,0.09347949,0.12191284,0.23175123,0.4544142
anggrek_20.jpg,anggrek,639.5527805118112,880.1728563457125,463.9679502952756,898.3599727199453,0.20713254805309753,0.1604569248316774,0.20549539817343287,0.13584597397072262,12.47846948818898,14.787897575795151,10.634534940944881,15.779155558311118,8.776371076011857,8.90879824098732,8.700238376499744,8.998972484444089,0.00031092017750441764,0.00023473287693056874,0.0003044870591694308,0.00021089998159908268,0.01763292878407945,0.015320994645602118,0.017449557563715787,0.014522395862910592,0.8923773400483221,0.8521186118582886,0.9221759374498445,0.8490628115299087,0.15553108,0.3001289,0.005145067,0.00021437778,0.00032156668,0.00032156668,0.49264014,0.8018801,0.3113034,0.55344415,0.21461825,0.3442448,0.60264236,0.25896794,0.043921873,0.0072727776,0.00014580082,0.03776241,0.5034502,0.41742775,0.52750736,0.22642867,0.25806746,0.41801095
anggrek_21.jpg,anggrek,1178.8929625984256,1543.4640089280174,896.1476377952757,1597.1705623411244,0.49055023770063344,0.4429665189081445,0.5117381407182848,0.4424935649746629,14.442544291338587,16.966643933287862,12.45054133858268,17.416826833653666,6.639474866345488,6.830940329454136,6.540872573935003,6.833441352978195,0.015699520107536315,0.012073029788070854,0.01725803006049372,0.012219323403244732,0.12529772586737684,0.10987733973877806,0.1313698217266573,0.11054104849893877,0.8496909349029568,0.804195755599209,0.8857650214146933,0.7973826570636543,0.042600773,0.026512181,0.013935891,0.017334888,0.46554938,0.7342968,0.07013265,0.48594338,0.07139292,0.28698543,0.8854608,0.29075536,0.13182952,0.1072072,0.11592515,0.04064449,0.9835122,0.04376841,0.03487382,0.062174037,0.06772214,0.08489486,0.09158782,0.07432704
anggrek_22.jpg,anggrek,703.0559178149607,902.9441378882759,753.8960999015749,975.0548081096163,0.42334986431411353,0.37067917797864947,0.4750991667427769,0.3906056338967452,10.049397145669293,12.039184078368159,10.510150098425198,12.388058776117553,6.890749636742508,7.090594811973123,6.750230102396263,7.034371654916383,0.005878214576253374,0.004382425467684341,0.0077150287967568155,0.004964886053524355,0.07666951529945507,0.06619989023921671,0.08783523664655783,0.07046194755699245,0.828959866445665,0.7814043540589021,0.8165202539760106,0.7639481696883978,0.793085,0.0008502653,0.00074398215,0.007758671,0.031353533,0.09873706,0.53311634,0.27569854,0.16175003,0.2057239,0.20787646,0.5123109,0.61932427,0.39253595,0.21879305,0.20080374,0.8101465,0.5523128,0.12968488,0.08546914,0.0825068,0.0731809,0.043557446,0.020736415
anggrek_23.jpg,anggrek,821.3337844488191,959.4403868807738,506.9866510826772,1141.1687643375287,0.2810508361511272,0.21539669805445236,0.31290976780915014,0.21000320941157286,13.47354822834646,14.945501891003781,10.27700541338583,16.177506355012714,7.980405905489723,8.18921583026624,7.8446572615509,8.218381710209872,0.0021511515190999145,0.0017444199436727962,0.0027003316946087037,0.001660993277966468,0.04638050796509148,0.041766253646608,0.051964715861906756,0.04075528527647019,0.874801985564813,0.854414427941311,0.9227975941793973,0.8268291155574012,0.16572985,0.14555293,0.81862426,0.37574738,0.09073265,0.33387077,0.14238046,0.0064718393,0.23050766,0.14496516,0.42363128,0.45807683,0.42934498,0.30903044,0.22528368,0.45383236,0.94794637,0.2852718,0.06683074,0.043249037,0.034751985,0.041053172,0.061197866,0.083920315
anggrek_24.jpg,anggrek,1231.3385211614175,1520.8811457622915,1215.2694389763778,1781.2672825345653,0.11804043363166124,0.08272382032978891,0.11040433407838304,0.07561966718860325,18.74489419291339,22.66426932853866,19.58181594488189,24.89168578337157,9.257398852926393,9.424510069156087,9.31767608674338,9.478941316171355,0.00013561581078240284,0.00011030209920795564,0.0001290180803017856,0.0001009419217672833,0.011645420163412003,0.01050248062164152,0.011358612604617943,0.010046985705537921,0.8541204557167056,0.8201358079765497,0.8563661728968348,0.789368477210525,0.46698636,0.79999715,0.025874577,0.020152315,0.097651646,0.21570441,0.20886257,0.20289151,0.64356154,0.20923375,0.2845701,0.4026072,0.23134665,0.15479027,0.11651209,0.45598316,0.1092385,0.10908486,0.15102875,0.42128265,0.52560467,0.30897135,0.38993996,0.50209767
anggrek_25.jpg,anggrek,245.49354084645668,414.45601091202184,413.5511195866143,592.251224502449,0.28436285740492534,0.20236862980981724,0.22386309570595309,0.18769791019809653,6.958476870078739,9.467108934217867,9.29386072834646,11.147250294500587,7.999834044371738,8.27067278799081,8.14223317400378,8.30407005165866,0.0006491432660599697,0.00047200664802470396,0.0005700196947268897,0.0004627483369914968,0.025478290092939317,0.02172571398193173,0.023875085229730378,0.02151158611054742,0.9325356752977126,0.8840772374394612,0.8843119258227278,0.8343559075471636,0.9790751,0.14717594,0.0004841314,0.00016137713,0.0004841314,0.00040344283,0.076008625,0.11820875,0.083548814,0.10392658,0.09102066,0.5055043,0.727486,0.3476446,0.20663048,0.16003335,0.007936406,0.044972964,0.3489234,0.5721174,0.603863,0.33736685,0.22416864,0.14188065
anggrek_26.jpg,anggrek,417.8285556102363,1041.3268646537294,831.5028297244094,855.1954863909729,0.7269711537330107,0.6735126249688713,0.6890673306656627,0.6760034708978737,6.22484005905512,11.428420856841715,9.742249015748031,10.106020212040425,3.4568233595220423,3.6322570201341766,3.5478746624969926,3.609644021760914,0.3945391740881138,0.38236081326772364,0.39005828579284113,0.3829980645267262,0.6281235340982805,0.6183533078004222,0.6245464640784072,0.6188683741529585,0.9495676875670509,0.8708983034731849,0.8967443491187453,0.8939730068980579,0.9719796,0.06154518,0.084011056,0.02803515,0.054843172,0.117521085,0.09599915,0.1326242,0.99338627,0.055975024,0.048552085,0.04968825,0.07066941,0.013709716,0.005377844,0.0036357255,0.008088531,0.06651372,0.006788588,0.026865477,0.0322819,0.016682595,0.029754238,0.9962614
anggrek_27.jpg,anggrek,1137.5523499015749,1410.8840597681196,720.2215182086613,1248.3026226052452,0.12350119475033863,0.09806712765417364,0.1580510435935871,0.09894617561542686,18.94174458661417,22.03180606361213,14.601808562992126,20.424142848285697,9.051667074901847,9.174335093621018,8.8651158803456,9.141423024261329,0.00021851410890321777,0.00018090897363517094,0.0002828150187550375,0.00018093395973511523,0.014782222732161012,0.013450240653429623,0.01681710494571041,0.013451169456040439,0.8527823321991413,0.817182896533261,0.9066432602493589,0.8382541273529649,0.07191793,0.12360239,0.001153203,0.00010483663,0.0029354256,0.17025469,0.81950796,0.52816695,0.6586599,0.64078313,0.2949006,0.13175847,0.10408256,0.14274937,0.11692736,0.07971718,0.0,0.025305798,0.060733914,0.10616933,0.17403488,0.22165579,0.46907747,0.8276146
anggrek_28.jpg,anggrek,1208.130351870079,1409.0489180978361,511.11626476377955,1433.5462210924425,0.06895690494841762,0.057632126491787096,0.10765862643398252,0.06063055937434476,22.556040846456696,24.834149668299332,14.378198818897637,24.500279000558006,9.363595500002775,9.421469652795881,9.086467259045406,9.399888006601104,0.00011443003843038938,0.00010642540970121306,0.0001637323220935504,0.00010907778031068495,0.010697197690535095,0.010316269175492323,0.01279579314046419,0.010444030845927493,0.8161940108499872,0.7850973216015844,0.9220319505945963,0.7813768079749145,0.060609687,0.035814814,0.013344463,0.003099359,0.0019801462,0.011364317,0.9336819,0.35065803,0.47651392,0.7250205,0.44570214,0.18612844,0.06615105,0.04150161,0.04036975,0.07910458,0.0012806944,0.016057936,0.029554486,0.027584188,0.049750052,0.11713428,0.5453788,0.82732856
anggrek_29.jpg,anggrek,1092.8623892716537,1314.8425196850394,723.1416092519686,1236.6100192200388,0.6207645105304002,0.6069115702191087,0.6291656302372965,0.6074113514817018,13.599717027559059,15.306528613057228,10.335999015748033,14.745179490358982,4.224899517317529,4.307524733231543,4.176150208824281,4.29801278798767,0.34271815241628545,0.33094025373369124,0.3438311367589532,0.3314461838174096,0.5854213460545195,0.5752740683654107,0.5863711595559191,0.5757136300431054,0.829456905642631,0.7958736366069821,0.8872047975733648,0.808019057507189,0.9129758,0.02951123,0.018723138,0.01132304,0.020327978,0.0041904165,0.4009426,0.06276709,0.98263025,0.080525145,0.0893769,0.095478594,0.09341605,0.038414877,0.025266161,0.002921937,0.00045332214,0.003626577,0.0058931876,0.009670872,0.015790721,0.06127404,0.15541394,0.985749
anggrek_30.jpg,anggrek,799.8913016732284,1115.0603261206522,434.05419537401576,948.4895529791061,0.5599832338272179,0.5393517577722214,0.5797946953426925,0.543589326998946,11.285125492125987,13.792795585591172,8.108452263779528,12.499596999194,5.203596467522289,5.316194939128138,5.114776060244019,5.29343452715683,0.16759428007381413,0.15900707329965716,0.17205333550071392,0.15939593005108257,0.40938280383256714,0.3987569100337412,0.41479312373846544,0.3992441985190049,0.9339819539010769,0.9083584686408376,0.9641709131615793,0.9220481322157922,0.9784357,0.051300574,0.022518074,0.02107895,0.03970292,0.060189288,0.03259195,0.18116045,0.9618393,0.09396826,0.11216843,0.105640106,0.07557026,0.05400702,0.037884045,0.17952883,0.972501,0.019837717,0.01712022,0.033244025,0.09547467,0.1523609,0.12310254,0.07047371
anggrek_31.jpg,anggrek,723.4471579724409,1337.4093248186496,962.9336245078742,1103.1366482732967,0.33289010473729974,0.1795662904224259,0.19087552093556392,0.17116831637393987,12.593934547244093,19.1247442494885,15.872231791338587,17.35290470580941,8.509456389108571,8.917112612531596,8.840225906497533,8.909463308984932,0.000894299945338172,0.0003331319825265976,0.0003593710190350069,0.0003285518382060386,0.029904848191190873,0.018251903531593564,0.018957083611014825,0.01812599895746545,0.9025097848227862,0.8192523014614754,0.8700053251423613,0.8509311316650605,0.00053114933,0.0076352716,0.014673,0.020183675,0.9986271,0.045413267,0.000398362,0.00033196833,0.019078972,0.053033073,0.042846844,0.03904722,0.057479445,0.071546145,0.050284408,0.99121726,0.0049850973,0.07947669,0.36277264,0.2979664,0.17419355,0.30864874,0.41760874,0.68794346
anggrek_32.jpg,anggrek,861.5204232283464,1257.8760617521236,753.6099286417323,1312.3629487258975,0.21349980357682324,0.17350335985857387,0.22258928706690131,0.17582503541139233,16.606176181102363,21.202864405728814,16.474224901574804,22.13677227354455,8.658675308878943,8.845454758977722,8.65136273613997,8.86490005744543,0.0015390724751176066,0.0010144356577385734,0.00177086340500806,0.0010684632938489016,0.039231014199452026,0.0318502065572356,0.04208162787972989,0.03268735678896202,0.9021516058827412,0.8569526740002195,0.9143297434411853,0.8507553195879345,0.10243456,0.36901125,0.00017630734,8.815367e-05,8.815367e-05,0.9229689,0.035702236,0.013840126,0.19785772,0.8146349,0.40320063,0.30801433,0.17465374,0.08483181,0.04116838,0.019586168,0.0030445831,0.01715115,0.012076846,0.02760422,0.059064914,0.19292508,0.5243787,0.82650286
anggrek_33.jpg,anggrek,428.8017962598425,1161.0135780271562,930.4523252952758,969.5681691363382,0.18406181509330888,0.11308422067505139,0.14609081131917637,0.13193466091839146,11.600270669291337,20.481988963977933,17.99993848425197,18.56513113026226,8.821380623911926,9.190085679347492,9.084586300357305,9.10705832106787,0.00029249686184919244,0.0001860580322313847,0.0002409921812031125,0.00022131341925279166,0.017102539631563274,0.013640309095888726,0.015523922867726202,0.014876606442760783,0.9353401008134163,0.8250925376358393,0.8605588179214815,0.8539174487887194,0.02078823,0.00039824194,0.0,7.964839e-05,0.0,0.00039824194,0.3448775,0.9384173,0.05942763,0.57232416,0.3852604,0.26593474,0.31313187,0.37350032,0.4272831,0.17216764,0.000103173305,0.0026825059,0.010833197,0.057054836,0.07583238,0.18333896,0.55435014,0.8061962
anggrek_34.jpg,anggrek,743.0247293307089,952.226610453221,346.05831692913387,918.7692975385951,0.17012641105610427,0.13703094472733962,0.19542674148941352,0.13318997178620007,14.631766732283467,17.203980407960817,10.242002952755904,16.848533697067396,8.80762203742185,8.938698679605837,8.634850556552575,8.931920111204244,0.0004386043317985075,0.0003433685954730085,0.0004958836821970519,0.0003435569522264347,0.020942882604801743,0.018530207647865376,0.02226844588643428,0.018535289375308784,0.940428144718083,0.9238311246722347,0.972361898833377,0.9265124622191201,0.053894926,0.6404645,0.705116,0.2837047,0.08773332,0.025883012,0.026443249,0.012549339,0.90467465,0.2044234,0.1801496,0.20132968,0.20263855,0.12993617,0.08388737,0.042479135,0.22464421,0.41890252,0.3348499,0.14512682,0.11413619,0.25382075,0.69010824,0.29524237
anggrek_35.jpg,anggrek,780.1238312007874,1020.3732407464815,525.0437992125984,1012.242792485585,0.254289462665734,0.19940226259210278,0.2774821121491946,0.2103705528412631,13.992556594488189,16.807613615227233,11.598917322834644,16.280488560977126,8.471181114696932,8.68171109712658,8.379732392272798,8.620889274286387,0.001520965139098247,0.0010758880095477345,0.0015503058349866702,0.0012091888527505743,0.03899955306280121,0.03280073184469722,0.039373923286696616,0.03477339288523014,0.8438049204686681,0.7965878279810374,0.8949943461953488,0.7982022461213955,0.03892459,0.007712331,0.0018146662,0.0016331995,0.89354163,0.042463187,0.05924885,0.44123608,0.0076768887,0.16831864,0.62331754,0.7420229,0.12833008,0.098539166,0.067946196,0.041134372,0.0015419552,0.015656775,0.0844517,0.13474315,0.7297006,0.60978395,0.14731602,0.22014375
anggrek_36.jpg,anggrek,421.69051427165357,565.3127906255813,444.3918553149606,541.5339450678903,0.18990471315012875,0.1860319879053596,0.18880042571932554,0.18595047420390767,9.22816190944882,10.602765205530412,9.573818897637794,10.530535061070124,6.448179179096238,6.532827222191484,6.444545674580285,6.537898386416208,0.005589454599319356,0.005224020740062066,0.005651182261837181,0.0051796915547455,0.07476265511148836,0.07227738747396772,0.07517434576926613,0.07197007402209268,0.8734088337311147,0.831383569784802,0.8665930336717038,0.8384782786006394,0.9767303,0.07228159,0.00016152312,0.0,0.0,0.0,0.17719086,0.09683311,0.992136,0.009322288,0.049438693,0.07534243,0.07992716,0.029418698,0.014136258,0.0022159538,0.0,6.357526e-05,0.00031787629,0.00025430103,0.0013986557,0.0062303753,0.03394919,0.99940306
anggrek_37.jpg,anggrek,541.2050319881889,726.6967573935149,314.3024729330709,632.1160022320046,0.1604235205298437,0.11939287270624378,0.19960196738338884,0.12823348994380274,11.644623523622046,14.681133362266724,9.219918799212598,13.506541013082028,8.876866804820834,9.081357133471666,8.71919057298804,9.031245572629786,0.00028658406926188853,0.00021597792591083976,0.0003823675249889562,0.00022603771414995248,0.016928794087645124,0.014696187461748021,0.019554220132466448,0.015034550680015432,0.9478040453406805,0.9301083042233539,0.9697007821197863,0.9392072331224477,0.21274939,0.9432398,0.25205106,0.03454598,0.0052043293,0.00484541,0.0013459473,0.016151367,0.40044257,0.10775742,0.051987283,0.036099277,0.047772095,0.0725228,0.16601343,0.8882151,0.45201433,0.7262296,0.32986784,0.12200195,0.13067508,0.2542671,0.1915315,0.16175377
anggrek_38.jpg,anggrek,674.5521653543308,916.5770971541945,387.29029281496065,916.52588505177,0.08085808694021193,0.06842939395668066,0.1334497887947357,0.06744679204714364,17.07837106299213,20.13640027280055,11.64031742125984,20.0508401016802,9.377667625988273,9.48685701647582,9.091277659334736,9.486875599758555,0.00010516824012163652,9.269843079335239e-05,0.0001474338275824989,9.294444777741929e-05,0.010255156757536011,0.009628002430065771,0.012142233220561155,0.009640770082178046,0.9166092712591171,0.8864315085067641,0.9520258334885265,0.8864293798755685,0.3414213,0.59288126,0.397989,0.041886006,0.0467799,0.08693865,0.41022375,0.4401629,0.3679223,0.39236358,0.45085964,0.44222373,0.2970427,0.17548819,0.121880375,0.42185602,0.05460363,0.22876215,0.26760554,0.27763477,0.39448336,0.44956458,0.4852241,0.45036054
anggrek_39.jpg,anggrek,750.9717027559057,896.6449872899748,302.2434178149606,804.8418996837994,0.7900859150474526,0.7848574442606975,0.8004620419277152,0.7838509943832916,7.51439468503937,8.66966333932668,4.557763287401575,8.011470022940047,2.418359471055479,2.4587338379626216,2.360488021229891,2.453771298744729,0.5943898493021595,0.5883818148689057,0.5998128356119995,0.5891406331141757,0.7709668276275962,0.7670605027433662,0.7744758457253522,0.76755497074423,0.8675657642503759,0.8427753370342882,0.9466585855217593,0.8588728000354667,0.99979997,0.01320647,0.0061885393,0.004338357,0.010463097,0.00204158,0.0070817303,0.0021691786,0.9912947,0.004909576,0.0034440309,0.0027845355,0.002857813,0.010771756,0.0837559,0.10075622,0.0008166504,0.0025180054,0.0007485962,0.006873474,0.030488282,0.029739685,0.045800477,0.99801487
anggrek_40.jpg,anggrek,414.08907480314963,566.00124000248,384.39960629921256,564.1176762353525,0.5787908488940532,0.5417566925753785,0.5653994357435378,0.5455165451400483,7.366510826771654,9.089094178188358,7.243356299212598,9.159154318308637,4.888965607674006,5.034342123346355,4.921625896438713,5.037123120353868,0.24881086645718212,0.23850572228393507,0.24605637547456732,0.2382156624936971,0.4988094490456071,0.48837047646631454,0.49604069941343254,0.4880734191632414,0.9288315011228376,0.9031904907507317,0.9339341590639834,0.9035126576843847,0.8103418,0.028347742,0.0047704936,0.005504416,0.016513247,0.0046787537,0.050090186,0.5828259,0.9583548,0.20211035,0.16279805,0.073828116,0.028496712,0.011662021,0.01692874,0.08671277,0.0,0.0,0.0037783755,0.030158306,0.03221924,0.020609321,0.040806454,0.997972
anggrek_41.jpg,anggrek,1004.8037032480314,1139.8084196168393,765.8491018700788,1321.8138136276275,0.558596923805951,0.5371716165198229,0.5629468877344653,0.5369788641881484,12.70060285433071,13.905387810775622,10.863373523622048,14.997643995287993,5.010399101017658,5.117492494379966,5.021163351256293,5.13099405835957,0.22271185295544418,0.21571180088234065,0.22089078473811247,0.21560089719472636,0.47192356685743525,0.4644478451692296,0.46999019642766215,0.4643284367715662,0.893309999755648,0.8796027917050342,0.9186953006814423,0.8603763939056359,0.8988735,0.053730134,0.038453918,0.021492053,0.13674846,0.106933504,0.38769978,0.0821755,0.98819745,0.016274445,0.0232138,0.037836015,0.06328032,0.08162005,0.08434623,0.058736697,0.007291951,0.009884645,0.026413068,0.046911553,0.06522245,0.114807725,0.06967864,0.9872492
anggrek_42.jpg,anggrek,1578.482714074803,1949.9802839605682,813.8137918307089,1899.7027714055425,0.23853870853388248,0.15785678560548433,0.20725310994201598,0.15761952327427137,22.263471948818896,25.600719201438405,15.804933562992128,25.1255502511005,8.903993729749718,9.112862999290828,8.856452765299117,9.098185013009545,0.0007815936042028333,0.00038988694754623065,0.000552489447264051,0.00037958114232305084,0.027956995621898167,0.01974555513390876,0.0235050940705212,0.01948284225473919,0.7732286134603359,0.7201278533062492,0.8826275305037562,0.7273407143906891,0.018132996,0.0048483945,0.006399881,0.0029090368,0.7902883,0.098519385,0.6007161,0.066907845,0.0485878,0.12828767,0.17025588,0.23195048,0.55657524,0.73768723,0.12921442,0.16654892,0.05361901,0.03367608,0.063530765,0.13088292,0.18581554,0.14915399,0.7709673,0.56891084
anggrek_43.jpg,anggrek,1071.3113927165355,1303.8849277698553,397.36644931102376,1222.5542811085625,0.07081698643042855,0.06052489021505802,0.10766494207533256,0.06122877662810378,20.85519192913386,23.316758633517264,12.357837106299215,22.687209374418753,9.506196721537894,9.574407425971396,9.169060532372722,9.557742523049226,9.059722709289168e-05,8.362271049050743e-05,0.0001311902037866576,8.550820003245811e-05,0.009518257566009216,0.009144545395508047,0.011453829219377142,0.009247064400795427,0.8706030909959761,0.842312870375351,0.9522073199137955,0.8521319395186687,0.0,0.0012214987,0.0005428883,0.02877308,0.9959965,0.08462271,0.00061074935,6.786104e-05,0.0040215687,0.048482247,0.101879746,0.14220715,0.20040818,0.20163698,0.21515393,0.9164708,0.0,0.021586403,0.04843778,0.101508744,0.16363546,0.19659422,0.27325228,0.92021257
anggrek_44.jpg,anggrek,416.00203001968504,617.8281976563953,494.46542814960645,685.5942091884184,0.5689227488931394,0.5479745356946496,0.5687663412902786,0.5533063394184247,8.96339812992126,11.516089032178066,9.96370570866142,11.726889453778908,4.777733595359251,4.89179639591845,4.797013971846798,4.8781061573470765,0.23605532672491125,0.22698981141033764,0.23426221419093235,0.22841395183689372,0.4858552528530604,0.47643447756258955,0.4840064195761585,0.47792672224609256,0.9006889294519218,0.8532354133884685,0.8820642684003895,0.8371376523821945,0.8711511,0.067497656,0.05616447,0.024872838,0.023970194,0.014943761,0.46706775,0.11754421,0.9674526,0.20275192,0.1456089,0.034455128,0.0193863,0.011851887,0.004571442,0.00093121966,0.0,0.0,0.00022311913,0.005503605,0.009891614,0.03473221,0.18637884,0.9817985
anggrek_45.jpg,anggrek,789.2950295275592,943.1246822493646,459.39025590551194,913.5776551553101,0.6457426655120228,0.6230838584794809,0.6415810334994391,0.6196270195986565,9.913877952755907,11.575795151590302,8.52251476377953,11.648955297910595,4.125507610025711,4.2340307987348265,4.130089884966246,4.2444632215746845,0.34848476374198856,0.3361673746721539,0.34753319579881364,0.3355075686529324,0.5903259809139257,0.5797994262433811,0.5895194617642522,0.5792301517125402,0.8300734192313853,0.7978959781549013,0.9010325871754944,0.8042276680381863,0.9702708,0.03252435,0.006551668,0.0074096243,0.0137273045,0.001871905,0.0063956757,0.23913588,0.9791031,0.1819242,0.08750784,0.01675513,0.008814311,0.010402475,0.008258453,0.008258453,0.0029890577,0.001850369,0.0023485452,0.0043412503,0.009963525,0.024410637,0.12881415,0.9912996
anggrek_46.jpg,anggrek,855.3792445866142,998.1971603943209,511.7514763779528,1196.5058590117183,0.13145228517932295,0.10678010587879533,0.1647057751118567,0.10356104947234446,17.092089074803148,19.083638167276334,13.132874015748035,20.644987289974583,9.198948904813589,9.292614602952085,9.028171046317748,9.340508826553434,0.0001545026893764725,0.00013625689102701909,0.0002050121287742576,0.00012777507109977332,0.012429911076772533,0.011672912705362748,0.014318244612181258,0.01130376358120486,0.8561764615942081,0.8326715581668576,0.914042100309111,0.7994472798271542,0.12847023,0.93320996,0.02425343,0.00036471323,0.0,0.0,0.32413888,0.08342815,0.04796461,0.6282229,0.47425365,0.2130026,0.17028856,0.1431843,0.13268317,0.5154067,0.025899243,0.11647807,0.564165,0.63254446,0.41589525,0.2518667,0.15498435,0.08331608
anggrek_47.jpg,anggrek,1070.5598548228345,1430.8991257982516,767.1341043307089,1297.496496992994,0.11134720969633152,0.07558133261578417,0.11390397734962306,0.07976977552107234,20.18879183070866,24.507905015810024,17.593873031496067,23.18947237894476,9.346071541194528,9.491562586700983,9.287523906599498,9.459319297039446,0.00012569367179749984,9.920250480962238e-05,0.00013189973889713406,0.00010203362213408041,0.011211318914271408,0.009960045422066226,0.01148476115977751,0.010101169344886779,0.8301526983598326,0.7723988673060147,0.8777677005037231,0.793638938329525,0.15498506,0.6190701,0.040317386,0.00029005314,0.0,0.0004834219,9.668438e-05,0.7688342,0.012067866,0.045184333,0.104681715,0.20010205,0.41634136,0.46601605,0.53547645,0.51919883,0.15491232,0.1561309,0.22208668,0.40898678,0.5916219,0.483168,0.37532344,0.1034272
anggrek_48.jpg,anggrek,737.5439837598426,880.2950585901172,505.9463582677166,991.2218364436729,0.13622429530162392,0.10932578788477232,0.17561897043201294,0.10589488019053574,16.567728838582678,18.495690991381988,13.321850393700787,19.565689131378267,8.899003805228997,8.982687432494687,8.692201448598562,9.007038401076489,0.0002745692747244869,0.00022945312181156944,0.000398809818615731,0.00022315278061022986,0.016570132006851573,0.015147710117756065,0.019970223299095355,0.014938299120389506,0.8443598704888584,0.8140212550176916,0.8928632665802794,0.7905982864086746,0.19873725,0.75354135,0.017578725,0.0017578725,0.0,0.0,0.0020508512,0.62638855,0.07095784,0.89073503,0.339278,0.1735168,0.18023059,0.13253951,0.06725368,0.042019077,0.0,9.485616e-05,0.0015176985,0.011477595,0.025990587,0.24975626,0.37155157,0.8937347
anggrek_49.jpg,anggrek,703.911909448819,911.4974889949781,477.07209645669303,921.4034348068694,0.09795128332817161,0.08758018849896629,0.1284123518078065,0.0790797239449607,16.86675688976378,19.550189100378205,13.13275098425197,19.71740343480687,9.275188609964218,9.371565684439048,9.086724572132109,9.391186132264734,0.00014871288287498455,0.00013641833967281304,0.00019168232916543966,0.0001233217792866238,0.012194789168943617,0.011679826183330513,0.013844938756290677,0.011105033961525007,0.9016424543389574,0.8723194654947185,0.9333339153014963,0.8709411504066129,0.16528156,0.34583226,0.66380507,0.077283196,0.061210435,0.07045227,0.5913437,0.21925926,0.10072162,0.054724954,0.094764225,0.13965254,0.27930507,0.43641418,0.50443935,0.65988594,0.43756002,0.45115963,0.36798054,0.30915424,0.19260864,0.18881339,0.5387665,0.10484362
anggrek_50.jpg,anggrek,487.6022391732283,678.8852997705997,266.29152312992125,589.0939301878605,0.17100936963053542,0.12174242153475075,0.2087169567612462,0.1298813482766704,11.359251968503937,14.410006820013642,8.786232775590552,13.291090582181166,8.867638452455218,9.08771226270615,8.71187549419756,9.028899870008036,0.0002703877478067456,0.00019480893323495373,0.000347272972377976,0.00021356196224699473,0.016443471282145555,0.013957397079504249,0.018635261532320282,0.014613759346827727,0.954062644948479,0.9362208437525087,0.9749237228326232,0.9446579986005402,0.19914566,0.9525422,0.2285192,0.021418212,0.009004391,0.0064691743,0.0010490553,0.014162246,0.4191612,0.1215579,0.058758758,0.04282809,0.06418442,0.10528091,0.2186426,0.86094856,0.45002633,0.7306616,0.324498,0.12134407,0.13519548,0.2530767,0.18684967,0.16232114
anggrek_51.jpg,anggrek,815.1018700787404,846.0328600657199,282.0401082677165,1035.6064232128465,0.13965454158639093,0.10728320002269215,0.18347022233358978,0.09929023533405737,16.172244094488192,17.122078244156487,9.571604330708661,18.705933411866827,8.988245992140424,9.090913516671694,8.675511229132892,9.129834621243155,0.0002551866675998978,0.00019826854707339514,0.0003454111522480858,0.00017788949955728668,0.01597456314269338,0.014080786450812864,0.01858524017192368,0.013337522242054057,0.8489617523791232,0.8437331663341548,0.9476871420093113,0.8087172162156008,0.0,0.00018798921,0.5370852,0.048783198,0.83345014,0.12050108,0.0,0.0,0.0,0.0,0.015709985,0.6055485,0.3175754,0.27758634,0.31329086,0.5974988,0.008244239,0.099818714,0.75644064,0.079652034,0.11656086,0.18644664,0.32089117,0.5100013
anggrek_52.jpg,anggrek,735.4234744094488,847.8980717961438,417.82584891732284,816.0169260338521,0.13507356846316762,0.10016000678534112,0.21458857724650637,0.09682361108874696,15.75738188976378,17.440634881269762,10.659633366141733,17.089280178560358,9.079689767312692,9.162044710864603,8.698511492543364,9.160804764505635,0.00018783002653895934,0.00015265161660585582,0.0002841678656990127,0.00014831748926936382,0.013705109504814595,0.012355226287116551,0.016857279308922085,0.012178566798657543,0.8531314883269555,0.8307045667347991,0.9166681846057728,0.837047305783904,0.74238265,0.24367045,0.07984893,0.109964095,0.14132886,0.07010211,0.58330953,0.076724954,0.439242,0.3865396,0.254368,0.25054416,0.45038098,0.44339833,0.30457658,0.19484921,0.0,0.08548119,0.2372312,0.5947486,0.56133574,0.27774426,0.4249,0.09954243
anggrek_53.jpg,anggrek,881.7282234251968,1089.2575485150971,669.2121678149608,1162.203360406721,0.1326453643119554,0.11475621350350766,0.19876561309920385,0.10468522143482457,18.087598425196852,20.159030318060637,14.763348917322839,21.311426622853247,9.20268749624565,9.283420087497475,8.988767081350659,9.32548626799672,0.0003368967309223681,0.00028772647290474073,0.0005054993020142291,0.0002813742374958245,0.01835474682261698,0.016962501964767483,0.02248331163361459,0.016774213468768798,0.9099790598495788,0.8885728956217713,0.9319419089347942,0.8811071533980224,0.8392205,0.47645348,0.09432839,0.18306197,0.12219051,0.003244986,0.008615998,0.10618937,0.28957418,0.6915615,0.4986958,0.3552863,0.21711175,0.100703485,0.04063957,0.063507944,0.53022504,0.18737029,0.29551908,0.35682532,0.36257792,0.3504153,0.4250347,0.18490489
anggrek_54.jpg,anggrek,534.2798351377953,646.9077438154875,281.47637795275597,704.765949531899,0.17235417068218678,0.13916219784286332,0.25301131539064264,0.13858587999123648,11.613988681102363,13.147436294872588,7.920398622047245,13.463822927645854,8.821673154649098,8.930550633839909,8.478396673551487,8.930587950264044,0.00023969988125523123,0.00020137451149724044,0.0003513012397118545,0.00020293133772453914,0.015482244063934376,0.014190648734192544,0.01874303176414783,0.014245397071494326,0.9151342782252115,0.8971492902273436,0.9554206696606017,0.8879626249713449,0.17333664,0.98205894,0.0063967616,0.0006240743,0.0014821765,0.044621315,0.011779402,0.057804883,0.6921008,0.3360256,0.3010553,0.3420871,0.27292365,0.18293345,0.16195127,0.2573813,0.022860626,0.19987601,0.41535285,0.56904423,0.45365986,0.34692544,0.27293733,0.2500767
anggrek_55.jpg,anggrek,731.0294045275591,859.2630045260089,491.3791215551182,806.3201066402132,0.2924855882046284,0.2586593113568304,0.4484772999808991,0.24875007161459317,11.030511811023624,12.183954367908735,8.69359005905512,12.279062558125116,7.650035318197026,7.750301114303996,7.2803732514433275,7.792892146475388,0.0015803655264537096,0.0013381767107014896,0.003719309257466172,0.0012872511949996305,0.03975381147077233,0.03658109772411825,0.06098613988002661,0.03587828305534743,0.8526585049490617,0.8278956927684028,0.9013413895957983,0.8384993552561342,0.0017330053,0.0017330053,0.00090116274,0.00013864042,0.00027728084,0.9903085,0.13884838,0.0018023255,0.008375182,0.037558805,0.07261369,0.13667952,0.97782403,0.12882239,0.04118517,0.011569839,0.21227647,0.9570148,0.14469819,0.06718482,0.05616769,0.048003208,0.053806875,0.072496645
anggrek_56.jpg,anggrek,545.3604207677167,626.953251906504,225.3291707677166,696.5123690247381,0.16845752069501058,0.14962751805004781,0.2597186438521735,0.152753787034455,12.538201279527561,13.772893545787092,7.861158956692916,14.424576849153702,8.600079431993045,8.700692167912603,8.246936455493739,8.691963551841786,0.0011665173476831333,0.0011076491865923159,0.001744220834633076,0.0010878851815363747,0.03415431667715127,0.0332813639533045,0.041763869967150744,0.032983104486030035,0.9010865127496841,0.8859262972310792,0.9591016357145534,0.8732745702437096,0.78517073,0.010425334,0.0056215036,0.002044183,0.0029640654,0.032911345,0.28874084,0.54671675,0.3171484,0.3664319,0.34102958,0.33235934,0.45708916,0.56691223,0.08624611,0.024945965,0.0059729866,0.008544689,0.007963982,0.012526681,0.026297733,0.0840366,0.24970402,0.9641396
anggrek_57.jpg,anggrek,842.9904650590553,1013.8312976625955,407.08913631889766,1068.303428606857,0.08819772672002052,0.06749407615996436,0.13473552076617845,0.07280249836076047,18.29386072834646,20.596379192758384,11.795583169291337,20.846549693099384,9.361802519063943,9.450612069967905,9.060835373445485,9.454085786076732,0.00011071207445149267,9.733815735224007e-05,0.00015402966596948819,9.668467473831218e-05,0.010521980538448675,0.00986601020434502,0.012410868864406238,0.009832836556066218,0.8780776706401493,0.8535110706712962,0.9411751526774232,0.8456510003505707,0.026681269,0.23510775,0.5575157,0.07915071,0.048785415,0.039407898,0.7873765,0.055037092,0.18275769,0.3183468,0.46034557,0.4181075,0.41169783,0.4181075,0.3349462,0.14840844,0.0002897239,0.054757815,0.14674515,0.40242648,0.4842735,0.5659756,0.34882757,0.37012225
anggrek_58.jpg,anggrek,1776.3740772637793,2157.538347076694,1234.2803272637793,2024.3033046066096,0.39216899012728956,0.3783393658761225,0.3986231317697303,0.3813614606316221,22.622354822834644,25.614979229958465,18.472625492125985,24.60164920329841,6.6457592177342075,6.731160867223079,6.595605561414088,6.714352089344291,0.12038623186133089,0.11486523376047558,0.11977009995279757,0.11588988104506062,0.346967191332741,0.33891773892860133,0.34607817029220084,0.34042602874201705,0.8616131151605473,0.8320420363568919,0.9039542792608594,0.8424146364572777,0.5792766,0.03228437,0.01667541,0.010567557,0.021910714,0.043530576,0.8093391,0.07484545,0.8926636,0.06973935,0.08938765,0.110976525,0.16131014,0.26197737,0.2385692,0.162523,0.000105594125,0.015944714,0.051846717,0.13157028,0.16155902,0.19281487,0.25289792,0.92331505
anggrek_59.jpg,anggrek,738.019562007874,1499.9009238018475,1264.0674212598424,1362.409882819766,0.1149472982929588,0.07710972735437326,0.08863836979403106,0.0833004555071665,14.130536417322833,21.62155124310248,19.38705708661417,20.628619257238515,8.986952469091442,9.274884511312496,9.1942905083404,9.263984315095493,0.0001846910432102114,0.00013018142472517814,0.00014580662706247286,0.00013062540850111154,0.013590108285448332,0.011409707477634042,0.012075041493198806,0.01142914732169953,0.9051909724738527,0.8073885033813524,0.8378631745130637,0.8250506874935722,0.14103332,0.25713894,0.001054634,0.00086288236,0.013806118,0.06375742,0.15148379,0.9416923,0.044597186,0.22732365,0.27720743,0.20441505,0.12376057,0.091905445,0.52445745,0.72724587,0.018334765,0.020675372,0.052403618,0.63118404,0.6099885,0.3598035,0.2362714,0.20181245
anggrek_60.jpg,anggrek,1069.6200172244098,1647.0056420112842,1133.7237327755906,1313.5465310930622,0.1374592407544643,0.09650856786766612,0.1189403738411807,0.08514983617361611,17.095903051181104,22.76979353958708,18.5334030511811,20.813937627875255,9.11730530738816,9.354424400707645,9.235555352750513,9.352369181806953,0.00015668994961036802,0.00011580288521107764,0.00013653915247283617,0.00011399235396895991,0.012517585614261563,0.01076117489919561,0.011684996896569386,0.010676720187817975,0.8735443678726164,0.805011141071228,0.8662188660971643,0.8444916456623844,0.0026860777,0.7880156,0.25328717,0.0032829838,0.0048747337,0.5608928,0.015221107,0.0016912341,0.0042753555,0.010917425,0.013894905,0.026033862,0.04649449,0.06313784,0.09413417,0.9919588,0.004607573,0.037148558,0.17436785,0.2537045,0.43757546,0.5439816,0.50121754,0.40647435
anggrek_61.jpg,anggrek,1804.8433809055118,2255.077066154133,1099.416338582677,2135.8841837683676,0.07896356866987508,0.061579865316461646,0.09409557749061778,0.06314743478868425,27.29392224409449,31.572943145886295,21.316929133858267,30.196416392832788,9.454097234051925,9.555093542458598,9.333741753615447,9.530853042166726,0.00013288741177091727,0.00010978700114756544,0.00015764356479884832,0.00010879716718823359,0.011527680242395573,0.01047792923948074,0.012555618853678552,0.010430588055725026,0.8146754009304816,0.7690254874018507,0.8869658243595843,0.7812380949245902,0.17605115,0.9253946,0.041613873,0.0058748997,0.0054832394,0.014295589,0.30666974,0.12885612,0.10107702,0.19824843,0.28651506,0.45461226,0.57396746,0.46398568,0.26542482,0.21574554,0.7998203,0.3027788,0.24599878,0.24311654,0.21890576,0.18547183,0.1873453,0.1776898
anggrek_62.jpg,anggrek,1703.5924581692916,2079.487320974642,765.3705093503938,2027.0970301940606,0.06276502842582382,0.0540684744302713,0.11164633165988987,0.051828399027191205,27.2804502952756,30.8735197470395,16.6976500984252,30.309132618265238,9.584525882828016,9.661787074718514,9.288585210120388,9.645121410024593,8.87543278992808e-05,8.025150900571503e-05,0.00012924323944351018,8.10491421962446e-05,0.009420951538951934,0.008958320657674351,0.01136851966807949,0.009002729708052142,0.79127539717383,0.7449298978179075,0.9059406148535062,0.7513841462739476,0.47791815,0.80732995,0.23522533,0.030833429,0.07009787,0.012164751,0.15055385,0.18921608,0.1245749,0.19732442,0.2153386,0.36097622,0.7000583,0.51354235,0.11459783,0.043926857,0.11240323,0.5606691,0.5696494,0.40306512,0.22181302,0.12572399,0.14069113,0.31820142
anggrek_63.jpg,anggrek,1904.5305118110236,2242.4149048298095,1078.76156496063,2048.3085126170254,0.1096649412432702,0.08491214032553324,0.12315472420838437,0.0792879445036308,26.412770669291337,29.30956661913324,19.310531496062996,28.271560543121087,9.449233736066208,9.523329225893727,9.276361881600828,9.534611554426874,0.0001225433359069843,0.00010415359661396985,0.00014250492368172242,0.00010102264609018028,0.011069929354200246,0.010205566942309958,0.011937542614865189,0.01005100224306911,0.7251971289924128,0.6765442535284482,0.8448343978997715,0.7045233531544269,0.09145814,0.019642714,0.00041571882,0.0,0.00051964854,0.22854142,0.75598466,0.606222,0.04346015,0.3772563,0.6500972,0.44945848,0.4194668,0.2204943,0.05845598,0.05623438,0.0048477687,0.021225365,0.05607689,0.17609192,0.33606827,0.58029103,0.6330924,0.33895075
anggrek_64.jpg,anggrek,1400.2120447834645,1568.5117490234984,874.1876845472441,1487.1923863847728,0.5489421434126129,0.525254595793028,0.5695448467775209,0.5226510345235854,17.0324187992126,18.267096534193072,12.949618602362206,17.86235972471945,5.852719621198046,5.976999567312639,5.757422787227515,5.989985371656534,0.05866470540314127,0.05301990825942096,0.06020322917110678,0.052490589264147104,0.2422079796438203,0.2302605225813165,0.245363463398907,0.22910824791819936,0.8213469965585829,0.8008857162373618,0.8884477721813724,0.811208779904513,0.90603167,0.052979507,0.016231243,0.037842505,0.023161437,0.02024346,0.021337703,0.41617638,0.9859056,0.04958901,0.06695381,0.07256929,0.076543316,0.07766642,0.052439947,0.033779275,0.0007172054,0.004542301,0.011873734,0.020878647,0.05323258,0.09044757,0.13961598,0.9843246
anggrek_65.jpg,anggrek,861.618909940945,1112.5717031434065,401.3305856299212,1034.206708413417,0.3630869890070034,0.3485127963364323,0.41504344625230183,0.34979546195744327,13.573265255905511,15.626077252154507,8.796998031496061,15.072602145204293,6.905493681231515,6.983061001686733,6.680448971571369,6.950827384647801,0.08144424308868146,0.07896758672803106,0.08474007341081086,0.07921302326577619,0.28538437779367226,0.2810117199122326,0.29110148301032557,0.2814480827182452,0.9522664794527518,0.9383357089404909,0.9777421741285535,0.94267942540317,0.7282388,0.39344174,0.046799593,0.01056765,0.1384246,0.5406921,0.02821911,0.016257923,0.9928893,0.052216373,0.029104209,0.019376867,0.031983502,0.03618571,0.029415483,0.083810784,0.81528115,0.041107662,0.033610824,0.051478285,0.21340999,0.27425933,0.40420452,0.21378483
anggrek_66.jpg,anggrek,605.4542322834646,707.532767065534,454.97563976377967,750.6802653605306,0.2833640521202863,0.2149256546446111,0.30633784039229445,0.20953122535123553,10.280634842519687,11.70562341124682,8.936761811023624,12.199020398040796,8.176900996540997,8.35208169252586,8.097135832172158,8.406856925413695,0.0005564268941037885,0.00040697743990813156,0.0006259991768030412,0.0003904673938680134,0.02358870267954108,0.020173681862965212,0.02501997555560439,0.019760247818992892,0.8550065577830757,0.830310470009954,0.8907214380719742,0.8199720283377094,0.2209583,0.58287036,0.38783297,0.0246599,0.24912104,0.043435052,0.60192573,0.18480915,0.3804234,0.5806873,0.44276235,0.38852745,0.3120064,0.2036925,0.15553567,0.08976808,0.35472435,0.6509689,0.5325507,0.37342197,0.14242017,0.07651438,0.033947453,0.008089041
anggrek_67.jpg,anggrek,728.2354207677166,1325.3732407464818,802.2958907480316,1027.1023002046004,0.1383117649423498,0.0941115200231524,0.11672853694450586,0.08834128382415422,14.988496555118113,21.182900365800734,16.574803149606304,19.23808047616095,9.11417606672799,9.358955280123183,9.225038288964857,9.347704897145507,0.0001584004022500233,0.00011577213308806928,0.00014085312594453318,0.00011518976475859824,0.01258572215846287,0.010759745958342571,0.011868155962260235,0.010732649475250659,0.9105511507814353,0.8369578079536085,0.9016189879407203,0.873647245786556,0.0019111793,0.7800629,0.26877216,0.005029419,0.010360603,0.56470317,0.015289434,0.0019111793,0.006029191,0.015997453,0.019936524,0.029904786,0.05715673,0.07805792,0.12315627,0.98685795,0.0035894855,0.034746222,0.17775133,0.26619625,0.4521316,0.55191934,0.5112863,0.35478476
anggrek_68.jpg,anggrek,1107.470287893701,1226.5063550127102,620.6333661417324,1322.6244652489306,0.09210172140798857,0.07604762697796284,0.12360418364591937,0.07199240503927476,19.504244586614178,21.15450430900862,14.449926181102365,22.091388182776367,9.263473128626362,9.345100302030335,9.079393335267465,9.37323534291735,0.0001357955596770569,0.00011953542414121842,0.0001778208512471713,0.00011606043424127272,0.011653135186594932,0.010933225696985242,0.013334948490608102,0.010773134838164456,0.8484780732548899,0.8324999318038957,0.9154345778842209,0.8193778892949243,0.008445479,0.018623365,0.00866203,0.010971905,0.98942035,0.14292349,0.0019489567,0.0016602224,0.07118587,0.19385566,0.27453297,0.5454707,0.6134928,0.42553332,0.12137551,0.110733576,0.026735667,0.551686,0.486499,0.26825786,0.14254016,0.17152883,0.35417247,0.45946294
anggrek_69.jpg,anggrek,448.7962598425197,692.742141484283,458.8001968503937,686.512121024242,0.5905138953861444,0.5481365229626789,0.575110566352731,0.5471631832858037,8.16609251968504,11.031806063612127,8.769192913385826,11.034286068572136,4.8471556787914585,5.002235730470047,4.883271570305814,5.011164327119042,0.21704208654999338,0.20543541198682624,0.21622462074269852,0.20511014485975887,0.4658777592351811,0.45324983396227103,0.4649995921962712,0.4528908752224523,0.9270167494071673,0.8879234092599376,0.9253975810753643,0.8889313448417201,0.90207815,0.07605415,0.023196002,0.042389154,0.031099064,0.012419098,0.2834839,0.310888,0.97826993,0.05298962,0.16678144,0.09077869,0.055707037,0.01970127,0.025051184,0.0020380623,0.0,0.0018262204,0.004067491,0.011455382,0.03619237,0.14983308,0.1864405,0.9702211
anggrek_70.jpg,anggrek,697.1804256889764,756.3525327050655,347.30862450787396,970.3945067890135,0.15278016185040563,0.14242421880933842,0.22091666545249974,0.12769000783692855,14.012856791338582,14.80637361274723,9.40458907480315,16.924855849711697,8.813378259629257,8.877156352657211,8.503491087762669,8.936081656238972,0.0002866048822917958,0.0002576297545179876,0.00045049424815646506,0.0002475987963941951,0.016929408799240327,0.01605084902794826,0.021224849779361576,0.015735272364792264,0.9036034229482696,0.8954521476204886,0.9519201761326255,0.865880374667358,0.056076124,0.18826456,0.6482148,0.48351482,0.005418592,0.0066787293,0.5364406,0.1400013,0.6901464,0.54925233,0.23517063,0.10052698,0.054300196,0.060680795,0.060941227,0.38244528,0.0,0.0011958178,0.0075010387,0.032613214,0.081859164,0.37189934,0.7590182,0.5270295
anggrek_71.jpg,anggrek,495.6437007874016,1026.0781201562402,874.5911663385828,996.6596193192386,0.248876971522448,0.1374991274229858,0.18490671844141143,0.1420650011815646,11.313484251968504,18.82112964225928,16.743848425196852,18.663587327174653,8.07251283154594,8.479008220018454,8.34705215589707,8.473873025020108,0.004741138205420943,0.0022097918211584446,0.0032796983318576015,0.002290435419732517,0.06885592353182798,0.047008422874613064,0.0572686505154225,0.047858493705219315,0.9338829998347721,0.8631258241295934,0.8833154469733251,0.8670492464677465,0.49001688,0.061428763,0.037592143,0.0067835446,0.015357191,0.020162202,0.8671631,0.045129415,0.7590006,0.038556077,0.039479576,0.078612834,0.14487387,0.60004336,0.17465672,0.056102555,0.0,0.0009109508,0.024292022,0.03757672,0.048052657,0.0561753,0.08403521,0.9927087
anggrek_72.jpg,anggrek,507.0763410433071,796.743691487383,525.0048597440945,733.7273234546467,0.21466165805509196,0.18877406366129668,0.23084140619683027,0.19112080513691254,12.249323326771654,15.38216876433753,11.579785925196852,14.584041168082337,8.443964818249178,8.587063294568939,8.379129708318981,8.577779114291573,0.0035741364817690577,0.0032926990027828396,0.0039014062403124813,0.003158531334112702,0.059784082177190424,0.057382044254129176,0.06246123790249823,0.056200812575199495,0.9632394484966534,0.9421571056438305,0.962064250447345,0.9467317099549921,0.7140729,0.50317323,0.26106903,0.05299392,0.30128524,0.26295206,0.04438577,0.063754104,0.9254926,0.27893102,0.077304035,0.022380186,0.026999949,0.054410543,0.07227363,0.22421251,0.47380024,0.082279995,0.10215972,0.039207246,0.10906241,0.51369774,0.6079884,0.33367574
anggrek_73.jpg,anggrek,1395.3606668307089,1768.3344286688575,695.1856545275592,1672.1099262198522,0.06735570303380654,0.05049122088315926,0.11935500455176379,0.05036551323657503,24.902251476377952,28.90197780395561,17.02091535433071,28.48589497178994,9.550818119070605,9.650369122453272,9.331428309182018,9.65637732653254,9.523096438771001e-05,8.050329201284604e-05,0.00012875129510024649,7.97940711759655e-05,0.009758635375282243,0.008972362677291085,0.011346862786702168,0.008932752721080187,0.8344675971787466,0.7905102675505667,0.9174955431966033,0.8019122511465888,0.5472215,0.12469395,0.09032854,0.015989464,0.014080274,0.02601271,0.6901721,0.44651175,0.08680354,0.2917994,0.6315216,0.6257089,0.3194422,0.11767563,0.030484578,0.012917194,0.41392273,0.5983764,0.30820698,0.15778942,0.1687688,0.28938517,0.4543896,0.17896394
anggrek_74.jpg,anggrek,1350.167937992126,1593.695083390167,640.2694389763781,1639.0916361832724,0.08966623002572832,0.07385069268567446,0.12105614575302137,0.07544281535706018,21.775344488188978,24.32153264306529,14.974040354330711,24.371070742141484,9.42602101165174,9.505627899800892,9.21015038740039,9.49990380527413,0.00011255497364510351,9.922172488650267e-05,0.00014301011268038166,9.935049940160022e-05,0.010609192883773181,0.009961010234233406,0.011958683568034638,0.009967472066757962,0.8601570903453838,0.8347840187793432,0.9337173818735437,0.8300753727168814,0.13399135,0.06354639,0.100559846,0.3664199,0.21902943,0.05359654,0.52230096,0.7141341,0.19025956,0.65200734,0.5998621,0.38923132,0.14503287,0.070082135,0.02946781,0.023189886,0.15127406,0.3900882,0.1942154,0.22932184,0.28356352,0.39219758,0.6947457,0.1331935
anggrek_75.jpg,anggrek,971.208599901575,1254.9378138756279,424.29084645669286,1147.1980903961805,0.08123792476246644,0.06511310564912164,0.11905493541990889,0.06939091978490142,19.613988681102366,22.725649451298906,12.81446850393701,21.839047678095355,9.312482907508425,9.407320646927136,9.040233115909416,9.388153011583753,0.0001335515366343233,0.00011440942963726093,0.00018833143135036268,0.00011794400177553527,0.011556450001376863,0.010696234367162162,0.013723389936541288,0.010860202658124537,0.8960034573806738,0.8657453070752598,0.954559405913175,0.8772688488143658,0.19966659,0.6825279,0.2944939,0.21125184,0.095828526,0.042908292,0.3123724,0.5043155,0.89434093,0.18801056,0.17995118,0.21042575,0.16358052,0.13486893,0.1293281,0.16269903,0.00971823,0.10676555,0.17654784,0.16048577,0.21299121,0.4918504,0.7384505,0.3146277
anggrek_76.jpg,anggrek,515.0837844488191,770.746791493583,513.880967027559,926.705499410999,0.5396057006081145,0.5002214647097183,0.5361355989204193,0.5003205848026374,8.915846456692915,11.770661541323083,8.863127460629922,12.568107136214273,5.553762894395799,5.7057519076890255,5.5606919184845935,5.718680830786219,0.1527320341017636,0.14887041244105423,0.15580606185626436,0.147923293180581,0.39080946009758205,0.3858372875203409,0.3947227658195868,0.38460797337104313,0.966006792551868,0.9491555580318277,0.9659538454930512,0.93886745544981,0.89248115,0.44122043,0.009856072,0.018054113,0.055359807,0.07138744,0.009579734,0.011237765,0.9847174,0.14552838,0.03800318,0.018139748,0.0425176,0.053352196,0.011655403,0.050889786,0.94068575,0.009697791,0.019692454,0.07876982,0.20533589,0.20256509,0.15872711,0.0058384663
anggrek_77.jpg,anggrek,945.5673597440946,1315.486948973898,597.1728592519685,1172.5733151466304,0.47217506385277935,0.44695632789134176,0.491912888124985,0.45388846653814846,13.754736712598426,16.943331886663778,10.400467519685039,15.494264988529977,5.819798612608771,5.956750994360226,5.743607183939818,5.927088398796418,0.15150141640615314,0.14246995193723788,0.15217483712555316,0.1431331945062055,0.389231828613942,0.3774519200338473,0.39009593323380487,0.3783294787697696,0.9101953926163906,0.8755109893666561,0.943279536713212,0.8890353933108,0.8179103,0.08750204,0.039631967,0.037405454,0.044418976,0.013470416,0.46667755,0.31694442,0.95789146,0.03899431,0.038056947,0.043493655,0.052679814,0.066646524,0.08764346,0.25036973,0.0023546598,0.013034724,0.013287009,0.022957934,0.037422273,0.111005396,0.20687369,0.9708767
anggrek_78.jpg,anggrek,421.8395054133858,679.0593961187922,474.71407480314963,686.2098704197408,0.3802110796303111,0.3465143301617229,0.3715708879429619,0.3475015165065716,9.91197096456693,12.843015686031372,10.203494094488189,12.843139686279372,6.765431406659356,6.960940189553151,6.806657957999329,6.948343135075536,0.07673793643485721,0.07016908143804504,0.07400117436953621,0.07019125756274947,0.2770161302791901,0.26489447226781654,0.27203156870028194,0.26493632737461553,0.9279810194755893,0.8842343960334559,0.9190914881684751,0.8830153878276527,0.5694498,0.04122808,0.027415626,0.019672282,0.028566664,0.007638705,0.78532165,0.23512562,0.83386517,0.15456378,0.3571852,0.3547056,0.15905075,0.03577756,0.023379397,0.016058575,0.00023242357,0.0020143376,0.0068177576,0.010536535,0.026341338,0.054929435,0.18834056,0.98013014
anggrek_79.jpg,anggrek,1449.1865157480315,1637.3221526443053,1300.4841289370083,1748.6181412362826,0.13799974294143336,0.12284441938882416,0.20746488974724014,0.11332087946275833,22.269069881889763,24.072726145452293,19.67249015748032,25.517391034782072,9.20470048217131,9.267913225863126,9.00699199002972,9.33331382999571,0.0005208006631833576,0.00046105889223372465,0.0007297653755463763,0.0004341046564168893,0.022821057451033192,0.02147228195217557,0.02701416990296715,0.02083517833897491,0.854582598766796,0.8353869087081851,0.869899563631396,0.8241929532746755,0.7994041,0.52421653,0.105564125,0.1990372,0.11881777,0.0037203215,0.008486983,0.14555758,0.30001056,0.7088892,0.4512624,0.34571853,0.26122802,0.106651954,0.039752092,0.05581914,0.5352023,0.1884097,0.29432827,0.36362082,0.3471226,0.36147606,0.40701115,0.20589781
anggrek_80.jpg,anggrek,1475.1344119094488,1744.5535371070744,897.3937623031496,1850.276644553289,0.0709954654660536,0.061209446272176775,0.09573931252900474,0.055418429757651794,24.478531003937007,27.29493458986918,18.29853592519685,28.4744249488499,9.56254527118897,9.627956718135723,9.384141076096473,9.657259805725587,9.453845811988499e-05,8.433193132738797e-05,0.0001163978158034441,8.12586410342391e-05,0.0097230889186454,0.009183241874598968,0.010788781942529198,0.009014357494255434,0.8242838038370213,0.7917172264383953,0.8932141792570343,0.7790808019418693,0.25818834,0.62773365,0.2505531,0.03418235,0.0062256516,0.020086536,0.6879932,0.039585747,0.11270952,0.2004597,0.30751804,0.4557044,0.57108253,0.45272183,0.27141333,0.20030272,0.025857463,0.11803859,0.17881092,0.21869278,0.31116608,0.43592468,0.48837006,0.6166347
anggrek_81.jpg,anggrek,815.4485113188977,1024.7881455762908,317.6529281496063,920.6777853555707,0.24942194389574224,0.2218524064349226,0.2976778442958346,0.23479876570431724,15.354146161417322,17.87835575671151,9.352731299212598,16.401264802529603,8.300465708636466,8.442730156129212,8.022326235671855,8.365667302028662,0.004829807389106966,0.003797047274173907,0.005330447794684651,0.004096323091275979,0.06949681567602192,0.06162018560645454,0.07300991572851355,0.06400252410081948,0.8936850634022598,0.8666486063901206,0.9588339605311726,0.8801969725990508,0.1048849,0.056387234,0.007541503,0.006265248,0.04838164,0.42127994,0.5361428,0.7200395,0.797428,0.33964267,0.2268004,0.17756268,0.20601735,0.3096537,0.140739,0.08745624,0.0013275153,0.0049307714,0.00824956,0.048738778,0.087710835,0.122605525,0.3610842,0.9189251
anggrek_82.jpg,anggrek,915.9809916338584,1110.8989397978794,665.0595472440945,1323.2945005890015,0.19085675191154178,0.13934847373358783,0.22353464521517868,0.1440745102851666,15.269869586614176,17.73978547957096,13.208415354330707,19.105772211544423,8.690490304152672,8.88041428631858,8.605256466886672,8.873069012415778,0.0005043716142119786,0.0003252248428980706,0.0005916292960515607,0.00034971698686654863,0.02245821930189432,0.01803399131911931,0.02432343100904066,0.018700721560050794,0.8953686645990923,0.8734318032248904,0.9239629557715581,0.8492212490699353,0.042408407,0.005182075,0.042408407,0.8757706,0.062290654,0.38368505,0.2762363,0.04473505,0.027302697,0.14213808,0.20787546,0.20963316,0.15737134,0.13873988,0.12444405,0.91235536,0.19526827,0.8034043,0.17202823,0.054919202,0.09347949,0.12191284,0.23175123,0.4544142
anggrek_83.jpg,anggrek,1212.9202140748034,1676.3085746171491,1223.8246801181106,2074.314030628061,0.08015602275965501,0.058570974544122245,0.07199520349817518,0.04894615935690151,22.03770915354331,27.042656085312167,22.71481299212599,30.695703391406784,9.525754561123922,9.639597619577687,9.560632183199836,9.712178340689965,9.228119042175587e-05,7.903680014688441e-05,8.704955154050935e-05,7.269801879178437e-05,0.009606309927425612,0.00889026434628827,0.009330034916360676,0.008526313317711493,0.854657381781769,0.7993635287280573,0.8536377405973483,0.7516809427225171,0.16208448,0.42246908,0.5405925,0.058770195,0.0052473387,0.0011660754,0.013526473,0.7066416,0.024492767,0.08174092,0.18649913,0.33227536,0.4367385,0.43186945,0.31427467,0.6095158,0.019118717,0.20471016,0.23004635,0.2979722,0.37196007,0.4318032,0.48822674,0.5028378
anggrek_84.jpg,anggrek,479.1404404527559,716.5362390724781,395.0212229330708,716.6928513857029,0.41093628249035596,0.37291511601332605,0.42054490985930826,0.3737599119428376,10.588644192913385,12.927831855663712,9.162586122047244,13.00186000372001,6.937680022875856,7.119785569672712,6.887117532462304,7.1251439928094396,0.03991578503176538,0.03521144800365117,0.03900942866582999,0.03519128998701917,0.1997893516475925,0.18764713694498825,0.19750804709132735,0.1875934166942411,0.9695444487119063,0.9543956125962647,0.9748968952825593,0.9543856449097543,0.4961803,0.026828468,0.03473067,0.0138532445,0.011804526,0.0151215,0.8545111,0.14536151,0.81099933,0.019805603,0.0148828225,0.022438716,0.063996136,0.18821046,0.468122,0.28723848,0.023395088,0.38566086,0.3067621,0.14275777,0.1349992,0.10026466,0.020649744,0.84114885
anggrek_85.jpg,anggrek,639.5527805118112,880.1728563457125,463.9679502952756,898.3599727199453,0.20713254805309753,0.1604569248316774,0.20549539817343287,0.13584597397072262,12.47846948818898,14.787897575795151,10.634534940944881,15.779155558311118,8.776371076011857,8.90879824098732,8.700238376499744,8.998972484444089,0.00031092017750441764,0.00023473287693056874,0.0003044870591694308,0.00021089998159908268,0.01763292878407945,0.015320994645602118,0.017449557563715787,0.014522395862910592,0.8923773400483221,0.8521186118582886,0.9221759374498445,0.8490628115299087,0.15553108,0.3001289,0.005145067,0.00021437778,0.00032156668,0.00032156668,0.49264014,0.8018801,0.3113034,0.55344415,0.21461825,0.3442448,0.60264236,0.25896794,0.043921873,0.0072727776,0.00014580082,0.03776241,0.5034502,0.41742775,0.52750736,0.22642867,0.25806746,0.41801095
anggrek_86.jpg,anggrek,367.75375246062987,468.79502759005516,234.44894192913387,493.31855663711326,0.5247072671712077,0.4882616941136261,0.535339281231723,0.49306107592600357,7.174397145669291,8.73984747969496,5.7108759842519685,8.647219294438589,5.546112889242259,5.697243974649908,5.4951044916294896,5.6797265237160826,0.16416212440579178,0.15572508564571969,0.16255387698763676,0.1559338118366236,0.40516925402329307,0.3946201789641778,0.403179708055399,0.3948845550748011,0.9509070426097429,0.9376053426801603,0.9687002721729147,0.9343413635397875,0.769132,0.029792638,0.022892138,0.022344477,0.044031765,0.007776755,0.42947403,0.46912453,0.9342278,0.049104176,0.070015065,0.1520981,0.2801643,0.10996423,0.06574966,0.043174226,0.0,0.0,0.00071267574,0.015441309,0.047828462,0.049887303,0.20794295,0.97557396
anggrek_87.jpg,anggrek,966.6069143700788,1590.4043648087297,1251.5772637795274,1753.7528675057347,0.3024475955922168,0.2727473808820378,0.28343045731566346,0.27297959366647206,17.80880905511811,24.0489800979602,21.126353346456693,25.196850393700785,7.595892133961648,7.780273508479674,7.719132774265245,7.79288326136797,0.05344969424069707,0.04849746837567952,0.049988434388489864,0.048926560436046033,0.23119189916754668,0.22022140762350856,0.22358093476074803,0.22119349094411894,0.9015203305855094,0.8378770375608666,0.8723444793855846,0.8212255847899731,0.39065263,0.026213234,0.018858442,0.011880819,0.017538352,0.0064118705,0.9039794,0.1693488,0.7881942,0.18347809,0.28594887,0.35338572,0.2981346,0.18541673,0.086407796,0.08779254,0.0015058652,0.0038089533,0.010186736,0.024005264,0.052350964,0.14039978,0.2676011,0.9514411
anggrek_88.jpg,anggrek,718.3325541338583,875.4929629859259,418.70447834645654,794.5806931613865,0.5614399916341645,0.5469450706346792,0.5759087798797313,0.551437033827359,10.942790354330707,12.495132990265981,7.870693897637793,11.98152396304793,4.890951237372792,4.972897623074912,4.79420083463738,4.960600131233551,0.27263206033980436,0.2641347434099171,0.27585368274984584,0.2658531797316556,0.5221418009887777,0.5139404084229193,0.5252177479387439,0.5156095225377976,0.8941047952507406,0.8714659019392998,0.938275477881096,0.8833449073267006,0.81634486,0.010969404,0.012444282,0.0070056696,0.009771066,0.0037793745,0.57188386,0.07807635,0.95685434,0.07959156,0.16786405,0.18863979,0.103293456,0.0396007,0.022238817,0.039990857,0.0,8.962152e-05,0.0008065937,0.012726256,0.046872057,0.09571578,0.4034761,0.9086726
anggrek_89.jpg,anggrek,2972.900898129921,3201.5642631285264,2808.738312007874,3170.4307768615545,0.065739640169345,0.05781725028333483,0.0873163513024997,0.055044217751380714,34.21081446850393,36.56854113708228,32.07455708661417,36.32190464380929,9.645822081044141,9.689882456426133,9.56984234007421,9.700395592567322,8.338645827682279e-05,7.742231368894508e-05,9.455927114979229e-05,7.662083648303945e-05,0.009131618601147487,0.008798995038579411,0.009724159148728094,0.008753332878569137,0.6346480023958898,0.6047153901204789,0.6525644553669513,0.608579552262029,0.13129288,0.03609936,0.0021428843,0.001565954,0.006181397,0.07730867,0.98094654,0.11480915,0.3236692,0.6625846,0.58435416,0.32304436,0.09360164,0.036240954,0.015871039,0.008122972,0.10149589,0.058570754,0.089059636,0.2722604,0.45960656,0.6127196,0.5624397,0.034768026
anggrek_90.jpg,anggrek,1266.1566190944884,1875.4055428110858,1242.173781988189,1710.488126976254,0.1778742286431571,0.14324500440704607,0.18245369696358366,0.15005303153060387,20.43356299212599,25.63481926963854,19.918491633858267,24.58955917911836,8.943601382816167,9.104243629992197,8.941266649332537,9.093589399430597,0.0006530844970869631,0.00046965795462994,0.0006882168915705017,0.0004741266225045935,0.025555517938147195,0.021671593264684996,0.02623388822821546,0.021774448845024608,0.8940394671090433,0.8422851167371317,0.8955327703293999,0.8561515733413072,0.3914443,0.11064126,0.0006322358,0.0006322358,0.005599803,0.011651203,0.046966087,0.91222596,0.48233506,0.20526269,0.21316983,0.19138487,0.27432907,0.30353704,0.51477045,0.45909777,0.10878729,0.100994945,0.24232674,0.28709453,0.3255979,0.4727358,0.62598526,0.33980748
anggrek_91.jpg,anggrek,703.0559178149607,902.9441378882759,753.8960999015749,975.0548081096163,0.42334986431411353,0.37067917797864947,0.4750991667427769,0.3906056338967452,10.049397145669293,12.039184078368159,10.510150098425198,12.388058776117553,6.890749636742508,7.090594811973123,6.750230102396263,7.034371654916383,0.005878214576253374,0.004382425467684341,0.0077150287967568155,0.004964886053524355,0.07666951529945507,0.06619989023921671,0.08783523664655783,0.07046194755699245,0.828959866445665,0.7814043540589021,0.8165202539760106,0.7639481696883978,0.793085,0.0008502653,0.00074398215,0.007758671,0.031353533,0.09873706,0.53311634,0.27569854,0.16175003,0.2057239,0.20787646,0.5123109,0.61932427,0.39253595,0.21879305,0.20080374,0.8101465,0.5523128,0.12968488,0.08546914,0.0825068,0.0731809,0.043557446,0.020736415
anggrek_92.jpg,anggrek,245.49354084645668,414.45601091202184,413.5511195866143,592.251224502449,0.28436285740492534,0.20236862980981724,0.22386309570595309,0.18769791019809653,6.958476870078739,9.467108934217867,9.29386072834646,11.147250294500587,7.999834044371738,8.27067278799081,8.14223317400378,8.30407005165866,0.0006491432660599697,0.00047200664802470396,0.0005700196947268897,0.0004627483369914968,0.025478290092939317,0.02172571398193173,0.023875085229730378,0.02151158611054742,0.9325356752977126,0.8840772374394612,0.8843119258227278,0.8343559075471636,0.9790751,0.14717594,0.0004841314,0.00016137713,0.0004841314,0.00040344283,0.076008625,0.11820875,0.083548814,0.10392658,0.09102066,0.5055043,0.727486,0.3476446,0.20663048,0.16003335,0.007936406,0.044972964,0.3489234,0.5721174,0.603863,0.33736685,0.22416864,0.14188065
anggrek_93.jpg,anggrek,910.2054625984251,1097.0608841217684,614.6702140748032,1144.965403930808,0.47467722554442227,0.45637111759764076,0.48673642113508214,0.45958460937977763,13.660187007874015,15.453964907929818,11.136749507874015,15.822245644491291,5.910995331622842,6.006219400361555,5.869008328815395,6.00410880041802,0.1570790151467998,0.15095791844506998,0.15540644222157587,0.15148932089667763,0.39633195070142885,0.3885330339174135,0.3942162378968881,0.389216290636296,0.9169633150637749,0.9001956658793657,0.9439541243140768,0.8958360854635493,0.6775424,0.022840638,0.012889322,0.0072028562,0.014216164,0.018860111,0.73146904,0.067763716,0.9256245,0.06869695,0.12300769,0.13114873,0.13494045,0.10114957,0.073715396,0.26887718,0.001214002,0.0059832954,0.019770889,0.05055451,0.07110583,0.10969375,0.1911186,0.97128826
anggrek_94.jpg,anggrek,916.7754675196852,1332.2137764275528,660.6712598425199,1227.8428296856591,0.2742145794837276,0.1677306715723568,0.24065149095429927,0.1832817125289872,14.824064960629926,18.72986545973092,12.064222440944885,17.421600843201684,8.420448683559098,8.753046800860409,8.428546987196025,8.681160782550588,0.001068520142411379,0.00044021856287249073,0.0006692373003886635,0.00045969811079060426,0.032688226357686936,0.02098138610465216,0.025869621187575662,0.02144057160596714,0.9088032432089882,0.8679686590994985,0.9341654103267263,0.8783070323446701,0.13430382,0.060112283,0.061336566,0.6136105,0.73444724,0.07761952,0.16111562,0.16331932,0.5101918,0.18684153,0.09547984,0.11851092,0.2361067,0.35934585,0.5423743,0.45009744,0.0487796,0.60630256,0.46523726,0.30088076,0.1164558,0.12392655,0.26557782,0.4728545
anggrek_95.jpg,anggrek,890.5346948818899,1011.2755905511813,725.9932332677165,1057.1098642197285,0.10986193900525182,0.10317453845627068,0.13718311835768476,0.10314389949420422,16.25270669291339,17.5250790501581,13.893577755905511,17.673197346394694,9.015672642551962,9.060020742417828,8.88957452431355,9.075743250277972,0.00018418585421155225,0.00017719373277422235,0.00021244238045116712,0.00017238486953878864,0.013571508914323132,0.013311413627944342,0.014575403268903647,0.013129541863248263,0.8194308445429614,0.7943784740669787,0.8537762767044265,0.7850912549684014,0.39359087,0.0,0.0,0.0,0.0,0.062173516,0.48124188,0.78078616,0.009008054,0.15669565,0.21196729,0.79838043,0.53670204,0.060498532,0.032251056,0.01657037,0.014216763,0.02962933,0.0940698,0.21192278,0.5015727,0.5969712,0.55378944,0.17472003
anggrek_96.jpg,anggrek,1888.6603100393704,2199.0628681257367,1017.4093257874015,2346.775745551491,0.05049332877762112,0.04394396864793424,0.07323004109053567,0.04269455223762144,28.84116633858268,31.618761237522477,20.95189468503937,32.73718147436295,9.690697437566865,9.734105801742167,9.525627667281846,9.756936601726206,7.453713637896027e-05,7.027244508949927e-05,9.170977814611879e-05,6.851380805495816e-05,0.008633489235469067,0.008382866161969859,0.009576522236496859,0.008277306811696554,0.7736278101721723,0.7360288816299055,0.8779197341842992,0.7183290196273321,0.012870765,0.011783095,0.013867796,0.012145652,0.015046107,0.011783095,0.7686204,0.63891566,0.030973073,0.077075854,0.22708829,0.5682203,0.5695049,0.44661173,0.26890907,0.15015517,0.14494032,0.08364203,0.114511676,0.26386195,0.31560534,0.43305698,0.68119013,0.37161168
anggrek_97.jpg,anggrek,1445.6491141732288,2158.3345526691055,1612.9600762795276,1924.2180544361092,0.18255208856855595,0.14434549242181235,0.1769023987859639,0.14455340114999463,23.31028543307087,29.183086366172738,24.952694389763778,27.489056978113958,8.975954005764784,9.153767432464633,9.009457201817641,9.132227672834237,0.0014235317777276184,0.000982163226648978,0.0015430061377700879,0.0009825053440174463,0.037729720085466024,0.03133948350960778,0.0392811168090991,0.0313449412827245,0.8681689619585644,0.8029546010584763,0.8524115846477831,0.8243293867956388,0.303827,0.042105157,0.012057386,0.003923435,0.008803805,0.037990335,0.2386597,0.92047614,0.093249455,0.3583068,0.66156083,0.37825567,0.34717253,0.247892,0.213716,0.23351024,0.6620703,0.17270118,0.111253746,0.14632446,0.2917648,0.46034,0.42394307,0.1458824
anggrek_98.jpg,anggrek,1109.5314960629921,1389.7542935085871,537.8134227362204,1361.982515965032,0.07076400533208677,0.05263701571580996,0.10378590565854043,0.05975343412544269,22.351008858267715,25.949469898939803,15.381705216535433,25.03664207328415,9.544178056132981,9.626738783847923,9.315537897638766,9.605215168138006,8.851781619578863e-05,7.929627118476756e-05,0.0001156769281312,8.203513214020042e-05,0.009408390733583965,0.008904845376802877,0.010755320921813537,0.009057324778332751,0.850015540414462,0.811005771557108,0.9267523978527581,0.8147784284110998,0.027443832,0.6813789,0.30649185,0.0045025037,0.00010720247,0.0024656567,0.6599384,0.074076906,0.053832885,0.14787008,0.18534867,0.25294644,0.27270785,0.28551874,0.21260583,0.82207584,0.029104672,0.12451121,0.18513411,0.29275042,0.31120703,0.39255816,0.74224013,0.2485965
anggrek_99.jpg,anggrek,724.2336983267719,963.6464132928265,494.72028789370074,966.8687457374915,0.18316931011205276,0.1556013144373652,0.29208579368410464,0.1577960316422579,13.680056594488192,16.01531403062806,10.720903051181102,15.78932357864716,8.684998551029866,8.79194741002009,8.313040323164628,8.784947259460672,0.0005544364116071984,0.0004355403961598423,0.0011450061352271143,0.00044334566938090416,0.023546473443112417,0.02086960459998805,0.033837939287538095,0.021055775202563885,0.9267463153923963,0.9025785340253487,0.9498185902676711,0.9022531560678123,0.06507102,0.7162977,0.14470555,0.0050610793,0.00020657467,0.000309862,0.086658075,0.67394984,0.009085931,0.052778568,0.075226165,0.14470682,0.32321864,0.66501,0.4330515,0.4860973,0.79973835,0.22560966,0.02351824,0.037109185,0.047981936,0.07362746,0.23329149,0.4954194
anggrek_100.jpg,anggrek,766.6320743110236,897.0305040610083,413.5474901574804,837.9380618761238,0.31519569835286493,0.2878635274247333,0.4288653223651723,0.28422691122667354,12.41492372047244,13.891313782627567,8.512918307086617,13.310000620001242,7.8523699062213295,7.958544427748707,7.557621172146948,7.953846119592756,0.0014450770478689394,0.0013227199248744086,0.0024487816309617006,0.001171748142987885,0.03801416904088447,0.03636921672066101,0.049485165766739635,0.034230806928670046,0.7296336444034506,0.6855668294338013,0.8544354836559739,0.7062796466836566,0.87812847,0.019415526,0.008011261,0.006032008,0.005278007,0.12026317,0.4601291,0.046936564,0.9726472,0.026282946,0.023075536,0.03198501,0.054704167,0.083659954,0.07902703,0.18834627,0.0046711797,0.013329952,0.56920034,0.7700611,0.11119687,0.16782068,0.20393687,0.026432041
lili_1.jpg,lili,1462.6600639763783,1989.227354454709,1380.5262672244098,2154.721743443487,0.12698716942377536,0.10847618194032956,0.1963704708368343,0.10648115377459014,21.196112204724415,25.462086924173853,18.888594980314966,26.967759935519876,9.16254840279161,9.268060747866695,8.96848233031285,9.309152908001913,0.0001915233933006929,0.00016781433525666977,0.00031267225620388754,0.0001636724086889801,0.013839197711597768,0.012954317243941102,0.017682540999638247,0.012793451789449949,0.8387022908172146,0.7806203686063495,0.847810296922241,0.7623723137889269,0.7979945,0.32202792,0.0032344298,0.0024258224,0.0025268982,0.0083893025,0.010208669,0.50922054,0.28891444,0.47261724,0.64523715,0.15576784,0.17565633,0.18901654,0.15956336,0.40065432,0.009583136,0.11076612,0.08102106,0.10641015,0.14262694,0.531304,0.76117486,0.29620603
lili_2.jpg,lili,1585.7583046259847,2534.424700849402,1690.603592519685,2414.929257858516,0.05323615419772991,0.04231532416596329,0.05225845420249192,0.040954784260968775,27.393762303149614,34.825345650691304,27.798720472440944,34.24477648955298,9.689057480570646,9.789855460946379,9.699273744517377,9.77468440104008,7.372921239983107e-05,6.586720346855041e-05,7.277559721135066e-05,6.673787295122486e-05,0.008586571632487034,0.008115861227778012,0.008530861457751537,0.008169325122139824,0.8188813871901739,0.711322425027076,0.8073528383966116,0.7249320041747335,0.5973094,0.5558816,0.5431256,0.010181411,0.0040959697,0.004798136,0.004330025,0.1976598,0.044039633,0.15351404,0.28610146,0.38370702,0.369808,0.35700214,0.39260864,0.57189053,0.29784462,0.46284002,0.40789622,0.2125587,0.17696825,0.24552499,0.4841615,0.39936763
lili_3.jpg,lili,554.6388410433073,737.2952445904893,218.7810654527559,635.6041912083824,0.1508602752881494,0.12594528778081526,0.25137576572312725,0.13059838791088674,13.376045767716539,15.284084568169137,7.317113681102361,14.381796763593528,8.907684671068907,9.01087214771913,8.460060359162187,8.994259850107612,0.00023982665152830315,0.0002044324257288852,0.00042402385830162285,0.0002123683954727324,0.015486337576338155,0.01429798677188104,0.02059183960460121,0.01457286503995465,0.945619538307971,0.9275559059162519,0.9785379375218806,0.9375461743495597,0.17741615,0.81054133,0.5188452,0.057610277,0.099701054,0.14684743,0.036800034,0.07853809,0.8708662,0.30154508,0.21049371,0.1994875,0.19686103,0.13044856,0.09280234,0.04665131,0.0011916723,0.38207993,0.48754293,0.15208718,0.10963385,0.42855516,0.51316386,0.36629027
lili_4.jpg,lili,1543.1394562007872,1832.0256060512118,905.1513287401574,1839.3909727819455,0.06620970527232369,0.058322220727294115,0.08354100475114207,0.05489101477910509,25.824741633858267,28.856779713559423,19.72416338582677,28.819207638415275,9.466970929690923,9.536721327561626,9.337518949313905,9.547192241668924,0.00010356185263151775,9.300595202343603e-05,0.00011956328844298313,9.171820687246057e-05,0.010176534411651039,0.009643959354094978,0.01093449991737085,0.009576962298790811,0.7569505780638525,0.7106415569678092,0.857237045738225,0.7095045645483549,0.52880496,0.39531207,0.016058244,0.010333131,0.05808895,0.34211043,0.42254126,0.514562,0.9566574,0.26734543,0.0951718,0.049394075,0.03475226,0.019404816,0.011642889,0.010760852,0.00091183506,0.024359023,0.061483737,0.14745675,0.2745926,0.565468,0.62213206,0.4378111
lili_5.jpg,lili,1271.1745816929133,2342.737367474735,1678.3567298228345,2299.6216132432264,0.05503369127970377,0.03961517640986146,0.05107792923281505,0.04344082014565146,23.59313484251968,33.12697625395251,27.242802657480315,32.795771591543186,9.596886361404792,9.766708023394866,9.669182480235614,9.76035361120299,8.191630152791556e-05,6.716071464258992e-05,7.582565213958551e-05,6.7916063663983e-05,0.00905076248323397,0.008195164101016521,0.008707792610046792,0.00824112029180396,0.8453803263771954,0.715259415041641,0.7959623821706681,0.7204886130887588,0.14525476,0.2844182,0.7204167,0.059741873,0.013236925,0.011479811,0.07707873,0.60761,0.17251386,0.25097495,0.3582722,0.43237436,0.4276801,0.3778875,0.33278912,0.3943174,0.056532394,0.2112443,0.29738888,0.46524417,0.42913947,0.38432527,0.5051494,0.24544877
lili_6.jpg,lili,1270.6807947834648,1473.0565441130884,526.3577755905512,1337.3450306900618,0.1026654154001598,0.08501589808347124,0.15289939437786254,0.09060056259343595,20.94641978346457,23.352780705561415,12.657357283464567,21.29704259408519,9.266534503059052,9.351956391655978,8.951409539503963,9.273101540425747,0.00014163266851924334,0.00012210322641241725,0.00020555326755184757,0.00013360452041754725,0.011900952420678075,0.01105003286929126,0.01433712898567379,0.011558742164160737,0.8284528895220654,0.8007134386892096,0.9289216766200953,0.8190730777284939,0.029527387,0.98458564,0.17236431,0.0027636471,0.001309096,0.0004363653,0.0004363653,0.00014545511,0.31108764,0.63144976,0.4762989,0.27556172,0.25213975,0.273361,0.16819796,0.18737568,0.002927873,0.045033477,0.26657587,0.26783067,0.19770114,0.48923364,0.68303096,0.33196503
lili_7.jpg,lili,861.6162647637794,1239.938247876496,920.9527559055118,1264.0220100440201,0.28489721353168396,0.2660899879966339,0.2942025096456048,0.26838706819946984,13.500615157480313,16.769421538843076,13.711491141732283,16.7751875503751,7.42791261482796,7.555718464774877,7.41997247852216,7.554716275109465,0.02103892696554924,0.019568923197614514,0.020986606792549524,0.019550858247354783,0.14504801606898746,0.13988896739062204,0.14486754913557945,0.13982438359368793,0.910019128308444,0.8704196176259568,0.9033106553286169,0.8679029641684948,0.9127318,0.15212198,0.12036788,0.00575543,0.007442367,0.0054577356,0.06926362,0.35266894,0.96993107,0.18727855,0.091283284,0.052755825,0.04286988,0.039266594,0.041022044,0.08934305,0.061133027,0.045178413,0.018324113,0.01390105,0.014295966,0.03538449,0.116579264,0.9892651
lili_8.jpg,lili,1127.6751353346456,1678.0313100626204,1068.5675442913384,1814.6399032798065,0.11577156618540614,0.10201256723383363,0.17417263841911632,0.09748914100633209,20.034510334645667,24.498170996341997,18.054010826771652,25.870481740963484,9.240811589652001,9.334631298444824,9.07146476090563,9.374913886467485,0.0001730300701812341,0.00014847893791515777,0.0002577504544657527,0.00014349901599549,0.013154089485070188,0.01218519338850056,0.01605460851175614,0.011979107479085828,0.8715698642041377,0.8088523957842814,0.8782714095432685,0.7932922377199161,0.791758,0.35167816,0.0037552936,0.0025373604,0.0032478215,0.004262766,0.006292654,0.49935254,0.22658299,0.50418466,0.68335027,0.1752642,0.18171655,0.1968721,0.1968721,0.29365754,0.008511047,0.108103,0.08218877,0.116232954,0.16755329,0.548772,0.7342366,0.3156709
lili_9.jpg,lili,1880.2585506889766,2219.2034224068448,1050.6776574803152,2295.3432946865896,0.05153248901132884,0.04752700782219668,0.08152313674452273,0.04906733710454167,28.440022145669296,31.21917043834087,20.276328740157485,31.373178746357496,9.624007087146548,9.675639890639747,9.439420364567445,9.66383357613703,8.211686345247693e-05,7.633253532983596e-05,0.00010172462971879072,7.812576850276151e-05,0.009061835545433217,0.008736849279336113,0.010085862864365682,0.008838878237806057,0.7755313547933889,0.7346097303232079,0.8747206399590118,0.7254767409950743,0.10725046,0.07521312,0.16661714,0.18407118,0.055692155,0.048917234,0.35493702,0.88866305,0.3868752,0.6278391,0.5222091,0.32471436,0.21357831,0.14098486,0.07331792,0.084475,0.10122059,0.07165488,0.07746474,0.07772295,0.15170178,0.40785185,0.7355277,0.4921593
lili_10.jpg,lili,1723.0303272637796,2490.5570711141427,1847.3786909448825,2576.5934651869306,0.057716284089889394,0.04479990606521478,0.059073188052510564,0.046181679063256514,26.956508366141733,33.69390538781077,27.550196850393704,34.0238080476161,9.641084937649426,9.74770031848396,9.63026343302203,9.748717049069214,7.870541864130601e-05,6.909617638442916e-05,7.975553060481123e-05,6.940946363757691e-05,0.008871607444049022,0.008312410985052962,0.00893059519879897,0.008331234220544811,0.783924705903106,0.6876973892436908,0.7684399296956281,0.6769059016407513,0.16448711,0.23838517,0.36625975,0.20742606,0.13460484,0.076051734,0.19544622,0.8227048,0.36566195,0.38203487,0.46042642,0.4576149,0.36665425,0.28230888,0.25584757,0.13908716,0.014513424,0.15598266,0.27414244,0.26476005,0.4217689,0.65882146,0.4305649,0.1813445
lili_11.jpg,lili,1562.2808193897636,2175.638105276211,1418.782664862205,2465.119474238948,0.05912638722737722,0.04714103717306796,0.06253866299267602,0.043239781988361786,26.38453494094488,31.662533325066654,24.32388041338583,33.782379564759125,9.633257415098502,9.716639614505693,9.58198533861492,9.751832605047607,7.99333874058373e-05,7.203108212404039e-05,8.416032457064917e-05,6.892896171557111e-05,0.00894054737730511,0.008487112708338471,0.009173893642867742,0.00830234675953559,0.8164911592906667,0.7441439594186713,0.8330676321585189,0.7101162957544066,0.16151468,0.1520591,0.46156475,0.107529856,0.007696411,0.007696411,0.05288534,0.8504534,0.20033774,0.19752307,0.4246829,0.5077982,0.4029934,0.34471336,0.32120264,0.31342092,0.013499432,0.10111075,0.12189987,0.11272026,0.2211207,0.44858614,0.58047557,0.61233425
lili_12.jpg,lili,877.9309178149606,1785.1334862669723,1276.3676181102362,1633.3386446772895,0.09041448318866216,0.060356317335679185,0.07468282900765055,0.05761932282126167,19.152866633858267,27.751255502511,23.41129429133858,26.932047864095733,9.367346283372399,9.55216967040641,9.474202582144368,9.544919881692651,0.00012044689616722983,9.47434469734089e-05,0.00010636971957537663,9.491450565764299e-05,0.01097483012019912,0.009733624554779627,0.010313569681510695,0.009742407590408184,0.9041324493033787,0.8047232940003487,0.8605634038116533,0.8213403599020075,0.06869406,0.8798195,0.46673185,0.045242056,0.033423726,0.013480287,0.002769922,0.0025852604,0.631484,0.4270631,0.4882755,0.3319704,0.22321166,0.11786942,0.06591007,0.04654988,0.065956384,0.19368373,0.256032,0.20623998,0.18718912,0.2431871,0.50369316,0.7086342
lili_13.jpg,lili,1347.0243602362202,1631.460722921446,813.2390501968506,1543.3106206212415,0.09002933695810597,0.0676352808663937,0.1086694447427479,0.07211953129998938,21.461122047244093,24.4740529481059,16.328986220472444,23.235104470208938,9.293817458953974,9.38225770900212,9.148956254220161,9.350398347920413,0.00012917512407290438,0.00011310054240171721,0.00015146587910363325,0.00011806316625219277,0.011365523484332096,0.010634873878035283,0.012307147480372259,0.010865687564631738,0.819757106069662,0.7809577577161089,0.8914237868865473,0.7927854615209022,0.13084558,0.16534206,0.0145590035,0.0006491276,0.0029674403,0.041173235,0.21013187,0.95366114,0.39367417,0.46540102,0.5173618,0.48337018,0.31520888,0.11904563,0.058549486,0.10077699,0.04212645,0.03819327,0.048233237,0.10257325,0.12596534,0.12627585,0.2767718,0.93568337
lili_14.jpg,lili,2291.234128937008,2666.6854733709465,1757.3375369094488,2796.280178560357,0.052786537757324836,0.0442119883100007,0.06558540755960865,0.04565802953756165,30.972194881889763,34.38836877673755,26.341104822834644,35.13354826709653,9.705601351298965,9.760282116917146,9.615060079500275,9.771933871933962,7.408681809551118e-05,6.910578642286923e-05,8.293046371248992e-05,6.769887679523637e-05,0.008607369987139579,0.00831298901857023,0.009106616479927653,0.008227932716985254,0.752412295021414,0.7120267457456375,0.8101188141413636,0.6980041393825612,0.4616162,0.66357327,0.46039885,0.008764865,0.0077909906,0.008156193,0.018016666,0.36617655,0.2772738,0.24666566,0.4330971,0.5213206,0.46583307,0.29462388,0.19870743,0.24421045,0.09117827,0.34594107,0.48762494,0.3231465,0.16596828,0.15464549,0.21513303,0.6573178
lili_15.jpg,lili,1606.5476131889764,2099.7655155310313,1468.2544291338584,2141.0668361336725,0.05752750107040261,0.044774467745648854,0.06287015489844197,0.04750208818342435,26.550688976377955,31.530039060078124,25.29982775590551,31.35736871473743,9.618697809233922,9.724048479395098,9.607237226374368,9.718268672551122,8.212821601424452e-05,7.148523194064183e-05,8.312913354342333e-05,7.206375625473678e-05,0.009062461917947271,0.008454893963891081,0.009117517948620849,0.008489037416264389,0.8190317611840854,0.7632443738763439,0.8343317802050583,0.7586060359532956,0.478162,0.6974513,0.42492047,0.21498951,0.006323221,0.007967259,0.0012646442,0.24091473,0.004431994,0.02633871,0.060908265,0.12181653,0.254903,0.41572106,0.464473,0.7260873,0.0003973411,0.02503249,0.15509547,0.30621755,0.3570772,0.28224462,0.26754302,0.7764045
lili_16.jpg,lili,1900.675135334646,2174.3739227478454,819.8019808070866,2221.0494140988276,0.05239913472986536,0.04586277337048443,0.08655605132326134,0.04436065554674623,29.19986466535434,31.54746109492219,18.93694635826772,32.43176886353773,9.683829489963598,9.719641504664311,9.447235882566321,9.743858034248802,7.494961278985059e-05,7.153712614821846e-05,9.940870711819548e-05,6.953055012192235e-05,0.008657344442139898,0.008457962292905926,0.00997039152281371,0.008338498073509542,0.7435557573475821,0.7067943649103895,0.8894602181633645,0.700491035716185,0.7711072,0.06101575,0.15050553,0.013192595,0.002638519,0.028254142,0.18964356,0.5848717,0.013595839,0.07300374,0.2006864,0.41585532,0.5795965,0.47275096,0.32201448,0.34373826,0.0035636735,0.04561502,0.15936747,0.32842815,0.39713576,0.37390062,0.37361553,0.65386283
lili_17.jpg,lili,1122.8985605314963,1836.5923491846986,1316.0597933070865,1796.6405232810466,0.07234430474955476,0.054164825434875066,0.06775829894142396,0.05305768209044099,22.332984744094496,29.3494946989894,24.518454724409445,29.445284890569784,9.532409326503679,9.681595085331258,9.58188125358419,9.688601257967232,9.16170655583499e-05,7.616339865328997e-05,8.71290194728827e-05,7.573863495423687e-05,0.009571680393658676,0.00872716441080893,0.009334292660554558,0.008702794663453623,0.8576207193231767,0.7670914848039456,0.8331279756293307,0.7721625048263506,0.2645113,0.8520611,0.21031095,0.035298534,0.05511126,0.022203917,0.033818275,0.3922692,0.5558719,0.20091566,0.19665429,0.406724,0.50647163,0.3435926,0.21448891,0.16114289,0.023933858,0.23022828,0.53426546,0.48670658,0.2882872,0.39266968,0.39220646,0.1815885
lili_18.jpg,lili,819.595780019685,1174.4532209064419,692.566437007874,1240.3775807551615,0.11214366063044579,0.08456969398611713,0.13053736106830033,0.07715534953859249,16.867679625984252,20.780457560915117,14.23892716535433,20.801041602083203,9.224469108904188,9.357024491737862,9.1160489313661,9.369268216316538,0.00016588363254851506,0.00012997000387949558,0.0001674938042258897,0.00012310843643325323,0.01287958200208823,0.011400438758201176,0.01294193973969473,0.011095424121377841,0.9293810770397752,0.8988266557421289,0.9405076069106649,0.8931428846207511,0.14871255,0.31422803,0.7837839,0.15850323,0.33632323,0.35074463,0.018655222,0.056759503,0.77015465,0.2206596,0.4928942,0.3270405,0.07718299,0.038890656,0.027642282,0.0061028413,0.37676737,0.50196284,0.35344088,0.14025432,0.05934972,0.093748935,0.28833336,0.60501283
lili_19.jpg,lili,539.6000246062993,879.9058838117677,518.2289616141734,778.464566929134,0.28755570606685893,0.18389597525285362,0.25381905430773366,0.19094655050805068,11.3683562992126,15.767375534751071,11.708046259842522,14.456630913261828,8.22223039083003,8.572540736146454,8.33337692813736,8.51075598596001,0.0008203474658902445,0.00046841057164041295,0.0006855301186188312,0.00048411145244387334,0.028641708501593345,0.0216427949128668,0.026182630093610368,0.022002532864283452,0.8921055123580948,0.8243398410837528,0.8962229865654034,0.8445850238376159,0.94169647,0.3350949,0.0,0.0,0.0,0.0,7.97845e-05,0.03031811,0.03681489,0.92331743,0.24603674,0.1553022,0.13604517,0.11724126,0.112143815,0.12902203,0.00055636524,0.01057094,0.027706988,0.03215791,0.09091008,0.3509552,0.71949154,0.5907486
lili_20.jpg,lili,1116.3988065944884,1510.1013082026166,617.785063976378,1296.681567363135,0.08076256372464224,0.06798978801136295,0.12296425876511988,0.0720493847892493,20.92169045275591,24.332444664889334,14.585383858267717,22.631719263438526,9.438539120170885,9.52189085383262,9.200737621280384,9.471016141409521,0.00010575478914629707,9.417068868237805e-05,0.00014108396136714146,0.00010145894183536151,0.010283714754226563,0.009704158319111351,0.011877876972217781,0.01007268295119833,0.8812360115774183,0.8387050544797585,0.9343174835894598,0.8615057147563298,0.2591952,0.7191266,0.33994347,0.12158952,0.5075795,0.15549044,0.040841267,0.042976756,0.9501231,0.20625186,0.12532556,0.10097419,0.09373176,0.07746253,0.07095484,0.09488635,0.23652181,0.19680911,0.14290191,0.25263017,0.34800443,0.38851458,0.51355374,0.53412783
lili_21.jpg,lili,425.25338336614175,691.6844193688388,479.98714320866145,506.1324942649886,0.12770208906163485,0.07859446711018338,0.11645729151735872,0.08377138021147726,13.309731791338583,17.63419926839854,14.717581200787402,15.837497674995351,8.413819184723256,8.581897712361279,8.483908400033503,8.538941944493368,0.0003656262805689674,0.00029864924259577583,0.0003306187642648723,0.00030202236608825627,0.01912135666130851,0.01728147107730635,0.018182925074499767,0.017378790696945985,0.8690338177250677,0.7878434562803677,0.8520994614922288,0.8447565223802372,0.7195386,0.69339794,0.005085394,0.0008921744,0.0019627835,0.037738975,0.0029441754,0.00017843487,0.9984861,0.036163293,0.01652405,0.022077216,0.03067785,0.0035892406,0.0017607595,0.00027088608,0.0,0.00017234741,0.012495187,0.014735703,0.029385233,0.11581746,0.28988835,0.94937575
lili_22.jpg,lili,554.6388410433073,737.2952445904893,218.7810654527559,635.6041912083824,0.1508602752881494,0.12594528778081526,0.25137576572312725,0.13059838791088674,13.376045767716539,15.284084568169137,7.317113681102361,14.381796763593528,8.907684671068907,9.01087214771913,8.460060359162187,8.994259850107612,0.00023982665152830315,0.0002044324257288852,0.00042402385830162285,0.0002123683954727324,0.015486337576338155,0.01429798677188104,0.02059183960460121,0.01457286503995465,0.945619538307971,0.9275559059162519,0.9785379375218806,0.9375461743495597,0.17741615,0.81054133,0.5188452,0.057610277,0.099701054,0.14684743,0.036800034,0.07853809,0.8708662,0.30154508,0.21049371,0.1994875,0.19686103,0.13044856,0.09280234,0.04665131,0.0011916723,0.38207993,0.48754293,0.15208718,0.10963385,0.42855516,0.51316386,0.36629027
lili_23.jpg,lili,2385.0527189960635,2682.7098394196787,1355.112696850394,2808.186620373241,0.07817503651776486,0.07401018772528892,0.11055804968640337,0.06768877402946083,29.8462721456693,31.78467356934713,20.92335137795276,33.684419368838746,9.584398789302739,9.613984718536685,9.360018112590517,9.656422389754947,0.00019906527850165076,0.0001845473341885985,0.0002886464513163402,0.00017063968655806365,0.014109049525097386,0.013584819991026694,0.01698959832710415,0.013062912636853377,0.7809480805656531,0.7531966787847492,0.8752288001796795,0.7416553445201691,0.3114884,0.2256538,0.091443375,0.016325597,0.030748209,0.023837375,0.024238002,0.9172381,0.33565152,0.2817419,0.30773404,0.31703985,0.2764472,0.24098879,0.21034375,0.65878826,0.26284456,0.12094411,0.11272594,0.13107987,0.16176105,0.21079615,0.476928,0.7670295
lili_24.jpg,lili,439.449187992126,922.9460598921198,611.8407357283464,857.5074710149421,0.16244951967970694,0.09975532866349876,0.13660041025497185,0.1043837621156675,11.835752952755906,17.81406162812326,14.226193405511811,17.289230578461158,8.790495453754431,9.073565403962235,8.95530920957716,9.073944559830132,0.0002993670538122326,0.00019524330697244692,0.00023077676770587915,0.00019513567454191764,0.017302226845473754,0.013972949115073987,0.015191338575184187,0.013969097126941226,0.9521548062965732,0.8993808611370341,0.9334924164752917,0.9065166055067252,0.216146,0.20665403,0.49358308,0.050036307,0.047595512,0.06671508,0.51188904,0.6290473,0.85151476,0.41194594,0.07967256,0.053761855,0.04828294,0.045885913,0.09028795,0.28878447,0.036737505,0.1845419,0.17013982,0.1565921,0.1689193,0.09178274,0.30830213,0.8826766
lili_25.jpg,lili,787.5084891732286,1047.005022010044,640.3858267716536,1106.3018166036334,0.5663745231074072,0.533069893245022,0.5528466554107238,0.5364393585836901,11.71370570866142,14.339884679769359,10.645300196850393,14.977245954491911,4.963816993090752,5.102976349586917,4.979574224653992,5.1026361330885095,0.25662519989590765,0.24596330047021803,0.2550479317267227,0.24628322441591255,0.5065818787677937,0.4959468726287303,0.5050227041695479,0.49626930634073324,0.889950077415513,0.8543202167006704,0.9105088183440183,0.8460696887613154,0.9011764,0.15029398,0.010476518,0.00920367,0.028198479,0.063054934,0.043766387,0.39800978,0.9790912,0.072136,0.10187077,0.112471074,0.091270454,0.05488804,0.0295551,0.030543264,0.0,0.0,0.006635392,0.01507388,0.017021222,0.04320217,0.10667114,0.9930729
lili_26.jpg,lili,425.25338336614175,691.6844193688388,479.98714320866145,506.1324942649886,0.12770208906163485,0.07859446711018338,0.11645729151735872,0.08377138021147726,13.309731791338583,17.63419926839854,14.717581200787402,15.837497674995351,8.413819184723256,8.581897712361279,8.483908400033503,8.538941944493368,0.0003656262805689674,0.00029864924259577583,0.0003306187642648723,0.00030202236608825627,0.01912135666130851,0.01728147107730635,0.018182925074499767,0.017378790696945985,0.8690338177250677,0.7878434562803677,0.8520994614922288,0.8447565223802372,0.7195386,0.69339794,0.005085394,0.0008921744,0.0019627835,0.037738975,0.0029441754,0.00017843487,0.9984861,0.036163293,0.01652405,0.022077216,0.03067785,0.0035892406,0.0017607595,0.00027088608,0.0,0.00017234741,0.012495187,0.014735703,0.029385233,0.11581746,0.28988835,0.94937575
lili_27.jpg,lili,542.6392101377953,697.3603447206897,497.5211614173229,704.4820509641022,0.6176444766593928,0.6007588274721222,0.6196424928131609,0.602647719364878,8.774421751968504,10.318246636493276,8.169291338582678,10.737739475478953,4.2208177668550135,4.32888822871338,4.206486830351057,4.321396451874394,0.3286540028890605,0.3137782780618571,0.3293367554142337,0.3196891320932497,0.5732835274879791,0.5601591542248123,0.5738786939887502,0.5654105871782467,0.8154244861436345,0.7640455977755088,0.8308276057849694,0.7616359426349432,0.9650871,0.19440477,0.12628306,0.029969994,0.11712309,0.013428692,0.007825992,0.0029347471,0.99809265,0.017393755,0.018401116,0.05560629,0.008528984,0.00228335,0.0,0.0,0.00015775514,0.0020508168,0.002208572,0.0028395925,0.033838477,0.08589768,0.18741311,0.97792417
lili_28.jpg,lili,1480.908649114173,1817.701655403311,939.6296136811023,1709.4167028334057,0.07750001706273646,0.07003282209980241,0.1101652438248449,0.06708708605694354,23.45810777559055,26.362452724905452,17.798535925196852,26.19815239630479,9.484309926180394,9.551828816030973,9.308126177647386,9.559836070813617,9.975117606485211e-05,9.037664550622053e-05,0.0001218375849837637,8.929647718555152e-05,0.009987551054430315,0.009506663216198443,0.011038006386289316,0.009449681327195723,0.8161785872123238,0.7731678391796877,0.882651924960913,0.7866516520952981,0.06780305,0.9953095,0.06752258,0.013953264,0.0025943255,0.00091151975,0.00021035071,0.00049081835,0.6005945,0.5412071,0.31459713,0.19191518,0.2516152,0.24739555,0.18800811,0.22520341,0.012543777,0.1450183,0.2392496,0.2882009,0.39344627,0.44591597,0.5282154,0.4537176
lili_29.jpg,lili,2752.2025713582675,3378.3468286936577,1829.8991756889768,3411.716473432947,0.10014194281386088,0.08445904947848845,0.12286138692220065,0.08984729257432245,32.79336860236221,37.507595015190034,25.67169045275591,37.58614917229835,9.13777941977334,9.227632790280317,9.004200439397838,9.222085188106488,0.0020250869969513376,0.0016236179164651713,0.0025907075739932746,0.0017218248212923972,0.045000966622410876,0.04029414245849105,0.050898993840677,0.04149487704876829,0.7735313888791888,0.7224193918156225,0.8492033392833004,0.7196652386899903,0.22706431,0.72307855,0.20403945,0.0170237,0.02718893,0.5970542,0.15125373,0.05988913,0.7051266,0.115569375,0.08754834,0.0921488,0.17453904,0.29777586,0.29387245,0.5174832,0.8737925,0.30146033,0.17784263,0.12058413,0.09972838,0.21070623,0.18795452,0.0988436
lili_30.jpg,lili,1116.3988065944884,1510.1013082026166,617.785063976378,1296.681567363135,0.08076256372464224,0.06798978801136295,0.12296425876511988,0.0720493847892493,20.92169045275591,24.332444664889334,14.585383858267717,22.631719263438526,9.438539120170885,9.52189085383262,9.200737621280384,9.471016141409521,0.00010575478914629707,9.417068868237805e-05,0.00014108396136714146,0.00010145894183536151,0.010283714754226563,0.009704158319111351,0.011877876972217781,0.01007268295119833,0.8812360115774183,0.8387050544797585,0.9343174835894598,0.8615057147563298,0.2591952,0.7191266,0.33994347,0.12158952,0.5075795,0.15549044,0.040841267,0.042976756,0.9501231,0.20625186,0.12532556,0.10097419,0.09373176,0.07746253,0.07095484,0.09488635,0.23652181,0.19680911,0.14290191,0.25263017,0.34800443,0.38851458,0.51355374,0.53412783
lili_31.jpg,lili,819.595780019685,1174.4532209064419,692.566437007874,1240.3775807551615,0.11214366063044579,0.08456969398611713,0.13053736106830033,0.07715534953859249,16.867679625984252,20.780457560915117,14.23892716535433,20.801041602083203,9.224469108904188,9.357024491737862,9.1160489313661,9.369268216316538,0.00016588363254851506,0.00012997000387949558,0.0001674938042258897,0.00012310843643325323,0.01287958200208823,0.011400438758201176,0.01294193973969473,0.011095424121377841,0.9293810770397752,0.8988266557421289,0.9405076069106649,0.8931428846207511,0.14871255,0.31422803,0.7837839,0.15850323,0.33632323,0.35074463,0.018655222,0.056759503,0.77015465,0.2206596,0.4928942,0.3270405,0.07718299,0.038890656,0.027642282,0.0061028413,0.37676737,0.50196284,0.35344088,0.14025432,0.05934972,0.093748935,0.28833336,0.60501283
lili_32.jpg,lili,1122.8985605314963,1836.5923491846986,1316.0597933070865,1796.6405232810466,0.07234430474955476,0.054164825434875066,0.06775829894142396,0.05305768209044099,22.332984744094496,29.3494946989894,24.518454724409445,29.445284890569784,9.532409326503679,9.681595085331258,9.58188125358419,9.688601257967232,9.16170655583499e-05,7.616339865328997e-05,8.71290194728827e-05,7.573863495423687e-05,0.009571680393658676,0.00872716441080893,0.009334292660554558,0.008702794663453623,0.8576207193231767,0.7670914848039456,0.8331279756293307,0.7721625048263506,0.2645113,0.8520611,0.21031095,0.035298534,0.05511126,0.022203917,0.033818275,0.3922692,0.5558719,0.20091566,0.19665429,0.406724,0.50647163,0.3435926,0.21448891,0.16114289,0.023933858,0.23022828,0.53426546,0.48670658,0.2882872,0.39266968,0.39220646,0.1815885
lili_33.jpg,lili,1900.675135334646,2174.3739227478454,819.8019808070866,2221.0494140988276,0.05239913472986536,0.04586277337048443,0.08655605132326134,0.04436065554674623,29.19986466535434,31.54746109492219,18.93694635826772,32.43176886353773,9.683829489963598,9.719641504664311,9.447235882566321,9.743858034248802,7.494961278985059e-05,7.153712614821846e-05,9.940870711819548e-05,6.953055012192235e-05,0.008657344442139898,0.008457962292905926,0.00997039152281371,0.008338498073509542,0.7435557573475821,0.7067943649103895,0.8894602181633645,0.700491035716185,0.7711072,0.06101575,0.15050553,0.013192595,0.002638519,0.028254142,0.18964356,0.5848717,0.013595839,0.07300374,0.2006864,0.41585532,0.5795965,0.47275096,0.32201448,0.34373826,0.0035636735,0.04561502,0.15936747,0.32842815,0.39713576,0.37390062,0.37361553,0.65386283
lili_34.jpg,lili,1606.5476131889764,2099.7655155310313,1468.2544291338584,2141.0668361336725,0.05752750107040261,0.044774467745648854,0.06287015489844197,0.04750208818342435,26.550688976377955,31.530039060078124,25.29982775590551,31.35736871473743,9.618697809233922,9.724048479395098,9.607237226374368,9.718268672551122,8.212821601424452e-05,7.148523194064183e-05,8.312913354342333e-05,7.206375625473678e-05,0.009062461917947271,0.008454893963891081,0.009117517948620849,0.008489037416264389,0.8190317611840854,0.7632443738763439,0.8343317802050583,0.7586060359532956,0.478162,0.6974513,0.42492047,0.21498951,0.006323221,0.007967259,0.0012646442,0.24091473,0.004431994,0.02633871,0.060908265,0.12181653,0.254903,0.41572106,0.464473,0.7260873,0.0003973411,0.02503249,0.15509547,0.30621755,0.3570772,0.28224462,0.26754302,0.7764045
lili_35.jpg,lili,1676.4960629921259,2001.6848533697068,1037.7375123031497,1954.2334924669851,0.06168781027316671,0.056154463409143554,0.08498379839128618,0.05804228752641541,26.147022637795274,29.0996961993924,19.2042937992126,28.638601277202557,9.52694058579069,9.604296757375247,9.34752164326873,9.57891022129614,9.563019614320479e-05,8.632120928449187e-05,0.00011606480732492717,9.06168964672234e-05,0.009779069288189177,0.009290920798526477,0.010773337798701346,0.00951929075442196,0.7933554836726537,0.7525304400169229,0.8715247590322774,0.7583902810198122,0.25685972,0.24597241,0.053932473,0.009173561,0.019456014,0.023085115,0.1181474,0.92501754,0.2656753,0.4565125,0.53057104,0.4894101,0.3548574,0.18226199,0.09900459,0.17618139,0.010245129,0.077304155,0.13185613,0.14702424,0.23018275,0.32544914,0.67830735,0.57958156
lili_36.jpg,lili,657.2232406496063,929.001116002232,351.62001722440954,779.2605245210491,0.11829618845563561,0.09393176884910524,0.14528518186357778,0.09675684856052587,14.608329232283465,18.01990203980408,10.50485974409449,16.40901481802964,9.173405592701343,9.305448513498487,8.965476008842021,9.266449499596892,0.0001437631659443006,0.0001222992711965956,0.00017728538875046504,0.00012740604562367288,0.011990127853542705,0.01105890008981886,0.013314855941784163,0.011287428654200782,0.9270628247290048,0.8969984290603685,0.9612983325217971,0.9136070116034808,0.26976797,0.6472418,0.53047657,0.044002663,0.37258464,0.17428505,0.107274465,0.21037875,0.8471546,0.19959699,0.12764613,0.13270934,0.16948423,0.3303077,0.19080299,0.18534006,0.08048197,0.2714945,0.5665447,0.2885573,0.14616613,0.21381326,0.5899494,0.31694493
lili_37.jpg,lili,613.7054010826773,1559.0990761981525,1148.2267470472443,1248.6964473928947,0.09874673218617572,0.04564685290778629,0.06109259322126554,0.05679474832694593,15.474840059055122,27.50939301878604,22.954601377952763,24.207142414284824,9.273414138798179,9.653023835870481,9.543374869522026,9.576065501792481,0.00012066637902807058,7.630562722220368e-05,8.740904932981743e-05,8.41954687815383e-05,0.010984824942987055,0.00873530922304435,0.009349280685155273,0.00917580888976761,0.9135730287894329,0.7800276104457485,0.8380072991757321,0.8238039169717706,0.76591593,0.6176896,0.17836924,0.0034448993,0.0001913833,0.0,0.0,0.002200908,0.019281402,0.03238098,0.026272751,0.02767102,0.025757598,0.032307386,0.045406967,0.99667186,0.025444776,0.3303304,0.3476449,0.32551247,0.32445854,0.22177607,0.2097312,0.6818899
lili_38.jpg,lili,1971.6727362204726,2341.90792981586,1016.2258243110236,2293.2744125488243,0.04629222022603549,0.04106572762487748,0.06567434747981628,0.04180297863569644,30.604207677165363,33.820261640523285,21.658280019685037,33.51708103416207,9.724673251792199,9.766267045592876,9.557646048162558,9.771106559091299,7.031965968228813e-05,6.68993215970188e-05,8.511583185275744e-05,6.636884747512439e-05,0.008385681825724616,0.008179200547548568,0.009225824182844448,0.00814670776910062,0.7409056318704876,0.6923800205413493,0.8665752856959329,0.6987485313353191,0.50147647,0.024053872,0.0020399042,0.00016999202,0.0,0.0,0.0,0.8648344,0.011887668,0.18535957,0.41225258,0.50999564,0.5488874,0.4319186,0.17802149,0.12621474,0.0023517609,0.04207039,0.10909557,0.14580917,0.21531677,0.44748783,0.69886494,0.47962856
lili_39.jpg,lili,1562.2808193897636,2175.638105276211,1418.782664862205,2465.119474238948,0.05912638722737722,0.04714103717306796,0.06253866299267602,0.043239781988361786,26.38453494094488,31.662533325066654,24.32388041338583,33.782379564759125,9.633257415098502,9.716639614505693,9.58198533861492,9.751832605047607,7.99333874058373e-05,7.203108212404039e-05,8.416032457064917e-05,6.892896171557111e-05,0.00894054737730511,0.008487112708338471,0.009173893642867742,0.00830234675953559,0.8164911592906667,0.7441439594186713,0.8330676321585189,0.7101162957544066,0.16151468,0.1520591,0.46156475,0.107529856,0.007696411,0.007696411,0.05288534,0.8504534,0.20033774,0.19752307,0.4246829,0.5077982,0.4029934,0.34471336,0.32120264,0.31342092,0.013499432,0.10111075,0.12189987,0.11272026,0.2211207,0.44858614,0.58047557,0.61233425
lili_40.jpg,lili,1723.0303272637796,2490.5570711141427,1847.3786909448825,2576.5934651869306,0.057716284089889394,0.04479990606521478,0.059073188052510564,0.046181679063256514,26.956508366141733,33.69390538781077,27.550196850393704,34.0238080476161,9.641084937649426,9.74770031848396,9.63026343302203,9.748717049069214,7.870541864130601e-05,6.909617638442916e-05,7.975553060481123e-05,6.940946363757691e-05,0.008871607444049022,0.008312410985052962,0.00893059519879897,0.008331234220544811,0.783924705903106,0.6876973892436908,0.7684399296956281,0.6769059016407513,0.16448711,0.23838517,0.36625975,0.20742606,0.13460484,0.076051734,0.19544622,0.8227048,0.36566195,0.38203487,0.46042642,0.4576149,0.36665425,0.28230888,0.25584757,0.13908716,0.014513424,0.15598266,0.27414244,0.26476005,0.4217689,0.65882146,0.4305649,0.1813445
lili_41.jpg,lili,570.3096087598425,732.5811271622545,427.5006151574801,718.3765267530534,0.587721493525692,0.5574973776123215,0.5914906867090235,0.5626112466963763,8.443959153543307,10.443858887717777,7.290477362204723,9.521297042594085,4.389269221482192,4.530723390821992,4.373496829132166,4.486963516546944,0.2761412261105772,0.2591563475643536,0.27306100364153835,0.26128782910427134,0.5254914139265999,0.5090740099085335,0.5225523932023834,0.511163211806436,0.8082856225953513,0.7550299457613787,0.8561954217376493,0.7597788717644475,0.92072016,0.38726363,0.0462593,0.004044529,0.005055661,0.0083418405,0.006740881,0.0021065255,0.99743676,0.050153237,0.024292974,0.02165708,0.021514598,0.023865532,0.02165708,0.0066253566,0.0,0.0009655724,0.0150353415,0.021173622,0.026967058,0.016966486,0.051037397,0.9978501
lili_42.jpg,lili,1880.2585506889766,2219.2034224068448,1050.6776574803152,2295.3432946865896,0.05153248901132884,0.04752700782219668,0.08152313674452273,0.04906733710454167,28.440022145669296,31.21917043834087,20.276328740157485,31.373178746357496,9.624007087146548,9.675639890639747,9.439420364567445,9.66383357613703,8.211686345247693e-05,7.633253532983596e-05,0.00010172462971879072,7.812576850276151e-05,0.009061835545433217,0.008736849279336113,0.010085862864365682,0.008838878237806057,0.7755313547933889,0.7346097303232079,0.8747206399590118,0.7254767409950743,0.10725046,0.07521312,0.16661714,0.18407118,0.055692155,0.048917234,0.35493702,0.88866305,0.3868752,0.6278391,0.5222091,0.32471436,0.21357831,0.14098486,0.07331792,0.084475,0.10122059,0.07165488,0.07746474,0.07772295,0.15170178,0.40785185,0.7355277,0.4921593
lili_43.jpg,lili,822.8147145669292,987.1540083080167,712.5833538385828,990.1797383594769,0.5286442271846115,0.5121507583697067,0.5442820033946308,0.5121231742817097,11.660925196850393,13.169260338520678,10.232591043307087,12.899063798127596,5.103466209576362,5.195596852313069,5.0319790127646895,5.1932254372397395,0.22330900148860847,0.2141742043419607,0.226802669120475,0.2125462619081975,0.4725558183840386,0.4627895897078506,0.4762380382964752,0.46102739821858474,0.8065626539045893,0.7690180565262509,0.8325211530425914,0.768310072765023,0.942832,0.29360807,0.08137305,0.035698514,0.089001775,0.07169044,0.04146896,0.046750385,0.9982504,0.040161505,0.021823872,0.01847708,0.01715231,0.014363316,0.020987175,0.011155973,0.0016685439,0.005971631,0.009835627,0.01528035,0.030033791,0.21181726,0.21049999,0.9537046
lili_44.jpg,lili,1127.6751353346456,1678.0313100626204,1068.5675442913384,1814.6399032798065,0.11577156618540614,0.10201256723383363,0.17417263841911632,0.09748914100633209,20.034510334645667,24.498170996341997,18.054010826771652,25.870481740963484,9.240811589652001,9.334631298444824,9.07146476090563,9.374913886467485,0.0001730300701812341,0.00014847893791515777,0.0002577504544657527,0.00014349901599549,0.013154089485070188,0.01218519338850056,0.01605460851175614,0.011979107479085828,0.8715698642041377,0.8088523957842814,0.8782714095432685,0.7932922377199161,0.791758,0.35167816,0.0037552936,0.0025373604,0.0032478215,0.004262766,0.006292654,0.49935254,0.22658299,0.50418466,0.68335027,0.1752642,0.18171655,0.1968721,0.1968721,0.29365754,0.008511047,0.108103,0.08218877,0.116232954,0.16755329,0.548772,0.7342366,0.3156709
lili_45.jpg,lili,861.6162647637794,1239.938247876496,920.9527559055118,1264.0220100440201,0.28489721353168396,0.2660899879966339,0.2942025096456048,0.26838706819946984,13.500615157480313,16.769421538843076,13.711491141732283,16.7751875503751,7.42791261482796,7.555718464774877,7.41997247852216,7.554716275109465,0.02103892696554924,0.019568923197614514,0.020986606792549524,0.019550858247354783,0.14504801606898746,0.13988896739062204,0.14486754913557945,0.13982438359368793,0.910019128308444,0.8704196176259568,0.9033106553286169,0.8679029641684948,0.9127318,0.15212198,0.12036788,0.00575543,0.007442367,0.0054577356,0.06926362,0.35266894,0.96993107,0.18727855,0.091283284,0.052755825,0.04286988,0.039266594,0.041022044,0.08934305,0.061133027,0.045178413,0.018324113,0.01390105,0.014295966,0.03538449,0.116579264,0.9892651
lili_46.jpg,lili,955.6081446850394,1886.4467108934214,1388.4296875,1727.9146878293755,0.09100644017807326,0.06722015232491262,0.0804464558814286,0.06657120441577243,19.207923228346456,27.806993613987224,23.623585137795274,26.95653791307582,9.331371400620071,9.522206900985399,9.445486859607522,9.526029602587995,0.0001308874688061876,0.00010532025528059979,0.00011536094849533449,0.00010219314877218626,0.011440606138058753,0.010262565726006328,0.010740621420352479,0.010109062704928992,0.8976508745183127,0.7976826991780169,0.8513016881228925,0.8146982053308544,0.066556364,0.8660776,0.48926908,0.06974807,0.03407611,0.0076037594,0.0030039544,0.0016897244,0.65436345,0.4178877,0.46825618,0.32454947,0.22509305,0.12079899,0.06701569,0.053214163,0.067170374,0.19403176,0.25084612,0.20769598,0.18727158,0.24322292,0.48083633,0.7254976
lili_47.jpg,lili,551.0708661417325,668.3271126542252,202.53334153543307,652.256742513485,0.11792415613434101,0.0996006753691146,0.18440419290924714,0.09946165148279627,13.91966043307087,15.528923057846113,8.491510826771654,15.5990451980904,8.963054199172367,9.046059692268589,8.631242835001366,9.039062021812033,0.00021318975743420246,0.0001871093704367332,0.0003217978237714288,0.00019045558582158148,0.014601019054648291,0.013678792725848769,0.01793872414001143,0.013800564692126966,0.9318695389531892,0.9172483548181101,0.974929168609397,0.9192383402767074,0.112356156,0.8396864,0.19944817,0.08165543,0.48534876,0.012152374,0.0049035894,0.010979776,0.62076527,0.5885923,0.18628703,0.13300061,0.1433419,0.13055891,0.16000289,0.3906713,0.0010920982,0.113578215,0.3258548,0.2435379,0.11617194,0.21173054,0.5304867,0.69416493
lili_48.jpg,lili,1271.1745816929133,2342.737367474735,1678.3567298228345,2299.6216132432264,0.05503369127970377,0.03961517640986146,0.05107792923281505,0.04344082014565146,23.59313484251968,33.12697625395251,27.242802657480315,32.795771591543186,9.596886361404792,9.766708023394866,9.669182480235614,9.76035361120299,8.191630152791556e-05,6.716071464258992e-05,7.582565213958551e-05,6.7916063663983e-05,0.00905076248323397,0.008195164101016521,0.008707792610046792,0.00824112029180396,0.8453803263771954,0.715259415041641,0.7959623821706681,0.7204886130887588,0.14525476,0.2844182,0.7204167,0.059741873,0.013236925,0.011479811,0.07707873,0.60761,0.17251386,0.25097495,0.3582722,0.43237436,0.4276801,0.3778875,0.33278912,0.3943174,0.056532394,0.2112443,0.29738888,0.46524417,0.42913947,0.38432527,0.5051494,0.24544877
lili_49.jpg,lili,1543.1394562007872,1832.0256060512118,905.1513287401574,1839.3909727819455,0.06620970527232369,0.058322220727294115,0.08354100475114207,0.05489101477910509,25.824741633858267,28.856779713559423,19.72416338582677,28.819207638415275,9.466970929690923,9.536721327561626,9.337518949313905,9.547192241668924,0.00010356185263151775,9.300595202343603e-05,0.00011956328844298313,9.171820687246057e-05,0.010176534411651039,0.009643959354094978,0.01093449991737085,0.009576962298790811,0.7569505780638525,0.7106415569678092,0.857237045738225,0.7095045645483549,0.52880496,0.39531207,0.016058244,0.010333131,0.05808895,0.34211043,0.42254126,0.514562,0.9566574,0.26734543,0.0951718,0.049394075,0.03475226,0.019404816,0.011642889,0.010760852,0.00091183506,0.024359023,0.061483737,0.14745675,0.2745926,0.565468,0.62213206,0.4378111
lili_50.jpg,lili,1104.7480930118113,1473.6227292454587,717.7583046259845,1469.3859507719017,0.10880931544888599,0.09088246389189789,0.14230086860896063,0.09400941075688544,19.468934547244096,22.596875193750392,15.211060531496067,22.712381424762853,9.156951738482103,9.255938183546178,8.978890577424252,9.245585850192892,0.00029962816273288806,0.00024937280949024045,0.0003866796063670253,0.0002575682502719708,0.017309770730223092,0.015791542340450486,0.01966417062494692,0.016048932994812172,0.9164689790631104,0.888397089704006,0.9460247204942859,0.8887194776021764,0.22625478,0.92799735,0.27190885,0.07689639,0.061275236,0.060670547,0.011791452,0.014411774,0.94951105,0.190008,0.094051845,0.07723042,0.11679779,0.0993416,0.06643932,0.13996692,0.5829105,0.12920618,0.039962128,0.07356986,0.14713971,0.44523177,0.5361703,0.35937673
lili_51.jpg,lili,3153.7618110236217,4227.518569037138,3051.5428149606296,4139.0814061628125,0.029545745977099483,0.026429481871631907,0.030758858062391883,0.02590199795784408,41.586245078740156,48.78845557691116,40.490649606299215,48.43375286750574,9.882001107816773,9.939519589061725,9.866899200132803,9.932460695391178,5.828972839586303e-05,5.442356969406109e-05,5.958013625011624e-05,5.480028320091361e-05,0.007634771011357382,0.007377233200466221,0.007718817024008034,0.007402721337515928,0.6301637479164479,0.5042140908838021,0.641976192389729,0.5145543351403432,0.20589966,0.05400647,0.058711577,0.048789933,0.023934685,0.04316426,0.3240388,0.91729164,0.17786708,0.4418039,0.5108454,0.469823,0.4069735,0.3102225,0.16269653,0.056038193,0.0115960585,0.06957635,0.10894901,0.14683846,0.2565965,0.4213684,0.6474915,0.54676765
lili_52.jpg,lili,597.3395054133857,927.6871473742947,517.4109867125985,841.9671399342798,0.5759653887365852,0.5275269758764027,0.574024835552532,0.5296284172667661,9.122969980314961,12.136772273544544,8.884904035433072,11.592163184326367,5.7396437879528195,5.93901914699264,5.75171339149453,5.9259070442597865,0.053378052007568864,0.04883788668935138,0.05409335043523606,0.04919701959188155,0.2310369061591002,0.2209929561984983,0.23257977219705944,0.22180401166769179,0.8613607199188394,0.7857186834386513,0.8797665696219971,0.8055186732324991,0.076162934,0.027890652,0.037132524,0.025992768,0.981949,0.021041764,0.019556463,0.16222788,0.17262064,0.9789872,0.10222228,0.030939918,0.016554866,0.00892034,0.0048218053,0.0016072685,0.0005633542,0.0144862505,0.021890335,0.017142063,0.028811542,0.099069856,0.15452,0.9820873
lili_53.jpg,lili,1874.3877952755904,2264.069936139873,1478.7774975393704,2252.315518631038,0.06455608708872337,0.05513242140637893,0.0713113572033487,0.05523557697295159,27.06545275590551,30.85411370822742,23.545214074803155,30.66842333684668,9.58648910106703,9.666216021000654,9.50927172748857,9.654414613056424,8.529936493466736e-05,7.743768975044927e-05,9.297748087683678e-05,7.898682794699585e-05,0.009235765530515992,0.008799868734841973,0.009642483128159301,0.008887453400552706,0.7499851305079468,0.697094651124446,0.802921956711417,0.6987285425859961,0.24132945,0.51909184,0.08033935,0.0025949404,0.0038405117,0.016919011,0.020967117,0.8155378,0.28287008,0.33898365,0.6090483,0.5699127,0.28056797,0.14862908,0.07812739,0.049207307,0.08460469,0.22050886,0.26265335,0.3396815,0.35341397,0.5770797,0.47905827,0.26912498
lili_54.jpg,lili,1297.6826402559054,2110.6731973463943,1434.2798351377953,2177.7415214830426,0.05647373973394522,0.04511489410271192,0.05968194231299554,0.04351754992563425,24.31170029527559,31.73550747101494,25.12629183070866,32.03441006882014,9.60642645863509,9.748156013252263,9.614714577285003,9.743424641647293,8.114243523408921e-05,6.893280573094717e-05,8.032505078682032e-05,6.915191460738179e-05,0.00900790959291273,0.008302578258044134,0.008962424381093561,0.008315763020155263,0.8317713205956279,0.7264235288498494,0.8141581101712149,0.7177271455722309,0.18924662,0.21957883,0.40038517,0.2033577,0.074116096,0.063433886,0.1937305,0.8168596,0.3876029,0.43171898,0.4672072,0.4328585,0.3600914,0.27153367,0.20478977,0.11134833,0.012767183,0.15995665,0.27295357,0.26972508,0.47223902,0.6298477,0.42586625,0.1609839
lili_55.jpg,lili,955.6081446850394,1886.4467108934214,1388.4296875,1727.9146878293755,0.09100644017807326,0.06722015232491262,0.0804464558814286,0.06657120441577243,19.207923228346456,27.806993613987224,23.623585137795274,26.95653791307582,9.331371400620071,9.522206900985399,9.445486859607522,9.526029602587995,0.0001308874688061876,0.00010532025528059979,0.00011536094849533449,0.00010219314877218626,0.011440606138058753,0.010262565726006328,0.010740621420352479,0.010109062704928992,0.8976508745183127,0.7976826991780169,0.8513016881228925,0.8146982053308544,0.066556364,0.8660776,0.48926908,0.06974807,0.03407611,0.0076037594,0.0030039544,0.0016897244,0.65436345,0.4178877,0.46825618,0.32454947,0.22509305,0.12079899,0.06701569,0.053214163,0.067170374,0.19403176,0.25084612,0.20769598,0.18727158,0.24322292,0.48083633,0.7254976
lili_56.jpg,lili,523.466719980315,929.013144026288,448.50203001968515,581.5995411990824,0.2620182257509903,0.20890560029328328,0.28130860800424684,0.21562229097046642,10.254982775590554,14.43964287928576,9.194082185039372,11.568913137826277,8.266264324984181,8.531805421495568,8.249524158753868,8.439066459235192,0.000677331676928979,0.0005076464365837157,0.0006827827986710662,0.0005512202728788866,0.026025596572009237,0.0225310105539835,0.026130112871380142,0.023478080689845297,0.89861820481908,0.8190465430387331,0.9127224796194935,0.8867301570479535,0.025629247,0.63991034,0.014866788,0.008026241,0.038489476,0.76687086,0.00036482915,0.00018241457,0.40221554,0.9031604,0.085146435,0.05534518,0.05423017,0.071867645,0.05341925,0.035376314,0.03286848,0.12664427,0.10048364,0.29635295,0.44164506,0.7586582,0.31272012,0.12865663
lili_57.jpg,lili,1297.6826402559054,2110.6731973463943,1434.2798351377953,2177.7415214830426,0.05647373973394522,0.04511489410271192,0.05968194231299554,0.04351754992563425,24.31170029527559,31.73550747101494,25.12629183070866,32.03441006882014,9.60642645863509,9.748156013252263,9.614714577285003,9.743424641647293,8.114243523408921e-05,6.893280573094717e-05,8.032505078682032e-05,6.915191460738179e-05,0.00900790959291273,0.008302578258044134,0.008962424381093561,0.008315763020155263,0.8317713205956279,0.7264235288498494,0.8141581101712149,0.7177271455722309,0.18924662,0.21957883,0.40038517,0.2033577,0.074116096,0.063433886,0.1937305,0.8168596,0.3876029,0.43171898,0.4672072,0.4328585,0.3600914,0.27153367,0.20478977,0.11134833,0.012767183,0.15995665,0.27295357,0.26972508,0.47223902,0.6298477,0.42586625,0.1609839
lili_58.jpg,lili,1324.4271038385828,1951.278752557505,1105.4590305118109,1772.5019530039062,0.11950495117278118,0.09860068375385124,0.12236807953999256,0.09959132418656255,20.81170029527559,26.23553847107694,18.477362204724407,24.729865459730924,9.163046129556218,9.317890946454414,9.13348003507794,9.291723813560186,0.0006496106131860702,0.0004627156628608004,0.0005127100708302979,0.0004626041864148952,0.02548745992024451,0.021510826642897767,0.02264310205847021,0.021508235316150304,0.8724201638196245,0.8115668035114872,0.893135379490992,0.8288303954876153,0.30090106,0.9496665,0.085288845,0.003941569,0.008302454,0.006122011,0.01006358,0.009728127,0.43808278,0.5061683,0.42291895,0.37090704,0.4029027,0.26263738,0.061261833,0.019561328,0.110124014,0.40117604,0.26208675,0.14874437,0.14636558,0.7822023,0.2720217,0.16987364
lili_59.jpg,lili,1855.262057086614,2157.3258106516214,898.0712967519687,2300.944447888896,0.06929515460637978,0.06751568419897137,0.09803808680545414,0.05744992987982925,27.1293061023622,29.108562217124437,18.216596948818903,31.134664269328542,9.594112095629075,9.623524083258957,9.378379705190971,9.676068623330655,0.00010492037585637671,9.920058280193441e-05,0.00013789956779132316,9.172012888014863e-05,0.010243064768728972,0.00995994893570918,0.01174306466776553,0.009577062643637068,0.8227008235889853,0.793513841376923,0.9139409621569312,0.7797678712992613,0.32229152,0.21578316,0.08911923,0.01580829,0.0150178755,0.017290318,0.026874093,0.91658443,0.2687521,0.35866916,0.33918712,0.34168482,0.31504273,0.28323874,0.2521008,0.5694747,0.2551985,0.12857436,0.111719,0.13665378,0.17147891,0.23611434,0.49869576,0.74386466
lili_60.jpg,lili,1469.7072465551182,1696.8727137454277,581.6080831692915,1754.2526505053013,0.09578788319306693,0.084759523240516,0.13305575762006755,0.07747195771598035,23.390932578740163,25.151218302436607,14.530450295275593,26.09628619257239,9.33593533292288,9.39763866236932,9.074783380948007,9.425958705437772,0.00017887853158518824,0.00015372025288039665,0.0002459740637254713,0.0001466165124654634,0.013374547902085821,0.012398397189975673,0.01568356030133054,0.01210853056590532,0.8781411243742634,0.8592678927280392,0.9516972532914382,0.8545104070772951,0.2242372,0.96994656,0.083818436,0.008406814,0.008822993,0.023805434,0.01281831,0.031879306,0.11973701,0.24118233,0.3840592,0.36138526,0.3022156,0.24056113,0.22472043,0.6705894,0.796677,0.21828976,0.10188647,0.082261905,0.111564346,0.357678,0.36076954,0.17312635
lili_61.jpg,lili,1839.2178272637796,2138.315022630045,893.636995570866,2201.1333002666,0.05768893316478773,0.04738407330721857,0.0767068244337124,0.04527624726841864,28.828924704724407,31.492404984809962,19.51851624015748,32.288486576973156,9.622146508546235,9.666651113028887,9.424760642617102,9.688204267480584,8.507988207382664e-05,7.979599318365351e-05,0.00010514364290447329,7.683610134409801e-05,0.009223875653640754,0.008932860302481704,0.01025395742649994,0.00876562041980475,0.7817447881449123,0.7459390159688021,0.8936345032103113,0.7384952326799673,0.6664182,0.1168795,0.0,0.0,0.0,0.0,0.0074564274,0.7363222,0.10804563,0.5225505,0.49893323,0.528066,0.3853722,0.18144313,0.07594307,0.016687676,0.0,0.026641576,0.11440206,0.25818822,0.3272735,0.29932594,0.33053836,0.7833146
lili_62.jpg,lili,1559.9781619094488,2035.921445842892,1235.3436269685042,2121.2412424824847,0.08780842535030267,0.06437284020834948,0.10346620867333504,0.06859156120678297,24.088275098425196,28.660859321718647,20.394438976377955,29.409138818277633,9.451338721542372,9.575963955093648,9.348004168954564,9.579270240329388,0.0001194346260762834,9.64002176004848e-05,0.0001264353724996513,9.669236276906427e-05,0.010928615011806546,0.009818361248216771,0.011244348469326771,0.009833227484862957,0.8431735900927552,0.7957042308754555,0.8756898625558137,0.7871517331658768,0.10590706,0.44866607,0.710268,0.104324214,0.28016448,0.1047559,0.31829676,0.2852008,0.6385277,0.3010225,0.18611002,0.22130698,0.3346123,0.3702914,0.29298666,0.28832588,0.007039996,0.26587218,0.6333,0.48965415,0.22333263,0.22318284,0.277256,0.33447468
lili_63.jpg,lili,1602.654281496063,2120.025916051832,1051.4424827755906,1962.8715977431957,0.06959753611204707,0.05893517955182942,0.08374629967658245,0.06199716206556287,25.764148622047244,30.49091698183397,19.996616633858267,28.613429226858457,9.602386212573986,9.699393876990086,9.470567303298628,9.658331198404596,8.573076228183705e-05,7.548300793172981e-05,9.93992466500558e-05,7.904256616994852e-05,0.009259090791316232,0.00868809575981583,0.009969917083409259,0.008890588628991251,0.8320775480993223,0.7781271794079422,0.8896159285837099,0.7945755479011053,0.025573736,0.20399284,0.9159776,0.27723125,0.20458989,0.0016916479,0.0004975435,0.0007960696,0.04351512,0.47233918,0.17651385,0.08883799,0.1571451,0.17883809,0.1984651,0.79992926,0.32991743,0.5354345,0.5153958,0.31837514,0.10500287,0.29593176,0.25120535,0.2752518
lili_64.jpg,lili,658.5653912401575,1101.2952445904893,694.8488558070867,1016.0339760679523,0.17752233769132297,0.13388668592980926,0.176828668989841,0.12964647773377974,13.533772145669293,17.660797321594643,13.96216781496063,17.26740653481307,8.65028710687642,8.822641033226525,8.697033719849335,8.85560016600897,0.0004142417342451873,0.000317083218331605,0.0003988154948966148,0.00029601609206318424,0.020352929377492255,0.017806830664989347,0.019970365417202932,0.017205118193816173,0.9340093601977845,0.8896551454077714,0.9307796999279025,0.8982027465200357,0.11061455,0.8042907,0.57716215,0.08485365,0.021336319,0.010324025,0.0011798886,0.0011798886,0.9565397,0.13770187,0.12484836,0.14228529,0.15523842,0.0715412,0.026504122,0.01783548,0.11222871,0.28622264,0.098824345,0.09816726,0.08620847,0.20106548,0.51015437,0.7602378
lili_65.jpg,lili,1559.9926181102362,2154.099448198896,1410.529281496063,2446.2934465868934,0.05971714462613172,0.04612937975625479,0.06303641895982248,0.04093790751041977,26.389763779527556,31.52272304544609,24.299581692913385,33.747101494202994,9.641830210251836,9.723458920316173,9.586657745315883,9.761662874654604,7.932602535126943e-05,7.114119256448567e-05,8.419627434957992e-05,6.79237516947351e-05,0.008906515892944302,0.008434523849304456,0.009175852785958368,0.008241586721908294,0.8136270287882158,0.7423862815480137,0.8312223327457464,0.7074575727792884,0.16377541,0.15199064,0.46103826,0.110028006,0.007048841,0.008480637,0.052095342,0.85004616,0.19887544,0.1995378,0.42424554,0.50621337,0.40834874,0.33730996,0.32207555,0.31644544,0.013089356,0.100126825,0.12306694,0.11362101,0.21955034,0.447602,0.579845,0.61398524
lili_66.jpg,lili,588.8044414370079,850.7010354020709,287.8411663385827,709.5799491598984,0.1180649077856194,0.0936578123390323,0.15902044132467086,0.09090610517273622,14.51187253937008,17.869985739971483,10.225147637795274,16.345402690805383,9.188221446539774,9.32766085325567,8.958282980102167,9.280952189390579,0.00014429673634737893,0.00012019851679358639,0.00018795490471840316,0.0001259472417884634,0.012012357651492854,0.010963508416268324,0.01370966464646029,0.011222621876748027,0.933788603375317,0.9044301339524772,0.9678998481073827,0.920289463203052,0.2653619,0.6712179,0.5510379,0.05724885,0.29718262,0.14702868,0.11946968,0.21890937,0.8424306,0.21808365,0.14709534,0.14184193,0.18292625,0.3263846,0.18791024,0.1602962,0.08530396,0.2687908,0.57333964,0.28500313,0.15181984,0.21424477,0.5804609,0.32348838
lili_67.jpg,lili,1597.1996801181103,1852.1275962551929,949.5260211614175,1857.5268770537543,0.09219129216179309,0.07387662817364676,0.1247662797618674,0.07044215010338825,23.70558562992126,26.271064542129086,16.747600885826778,26.698059396118794,9.401759083192506,9.481723698890477,9.16574215594486,9.5049424945713,0.00011421055556954861,0.00010060557042187926,0.00014946972032615945,9.647709790800572e-05,0.01068693387130044,0.010030232819923936,0.012225780969989584,0.009822275597233348,0.7432065789569896,0.7026852584964272,0.847066968289932,0.7017927953256307,0.4456244,0.34796867,0.6487932,0.009104556,0.030057508,0.019955192,0.03517103,0.5067372,0.13387054,0.13593405,0.4400446,0.78632826,0.3416407,0.15631127,0.1008543,0.018055758,0.02275632,0.4835389,0.6470424,0.2679458,0.04564418,0.05892966,0.12535706,0.5039275
lili_68.jpg,lili,1874.3877952755904,2264.069936139873,1478.7774975393704,2252.315518631038,0.06455608708872337,0.05513242140637893,0.0713113572033487,0.05523557697295159,27.06545275590551,30.85411370822742,23.545214074803155,30.66842333684668,9.58648910106703,9.666216021000654,9.50927172748857,9.654414613056424,8.529936493466736e-05,7.743768975044927e-05,9.297748087683678e-05,7.898682794699585e-05,0.009235765530515992,0.008799868734841973,0.009642483128159301,0.008887453400552706,0.7499851305079468,0.697094651124446,0.802921956711417,0.6987285425859961,0.24132945,0.51909184,0.08033935,0.0025949404,0.0038405117,0.016919011,0.020967117,0.8155378,0.28287008,0.33898365,0.6090483,0.5699127,0.28056797,0.14862908,0.07812739,0.049207307,0.08460469,0.22050886,0.26265335,0.3396815,0.35341397,0.5770797,0.47905827,0.26912498
lili_69.jpg,lili,2385.0527189960635,2682.7098394196787,1355.112696850394,2808.186620373241,0.07817503651776486,0.07401018772528892,0.11055804968640337,0.06768877402946083,29.8462721456693,31.78467356934713,20.92335137795276,33.684419368838746,9.584398789302739,9.613984718536685,9.360018112590517,9.656422389754947,0.00019906527850165076,0.0001845473341885985,0.0002886464513163402,0.00017063968655806365,0.014109049525097386,0.013584819991026694,0.01698959832710415,0.013062912636853377,0.7809480805656531,0.7531966787847492,0.8752288001796795,0.7416553445201691,0.3114884,0.2256538,0.091443375,0.016325597,0.030748209,0.023837375,0.024238002,0.9172381,0.33565152,0.2817419,0.30773404,0.31703985,0.2764472,0.24098879,0.21034375,0.65878826,0.26284456,0.12094411,0.11272594,0.13107987,0.16176105,0.21079615,0.476928,0.7670295
lili_70.jpg,lili,135.48634350393704,218.245644491289,133.7634104330709,167.18866637733277,0.6245904260209626,0.5951454332677005,0.6301876169132009,0.6088569180641951,3.938853346456694,5.3615227230454465,4.02669783464567,4.5551491102982204,4.15078717004946,4.311592269220696,4.14627797954963,4.24381700421728,0.27876031130480244,0.2700073648643794,0.27872554219229545,0.2705641551155382,0.5279775670469367,0.5196223290663897,0.5279446393252757,0.5201578175088194,0.8569958095778272,0.7708127679247494,0.8588143445133697,0.8244294507196784,0.78109837,0.62391603,0.024680084,0.0006126262,0.0006126262,0.0014002884,0.0014878064,8.751803e-05,0.99917567,0.038786564,0.009469629,0.005188838,0.0030484423,0.0018809538,0.0018160933,0.0033078843,0.0,0.0,0.0001935553,0.0007742212,0.0016129608,0.004709846,0.0510986,0.99868083
lili_71.jpg,lili,301.67937992125985,444.13063426126854,334.10045521653547,534.1490482980968,0.5451703075620513,0.497127798462099,0.5325138244065901,0.5083569824838268,6.8861958661417315,9.223324446648894,7.2511687992126,9.400582801165605,5.118725147206252,5.32986746798821,5.167603677985026,5.289284626200639,0.18804327305920243,0.1774545703595716,0.18659901717996802,0.17850439210085445,0.43363956583688534,0.4212535701446002,0.4319710837312702,0.42249780129706527,0.9179425553135061,0.8797435818379671,0.9092431860543564,0.8553903611369517,0.87023205,0.028645335,0.0062395777,0.040651795,0.057668824,0.019380506,0.041597184,0.48451266,0.9849582,0.14877094,0.07884317,0.03535151,0.015194947,0.0050391406,0.0013954544,0.0006202019,0.00020311115,0.002843556,0.005687112,0.00819215,0.011509632,0.01475941,0.06865157,0.99741113
lili_72.jpg,lili,1642.1708907480315,2609.7500775001554,1984.113004429134,2502.8154876309754,0.06110867993945126,0.044321613818633754,0.052446328844480916,0.04409030541460462,26.948818897637796,34.97296794593589,30.034018208661415,34.529791059582124,9.624980731158555,9.755820452941498,9.69177062856484,9.752837867085052,8.257096592318184e-05,6.97169848676606e-05,7.61605527117304e-05,7.011484045908139e-05,0.00908685676805692,0.008349669746023528,0.008727001358526902,0.008373460482923496,0.816817856055109,0.7082814339428786,0.7781368178099741,0.7202267537474181,0.37585142,0.59650505,0.5981934,0.02558491,0.027403127,0.045845043,0.094157666,0.36429277,0.7173344,0.35207134,0.3717123,0.35192478,0.21898194,0.15492898,0.117699124,0.11681968,0.019016359,0.09403364,0.36490446,0.3020157,0.3168395,0.37119332,0.34618756,0.63906944
lili_73.jpg,lili,353.8120078740158,384.63450926901845,259.562376968504,421.3065906131812,0.47437767755416926,0.4617791433110965,0.48441955647083434,0.4634080248482896,8.828001968503939,9.383098766197532,7.586122047244096,9.79291958583917,5.545853638667715,5.6276981635475956,5.488337368005038,5.628844819971032,0.1773023135279669,0.1693564696572011,0.17922694549002385,0.17011978347845333,0.421072812620296,0.4115294274498497,0.42335203494258045,0.4124557957872011,0.8622199814493885,0.8507127636710218,0.8989222855135673,0.836479319863013,0.74998707,0.004405469,0.0014978595,0.0053746724,0.010925563,0.0010573126,0.009075266,0.6612609,0.8590489,0.32386604,0.3819155,0.10263066,0.025266144,0.0036541943,0.0064731445,0.007726011,0.0,0.0,0.0,0.0,0.0025999802,0.0073332773,0.08606601,0.9962591
lili_74.jpg,lili,1347.0243602362202,1631.460722921446,813.2390501968506,1543.3106206212415,0.09002933695810597,0.0676352808663937,0.1086694447427479,0.07211953129998938,21.461122047244093,24.4740529481059,16.328986220472444,23.235104470208938,9.293817458953974,9.38225770900212,9.148956254220161,9.350398347920413,0.00012917512407290438,0.00011310054240171721,0.00015146587910363325,0.00011806316625219277,0.011365523484332096,0.010634873878035283,0.012307147480372259,0.010865687564631738,0.819757106069662,0.7809577577161089,0.8914237868865473,0.7927854615209022,0.13084558,0.16534206,0.0145590035,0.0006491276,0.0029674403,0.041173235,0.21013187,0.95366114,0.39367417,0.46540102,0.5173618,0.48337018,0.31520888,0.11904563,0.058549486,0.10077699,0.04212645,0.03819327,0.048233237,0.10257325,0.12596534,0.12627585,0.2767718,0.93568337
lili_75.jpg,lili,206.77731299212599,306.9441378882758,215.07738681102362,323.11141422282844,0.6371670782822451,0.608477090017285,0.6399562530896861,0.6017452982488165,4.83759842519685,6.048732097464196,4.840551181102362,6.441936883873769,4.190686778885815,4.317079801974802,4.191392866416582,4.334786146458986,0.30135333207678133,0.292965179705547,0.30195293087119374,0.29316595070663026,0.5489565848742333,0.5412625792584843,0.5495024393678283,0.5414480129307248,0.9106924037699887,0.8681784893318919,0.9071392095261573,0.8612352233536857,0.9779115,0.1624723,0.0032397266,0.0025917813,0.047947954,0.122137696,0.0046976036,0.0059934943,0.999627,0.024915608,0.008944064,0.0045998045,0.0037053982,0.0027471054,0.0015332683,0.00063886173,0.0,0.00082040497,0.0041020247,0.006936151,0.007980303,0.04773265,0.17019674,0.9841876
lili_76.jpg,lili,760.3623277559055,996.6548453096905,414.6910679133858,891.4064728129455,0.12628021038740989,0.10346413747612697,0.16287399309944206,0.10794017522638,14.477854330708661,17.330770661541322,10.618602362204726,16.04185008370017,9.054525296825426,9.196796271144894,8.849559792731123,9.139351021480898,0.00016514950022087542,0.00013794441377710327,0.00020723533878708379,0.0001451826947301981,0.012851050549308232,0.01174497397941363,0.014395670834910187,0.012049178176547897,0.8794875783387474,0.8414467136356141,0.9340717198559116,0.8581911054348248,0.1157212,0.9895046,0.059818722,0.031790696,0.053675592,0.002687619,0.0026108301,0.0023036734,0.41875616,0.2728134,0.4828825,0.6577098,0.2639684,0.11166831,0.047127344,0.009397828,0.0015144044,0.1632528,0.47567442,0.593798,0.29788336,0.37269494,0.3074241,0.26895824
lili_77.jpg,lili,439.449187992126,922.9460598921198,611.8407357283464,857.5074710149421,0.16244951967970694,0.09975532866349876,0.13660041025497185,0.1043837621156675,11.835752952755906,17.81406162812326,14.226193405511811,17.289230578461158,8.790495453754431,9.073565403962235,8.95530920957716,9.073944559830132,0.0002993670538122326,0.00019524330697244692,0.00023077676770587915,0.00019513567454191764,0.017302226845473754,0.013972949115073987,0.015191338575184187,0.013969097126941226,0.9521548062965732,0.8993808611370341,0.9334924164752917,0.9065166055067252,0.216146,0.20665403,0.49358308,0.050036307,0.047595512,0.06671508,0.51188904,0.6290473,0.85151476,0.41194594,0.07967256,0.053761855,0.04828294,0.045885913,0.09028795,0.28878447,0.036737505,0.1845419,0.17013982,0.1565921,0.1689193,0.09178274,0.30830213,0.8826766
lili_78.jpg,lili,440.62032480314974,809.5554591109183,717.9296875,902.8363196726394,0.619950527672914,0.5705863038481699,0.5975014011277427,0.5834309032975392,6.687500000000002,10.606237212474426,8.807394192913385,10.652675305350613,4.671463494389877,4.913935540079272,4.752129440648593,4.849729292818495,0.24932699554119822,0.23918852896915913,0.24708655233960863,0.24053416114768245,0.4993265419955144,0.48906904315153615,0.4970780143394079,0.4904428214865444,0.9479108221692985,0.9017143182916276,0.9127636552943204,0.8903896710305732,0.9058638,0.015884431,0.0021660589,0.0086642355,0.013718372,0.11777944,0.00848373,0.406136,0.9768637,0.15148269,0.09150132,0.050465908,0.10849321,0.009600417,0.0027187022,0.0008495944,0.0033279355,0.08066627,0.0075240284,0.005932407,0.005932407,0.01902711,0.06880145,0.99411225
lili_79.jpg,lili,1011.7142593503935,1294.7778535557072,462.0421382874017,1152.208878417757,0.12392689895882453,0.09999925179227839,0.15489700291929326,0.09772779144674748,19.02639025590551,22.39419678839358,13.108821358267718,20.75733151466303,9.124467378237924,9.26860848189729,8.934124540263522,9.217749331973828,0.00022076002403957932,0.00016788737154881466,0.00028416786569901274,0.00017448946795717388,0.014857995290064515,0.012957135931555811,0.01685727930892209,0.013209446163907625,0.8578818378424221,0.8183279102804157,0.9349811122162495,0.838323621887822,0.80771005,0.34572747,0.42587924,0.19348589,0.09101781,0.019745842,0.007594554,0.023134181,0.48576805,0.5166515,0.28053752,0.16765311,0.11440575,0.1284022,0.54342735,0.25573945,0.0,0.76368994,0.32740322,0.1238111,0.09558669,0.08354427,0.15805672,0.50314724
lili_80.jpg,lili,708.2777436023621,1025.6459792919584,712.6429625984254,947.6170252340504,0.3073455759337429,0.20998494708446128,0.3418530300590751,0.21775450076795497,13.011626476377954,17.096534193068386,12.375984251968507,16.490978981957962,7.082072315106086,7.336323065692847,6.9774817724960325,7.322749594588043,0.014336414231910495,0.00852270295277772,0.01727682044231277,0.008681841345330652,0.11973476617887761,0.09231848651693614,0.1314413193874467,0.09317639907900847,0.836096825677349,0.7638671457074314,0.8351058978794964,0.781828383708685,0.8116903,0.006106361,0.08913464,0.0046481253,0.0016405148,0.00027341914,0.002551912,0.57718784,0.9618942,0.24168818,0.08930802,0.042224765,0.018462291,0.07738262,0.016077211,0.00026500897,6.719495e-05,0.002889383,0.011960702,0.031178458,0.023585428,0.009541683,0.022846283,0.99885297
lili_81.jpg,lili,306.16683070866145,437.516151032302,274.6818405511811,445.4441068882138,0.6376921813011605,0.6200404255631136,0.6573581571319085,0.6284406384874812,5.212352362204724,6.707049414098828,4.677903543307086,5.981275962551925,4.059221672443761,4.176883339665119,3.9752652827303154,4.110358014334857,0.31250286273765904,0.3041108465501696,0.3137870134382848,0.3053586831335112,0.5590195548794863,0.5514624615965892,0.5601669513977817,0.5525926918929631,0.8921975374172009,0.8468566097814263,0.9032835177812898,0.8440815944261922,0.8382102,0.5440104,0.03595092,0.001406393,0.004219179,0.0045707775,0.011075345,0.0007031965,0.99338466,0.10315833,0.03306639,0.019795842,0.028227404,0.015030176,0.0047656656,0.0038125324,0.0,0.0056056366,0.00916043,0.014766066,0.014560983,0.017637247,0.060568217,0.9977349
lili_82.jpg,lili,1676.4960629921259,2001.6848533697068,1037.7375123031497,1954.2334924669851,0.06168781027316671,0.056154463409143554,0.08498379839128618,0.05804228752641541,26.147022637795274,29.0996961993924,19.2042937992126,28.638601277202557,9.52694058579069,9.604296757375247,9.34752164326873,9.57891022129614,9.563019614320479e-05,8.632120928449187e-05,0.00011606480732492717,9.06168964672234e-05,0.009779069288189177,0.009290920798526477,0.010773337798701346,0.00951929075442196,0.7933554836726537,0.7525304400169229,0.8715247590322774,0.7583902810198122,0.25685972,0.24597241,0.053932473,0.009173561,0.019456014,0.023085115,0.1181474,0.92501754,0.2656753,0.4565125,0.53057104,0.4894101,0.3548574,0.18226199,0.09900459,0.17618139,0.010245129,0.077304155,0.13185613,0.14702424,0.23018275,0.32544914,0.67830735,0.57958156
lili_83.jpg,lili,936.7086614173227,1231.1448942897887,697.9029281496063,1389.1389422778848,0.14226900243637927,0.11351568845773291,0.16979479609119189,0.10569325738439386,18.097194881889763,21.125426250852502,15.401574803149606,22.83749767499535,9.215030715617747,9.339080757562714,9.119055166095851,9.400286251175416,0.00021910444211513424,0.00016306313225187676,0.0002526115281722751,0.00015164640658501977,0.014802176938380863,0.012769617545246872,0.01589375752213035,0.012314479549904648,0.9047768213628218,0.8750561516610055,0.9293453636957562,0.8590237971960335,0.32253897,0.40272656,0.52852273,0.14427806,0.08525522,0.16782758,0.6021522,0.18869424,0.31592375,0.13939728,0.33839667,0.50140685,0.49147314,0.38399392,0.21642406,0.28107443,0.47388285,0.514327,0.16910216,0.1465145,0.17871718,0.1813117,0.26662588,0.570033
lili_84.jpg,lili,576.9580462598425,642.2687705375411,219.3686023622047,708.746915493831,0.18215438957202018,0.16042602726273308,0.2851537305895919,0.16965877223111026,13.312253937007874,14.469650939301879,7.149360236220472,14.702523405046811,8.762881495659018,8.868378372681198,8.282998236365152,8.829222519456142,0.0003576302928973045,0.00029004057016112045,0.0005503457051835979,0.00031072713890731274,0.018911115591030172,0.017030577505214566,0.023459448100575552,0.017627454124385426,0.9018925414199389,0.8906826685466399,0.9626851011284804,0.8793701813836129,0.6593084,0.54998463,0.11390135,0.08751286,0.15981194,0.1711213,0.03258171,0.43164033,0.9608048,0.2639941,0.06250461,0.042269923,0.023149857,0.015690459,0.014661577,0.021692274,0.027039975,0.05274793,0.34592518,0.6971784,0.35271847,0.44968942,0.2532167,0.0038628534
lili_85.jpg,lili,341.2709768700788,432.5301630603262,274.3070866141733,458.1044702089404,0.48504820616622063,0.4600040083267397,0.49575407779423036,0.46263847832448085,8.285494586614174,9.971665943331887,7.650467519685039,10.056234112468225,5.714281372224431,5.85059353490006,5.68666506465628,5.851919788657366,0.16543649109026748,0.15755545585119313,0.16605696913786402,0.1573134404871327,0.4067388487595788,0.3969325583158846,0.40750088237679194,0.39662758412285537,0.9539610478536961,0.9418558788326244,0.9629940690728114,0.9384179784487537,0.7688124,0.019164102,0.021733591,0.022054778,0.029334996,0.007280218,0.35790837,0.5278158,0.9551172,0.107751,0.15116073,0.14641762,0.12424876,0.10115189,0.07207459,0.031448856,0.0,0.0,0.0,0.0,0.00012867984,0.0029596363,0.052437034,0.99861985
lili_86.jpg,lili,1270.6807947834648,1473.0565441130884,526.3577755905512,1337.3450306900618,0.1026654154001598,0.08501589808347124,0.15289939437786254,0.09060056259343595,20.94641978346457,23.352780705561415,12.657357283464567,21.29704259408519,9.266534503059052,9.351956391655978,8.951409539503963,9.273101540425747,0.00014163266851924334,0.00012210322641241725,0.00020555326755184757,0.00013360452041754725,0.011900952420678075,0.01105003286929126,0.01433712898567379,0.011558742164160737,0.8284528895220654,0.8007134386892096,0.9289216766200953,0.8190730777284939,0.029527387,0.98458564,0.17236431,0.0027636471,0.001309096,0.0004363653,0.0004363653,0.00014545511,0.31108764,0.63144976,0.4762989,0.27556172,0.25213975,0.273361,0.16819796,0.18737568,0.002927873,0.045033477,0.26657587,0.26783067,0.19770114,0.48923364,0.68303096,0.33196503
lili_87.jpg,lili,2155.565268208661,3748.507967015935,2767.6631397637793,3515.7583855167713,0.05841128574856158,0.04026987512774703,0.05160509876694938,0.04110129787120744,30.138471948818896,41.74214148428297,34.46062992125984,40.77667555335111,9.689171392479459,9.843630846372104,9.74961688088682,9.836277052596884,7.887570706782037e-05,6.336474945874438e-05,7.384652220476315e-05,6.40585942341207e-05,0.008881199641254573,0.007960197827864857,0.008593399921146645,0.008003661301811859,0.7751281579773225,0.608265544658803,0.7108826604014932,0.6325638424350577,0.07917707,0.82395375,0.24354464,0.028842278,0.017817624,0.012695056,0.1318504,0.48664385,0.1701559,0.28432098,0.30911914,0.31551364,0.28494483,0.24236687,0.24533017,0.70355016,0.10352123,0.10310989,0.1534308,0.18455572,0.21856005,0.2787532,0.41504472,0.78950363
lili_88.jpg,lili,1764.5642839566929,1881.8477896955796,797.5581938976378,2208.41583483167,0.05045505611708266,0.05324978482289816,0.10508876555205834,0.041439267622674206,30.857221948818896,30.93489986979974,17.91892224409449,35.27032054064108,9.727330239539496,9.71086575391718,9.34293951473611,9.779639579824142,7.900626152814805e-05,7.958457233797102e-05,0.00014709135863584226,7.267687670721612e-05,0.008888546648814307,0.00892101857065498,0.012128122634432843,0.008525073413596866,0.8152135952299933,0.8029801951638497,0.9164680538149882,0.7687943997143526,0.09305291,0.43205565,0.7751387,0.021081414,0.0057803877,0.04012269,0.042616192,0.44713,0.23929392,0.22673342,0.2586178,0.3336588,0.5117605,0.5582988,0.32383585,0.18615328,0.49668112,0.50899816,0.3320805,0.24698088,0.21962743,0.3575144,0.37367055,0.085259594
lili_89.jpg,lili,107.29502952755905,145.3010726021452,59.8663877952756,143.05437410874825,0.3852186908618273,0.3182859913916234,0.44009793794498886,0.31505754497663446,4.828125,5.81765763531527,3.7075541338582685,5.912827825655652,7.053079081550908,7.251007322797582,6.847532966937157,7.285875053336392,0.0025070827119193302,0.001828403991608653,0.003216010460341234,0.001751910007633023,0.05007077702532017,0.0427598408744543,0.05670987974190418,0.04185582405870207,0.9004230953624724,0.8655558234141583,0.944431064243761,0.8676326436966486,0.09544947,0.40393254,0.0981537,0.13160609,0.8948012,0.007812233,0.0039061166,0.0053083124,0.7145036,0.13898347,0.6837393,0.039271485,0.032643802,0.00642984,0.004352507,0.00079136493,0.0,0.0,0.00026683215,0.0015342849,0.0026016135,0.0042026066,0.088254735,0.99608445
lili_90.jpg,lili,3153.7618110236217,4227.518569037138,3051.5428149606296,4139.0814061628125,0.029545745977099483,0.026429481871631907,0.030758858062391883,0.02590199795784408,41.586245078740156,48.78845557691116,40.490649606299215,48.43375286750574,9.882001107816773,9.939519589061725,9.866899200132803,9.932460695391178,5.828972839586303e-05,5.442356969406109e-05,5.958013625011624e-05,5.480028320091361e-05,0.007634771011357382,0.007377233200466221,0.007718817024008034,0.007402721337515928,0.6301637479164479,0.5042140908838021,0.641976192389729,0.5145543351403432,0.20589966,0.05400647,0.058711577,0.048789933,0.023934685,0.04316426,0.3240388,0.91729164,0.17786708,0.4418039,0.5108454,0.469823,0.4069735,0.3102225,0.16269653,0.056038193,0.0115960585,0.06957635,0.10894901,0.14683846,0.2565965,0.4213684,0.6474915,0.54676765
lili_91.jpg,lili,523.0834153543308,881.2320044640089,537.902066929134,886.226238452477,0.21347224464537506,0.16216123950254005,0.2041327588857862,0.1570313779370659,11.86749507874016,16.310186620373244,12.140378937007876,16.650815301630605,8.438132492331968,8.654436249574294,8.415783923417532,8.688219826016077,0.0023196935431956814,0.0019523734874861405,0.002605125327438156,0.0020228054592137455,0.04816319697856115,0.04418567061261083,0.05104042836260444,0.0449756096035812,0.9277287023847609,0.8776061021572178,0.9252626099227729,0.8769101234372577,0.1872344,0.9688024,0.16175474,0.010520633,0.0057534715,0.0033698904,0.0033698904,0.005835664,0.83684266,0.32417378,0.25209025,0.21261273,0.14160709,0.15319434,0.16747631,0.11951045,0.0016469916,0.035175033,0.11046608,0.1442294,0.12905355,0.21740288,0.45704016,0.83243656
lili_92.jpg,lili,1019.8447957677165,1192.755843511687,360.7923228346457,1247.7975075950153,0.12977698465687032,0.09693129155918195,0.15985081151240993,0.09695660653601025,17.949126476377952,20.155930311860626,10.780142716535433,20.730981461962926,9.216339764887588,9.328988236737796,8.974794126711672,9.342143572123684,0.00015548090178211604,0.00012798649194545585,0.00019117903226040825,0.0001275713382848429,0.01246919812105478,0.011313111505923375,0.013826750603826201,0.011294748261242606,0.9022045074719982,0.8854534551886066,0.9653544532317134,0.8801646005581498,0.0050465357,0.67277795,0.73184115,0.10793979,0.009812708,0.0018690873,0.0014018154,0.00046727184,0.7056928,0.49334064,0.24260817,0.1497391,0.11486068,0.10435513,0.10813713,0.37623876,0.26528257,0.28499952,0.26593438,0.2623495,0.40004224,0.43100274,0.57260627,0.18755543
lili_93.jpg,lili,1707.1689837598428,2868.559799119598,2336.5084891732286,2768.3383966767933,0.13054484376319225,0.09406601246338422,0.10425054969565953,0.10227955855936234,24.36817175196851,33.711637423274844,29.30511811023623,32.977741955483914,9.128721301676725,9.325341447841753,9.251310299429694,9.30696034078252,0.000348029809829151,0.0002354978359904019,0.00026296506450434787,0.00024514631458427775,0.018655557076355318,0.015345938745818122,0.01621619759698148,0.01565714899284917,0.7736846062534293,0.6205314066928965,0.6908565666156439,0.6338068879376987,0.15737335,0.303991,0.15100484,0.04090009,0.6558167,0.099632055,0.40871787,0.50127375,0.05651044,0.29820532,0.80958503,0.3409198,0.2899808,0.17589869,0.08197993,0.120316826,0.008063894,0.524436,0.65727806,0.30642796,0.26129845,0.2915734,0.20357794,0.06521851
lili_94.jpg,lili,877.9309178149606,1785.1334862669723,1276.3676181102362,1633.3386446772895,0.09041448318866216,0.060356317335679185,0.07468282900765055,0.05761932282126167,19.152866633858267,27.751255502511,23.41129429133858,26.932047864095733,9.367346283372399,9.55216967040641,9.474202582144368,9.544919881692651,0.00012044689616722983,9.47434469734089e-05,0.00010636971957537663,9.491450565764299e-05,0.01097483012019912,0.009733624554779627,0.010313569681510695,0.009742407590408184,0.9041324493033787,0.8047232940003487,0.8605634038116533,0.8213403599020075,0.06869406,0.8798195,0.46673185,0.045242056,0.033423726,0.013480287,0.002769922,0.0025852604,0.631484,0.4270631,0.4882755,0.3319704,0.22321166,0.11786942,0.06591007,0.04654988,0.065956384,0.19368373,0.256032,0.20623998,0.18718912,0.2431871,0.50369316,0.7086342
lili_95.jpg,lili,2291.234128937008,2666.6854733709465,1757.3375369094488,2796.280178560357,0.052786537757324836,0.0442119883100007,0.06558540755960865,0.04565802953756165,30.972194881889763,34.38836877673755,26.341104822834644,35.13354826709653,9.705601351298965,9.760282116917146,9.615060079500275,9.771933871933962,7.408681809551118e-05,6.910578642286923e-05,8.293046371248992e-05,6.769887679523637e-05,0.008607369987139579,0.00831298901857023,0.009106616479927653,0.008227932716985254,0.752412295021414,0.7120267457456375,0.8101188141413636,0.6980041393825612,0.4616162,0.66357327,0.46039885,0.008764865,0.0077909906,0.008156193,0.018016666,0.36617655,0.2772738,0.24666566,0.4330971,0.5213206,0.46583307,0.29462388,0.19870743,0.24421045,0.09117827,0.34594107,0.48762494,0.3231465,0.16596828,0.15464549,0.21513303,0.6573178
lili_96.jpg,lili,2632.508366141733,2983.317812635625,1153.3605437992128,2989.6370512741028,0.0393081087092843,0.034815086724931346,0.07027077316487074,0.036701436112322544,34.93380905511812,37.77760555521111,21.94063730314961,37.549259098518206,9.775962880977701,9.82113189203202,9.550225289794604,9.806178408207158,6.700849583339792e-05,6.338396953562461e-05,8.765502150144928e-05,6.448527994086184e-05,0.008185871721044614,0.00796140499758834,0.009362426047849419,0.008030272718959291,0.695048409738049,0.6539714250858811,0.8660455542379397,0.6532111047389657,0.31768918,0.20600365,0.34053394,0.32784238,0.05049895,0.033799563,0.12972085,0.78273374,0.12951604,0.23546872,0.29528338,0.3872299,0.39415058,0.369269,0.40008262,0.48873353,0.10336987,0.452637,0.2876053,0.16293131,0.17388342,0.45338714,0.6353721,0.1888863
lili_97.jpg,lili,305.26353346456693,534.9085498170996,327.7452017716535,438.6169012338025,0.6589666178517605,0.6320653996795451,0.6586698314849933,0.6327887912555558,6.236958661417322,8.6748093496187,6.422121062992126,7.965899931799865,3.7099035594016816,3.8344901428767213,3.6967696405358654,3.818593232499004,0.32454490342330294,0.3107537298836765,0.3261388712108479,0.3108585869351043,0.5696884266187114,0.557452894766613,0.5710856951551561,0.557546936979394,0.9025879686373592,0.8302647476761376,0.8953699257872455,0.8608196664086109,0.9697194,0.11191498,0.022996228,0.030751819,0.071874484,0.013707556,0.06754579,0.18901998,0.9936963,0.03458445,0.06537675,0.06545259,0.045960918,0.024118105,0.010542191,0.0028820378,0.0,0.0,0.0,0.0008858555,0.0071501196,0.010756817,0.018160038,0.9997512
lili_98.jpg,lili,1039.4653051181103,1547.6769173538346,1321.105868602362,1661.5274970549945,0.17493657258018486,0.12680615051448346,0.13863113464751564,0.1197128807659755,15.964689960629926,21.243784487568973,18.772822342519685,22.01221402442805,8.76335243254713,9.00742030950849,8.904309418479333,9.011936944666193,0.0003354095453308095,0.00024460430841625515,0.0002728228723059009,0.0002447792111158654,0.018314189726297187,0.015639830830806806,0.016517350644274065,0.01564542141061932,0.8438503139164156,0.7677172368193671,0.8019878132956512,0.7506728029659466,0.8999531,0.42729437,0.0657376,0.0015393101,0.005704502,0.028341416,0.0070627173,0.04789971,0.90032935,0.37107188,0.1331707,0.1470794,0.10338114,0.04048057,0.004359446,0.00072657433,0.0583148,0.31014562,0.06772441,0.27213573,0.6113768,0.6680821,0.040609885,0.00012381062
lili_99.jpg,lili,627.6528051181102,785.3078926157852,503.1944512795276,795.4586769173538,0.49424471523675645,0.4769908762482938,0.5158612399988219,0.476937173552069,10.887918307086615,12.467914935829869,9.309116633858267,12.279062558125114,5.436077631912193,5.531579835055431,5.3501561479316635,5.532228500655661,0.1848364468213311,0.1778074778792002,0.1898736522692772,0.1764273149105538,0.42992609460386455,0.42167223987262925,0.435744939464909,0.42003251649194234,0.8498008660419419,0.8129292460790891,0.8796482339010523,0.8105111946497854,0.92751014,0.34703425,0.058751434,0.043305963,0.059240215,0.08025778,0.029424595,0.056112017,0.9978,0.049181394,0.027502293,0.020065447,0.016066391,0.012488286,0.018451793,0.007927957,0.0009715545,0.0036212485,0.009803868,0.014484994,0.030383158,0.21559677,0.22195603,0.95026857
lili_100.jpg,lili,447.96038385826756,584.5883811767624,383.0191929133857,641.0719821439643,0.5368827786198025,0.4751672183243743,0.5510603963097455,0.4858092548326819,7.272637795275589,8.836381672763347,6.294414370078739,9.003534007068016,6.202071515681769,6.4399508405509795,6.131667538228751,6.398573015389431,0.015351993594612184,0.012063959833791082,0.016200858695662696,0.0122416513665565,0.12390316216550805,0.109836058895934,0.12728259384402368,0.11064199639628933,0.8816454735918564,0.844355223107237,0.8977379146646515,0.8293166459584008,0.31873173,0.077683076,0.02017627,0.015021099,0.9429517,0.014132276,0.026575789,0.040974714,0.40965798,0.06738431,0.9093372,0.021496296,0.0050889193,0.0047379592,0.0055276193,0.014301618,0.0,0.0013217967,0.014804123,0.013570446,0.06274128,0.9464064,0.29731613,0.10759425
matahari_1.jpg,matahari,332.07800196850394,754.6550933101867,630.884842519685,798.486452972906,0.547318190126364,0.5115098716373334,0.528563837004529,0.5077705492885978,7.7205954724409445,11.802715605431214,10.295767716535432,12.32971665943332,5.01605203956912,5.19892647206494,5.101854684838323,5.213889639854535,0.20333889172417022,0.19173056115347767,0.20022065898623986,0.19151883278656515,0.4509311385612777,0.43787048445114185,0.44746023173712307,0.43762864712740773,0.9424544830810441,0.8698171757704931,0.8906605165741898,0.8622559862399447,0.8671099,0.49164397,0.055442285,0.012444331,0.028231917,0.012630068,0.046526942,0.00752232,0.93266153,0.02826514,0.017874839,0.016994305,0.016377931,0.021573082,0.055473637,0.3534463,0.0,0.0010849517,0.013164081,0.03855195,0.052511662,0.035297096,0.048461176,0.9959856
matahari_2.jpg,matahari,1820.749446358268,2165.782503565007,1941.412401574803,2176.5154070308145,0.24885233217489094,0.1639589384391611,0.18464134352469322,0.17765066234238716,21.06354576771654,24.87159774319549,22.898129921259844,24.622667245334494,8.590594415080943,8.8588356993742,8.798265642479963,8.833596229231919,0.0009335419671815909,0.00053617671870473,0.0005908289404469434,0.0005745496021961107,0.030553919015104933,0.02315549003378529,0.024306973082779012,0.023969764333345266,0.6666829779325637,0.6018758026437506,0.6414537200610819,0.5999105023332729,0.33945206,0.17502436,0.026850838,0.0044003045,0.9237945,0.0014368341,8.980213e-05,0.0002694064,0.0030123047,0.011006498,0.027458316,0.05387391,0.25894234,0.39866695,0.33343896,0.8118161,0.0040728673,0.06679503,0.07307888,0.10566182,0.11660038,0.71717376,0.6485169,0.17466784
matahari_3.jpg,matahari,567.0523499015749,804.2698865397732,582.7510457677165,989.2653605307211,0.5691525450302961,0.5325072625222119,0.5651077750800108,0.5336274179109491,10.095533956692913,12.402690805381612,10.347625492125983,13.683489366978737,5.43327098548399,5.591563523729796,5.4475725988413135,5.593437428049274,0.08221510473782667,0.07193858550405427,0.08086397959905296,0.07295831437096566,0.2867317644381708,0.2682136937295601,0.2843659255238802,0.270107967988665,0.9494905793524804,0.9286773595869772,0.9480857538547801,0.9122718715114727,0.9863026,0.14975193,0.032697268,0.008037753,0.016075507,0.053611036,0.015373179,0.016699798,0.8755441,0.015190506,0.018656796,0.021409439,0.04536762,0.085433856,0.16699362,0.44174808,0.9810125,0.038353253,0.06221357,0.036320705,0.046041578,0.064069375,0.09323198,0.12663643
matahari_4.jpg,matahari,2450.679995078741,2734.5163990327983,1083.137118602362,2898.6589993179987,0.0629588221367244,0.045841035761874156,0.07507469044283326,0.049150317179289214,33.749507874015755,36.61832723665447,22.4074187992126,37.86837373674748,9.721023735729961,9.791717689161139,9.569395538231586,9.799260768329598,0.00010901108227997709,8.825667102633109e-05,0.00011194193530965186,8.881789727123383e-05,0.010440837240373833,0.009394502170223343,0.01058026158984984,0.009424324764736933,0.7540463397959896,0.7250596260438685,0.891318382201867,0.7085579244081525,0.7481758,0.56405395,0.26154327,0.06712173,0.22069162,0.018053431,0.008448079,0.007985171,0.17347331,0.09824911,0.14944734,0.16274743,0.22595865,0.30504417,0.533148,0.69503736,0.21732084,0.30796546,0.38002872,0.27128753,0.21651296,0.27096435,0.35692325,0.62627184
matahari_5.jpg,matahari,556.7412647637794,1242.7560295120588,1085.394931102362,1305.244590489181,0.3059329326490428,0.20047901598889248,0.2274162500314827,0.20677004302301286,12.742002952755906,19.462210924421846,18.105314960629922,20.31967263934528,8.311014340482515,8.675788271860666,8.603466954743748,8.688418713382372,0.0023909384366620286,0.0009390602822373724,0.0011261552064119752,0.0010702315409218829,0.04889722319991217,0.03064409049453699,0.03355823604440459,0.032714393482408975,0.9285729157415178,0.8402018848464728,0.8602136518622464,0.8321563289834943,0.44783834,0.43159166,0.04241013,0.013820217,0.781739,0.0075958446,0.0014769698,0.002004459,0.005525371,0.008595021,0.016115665,0.025554841,0.060165152,0.05893729,0.09063143,0.9918041,0.055369873,0.034253202,0.0394096,0.071452916,0.77886134,0.33442912,0.2321606,0.4655489
matahari_6.jpg,matahari,982.7596579724409,1317.7162254324512,804.6225393700788,1295.6208072416146,0.23819153960099387,0.14604774961791567,0.17787693775205932,0.15206686815353326,16.71339812992126,20.37689875379751,15.264886811023626,20.400520801041605,8.830098429462849,9.043051736284976,8.858550478806695,9.03879495742779,0.00038365793284320945,0.00023504039816065248,0.00031567122460416806,0.00023985502741915028,0.019587187976920255,0.015331027302847402,0.017767138897531252,0.015487253708103004,0.8412148577419776,0.7862767679266269,0.8694921433348097,0.7898718860225239,0.21670407,0.43194062,0.057624694,0.01897995,0.87337124,0.0026415396,0.0010761828,0.0005870088,0.11996475,0.085958004,0.07805238,0.08081307,0.22148304,0.27732438,0.3424517,0.84991765,0.0004539428,0.02825794,0.027690511,0.05197645,0.16387336,0.634839,0.7132576,0.23900089
matahari_7.jpg,matahari,1796.6515748031497,2246.435426870854,1891.0672367125983,2163.697997395995,0.13791951418671788,0.11550317116978637,0.11916463277890534,0.1007727957075642,25.085506889763778,29.603013206026414,26.500307578740156,28.952259904519813,9.24806951891228,9.389207540773427,9.32120288950659,9.391065568345965,0.00034344526696865893,0.0002923988735943248,0.0003116770149555924,0.00027962136648434745,0.018532276356903892,0.017099674663405874,0.017654376651572618,0.016721882863013585,0.7695426717543526,0.7108942811193713,0.7564740710302621,0.7215526942849161,0.29076645,0.7047562,0.014807082,0.0035496429,0.64694774,0.0003042551,0.0,0.0005070918,0.035225227,0.046270426,0.05612155,0.07851046,0.09741666,0.15264265,0.20995829,0.9541659,0.0067094946,0.070449695,0.10153702,0.13866289,0.14224128,0.123454705,0.35079476,0.8982895
matahari_8.jpg,matahari,684.6138656496063,1136.3834087668176,835.187561515748,1247.190588381177,0.10520109936820352,0.07633600677629163,0.10067173668664071,0.0716099520970849,16.433747539370078,21.733399466798936,18.434485728346456,22.90476780953562,9.279452100013415,9.454035787884418,9.36357908717363,9.481732653013289,0.0001346603035002945,0.00010936031544082434,0.00012706922386501024,0.00010460911243603131,0.011604322621346516,0.010457548251900362,0.01127249856353995,0.01022785962144726,0.9345868357578351,0.891506561018346,0.9203128200871937,0.8809281930568538,0.7954414,0.5720928,0.19854295,0.02295012,0.0032227829,0.0037110832,0.0005859605,0.0035157632,0.010028282,0.08446501,0.15094115,0.11630739,0.1222003,0.11289571,0.14411779,0.95289356,0.16188724,0.38300502,0.28077543,0.1623144,0.11162674,0.14707962,0.3216388,0.7644438
matahari_9.jpg,matahari,493.62819881889754,686.2906565813132,552.8844734251968,734.760245520491,0.6788889578583078,0.6527718869038888,0.6716224102251069,0.6548850787029324,7.960875984251967,10.194680389360776,8.834645669291339,10.462520925041849,3.600327561380945,3.7229944098138823,3.633474096462606,3.7242925175768775,0.40264501482372095,0.38605685903789183,0.39938775861438436,0.3862732598054941,0.6345431544219202,0.6213347399251806,0.6319713273672979,0.6215088573829773,0.8964366487705434,0.8568446413454752,0.8839985162314168,0.8467342292017495,0.95622283,0.29112506,0.009187536,0.005113064,0.011744069,0.008388621,0.023488138,0.0036750147,0.9879285,0.01609317,0.020016382,0.024179788,0.045237023,0.054604687,0.03538896,0.12834504,7.14189e-05,0.002856756,0.016354928,0.037923437,0.07856079,0.02406817,0.014640874,0.9956509
matahari_10.jpg,matahari,690.7299458661419,875.469836939674,313.6094365157481,838.7494574989148,0.18942432209715365,0.12511728833847127,0.1841763176250107,0.14103238665871645,15.106791338582681,17.697625395250792,10.606237696850396,17.211978423956843,8.945541986370586,9.146979022716298,8.867169801941177,9.111575659808086,0.00026338132510249406,0.00018796466385790362,0.00025355757498624385,0.00019983690534682198,0.01622902723833114,0.013710020563730151,0.01592349129387911,0.014136368180930418,0.9337200678269846,0.9159428085274834,0.9699288073290554,0.9194717690617146,0.9409052,0.31141415,0.029662836,0.0035595405,0.097750455,0.082690865,0.013873081,0.015515946,0.3879288,0.31655234,0.20560683,0.13133879,0.17988697,0.21702099,0.36373082,0.69139296,0.26509345,0.35246798,0.23461394,0.13473499,0.26306146,0.37716419,0.2608732,0.6728934
matahari_11.jpg,matahari,814.8914247047244,1147.6787773575545,632.7827263779528,1191.9690619381238,0.15596586530944795,0.08986393972120472,0.11445263289345123,0.09011942726488845,17.306902066929133,21.70605741211482,15.901574803149611,21.83030566061132,8.978564276829772,9.179472004018905,9.00483449922849,9.193667713843816,0.00027522961540063707,0.00017739169956608862,0.0002191593128303445,0.00016925584102268703,0.016590045672047953,0.013318847531452885,0.014804030290104938,0.013009836318059003,0.8846868939264686,0.8373279163066856,0.9102362221965826,0.831040026116633,0.16950694,0.79291016,0.09345516,0.012876491,0.57763135,0.0018107565,0.0,0.0,0.039508834,0.17650142,0.30565667,0.15202314,0.024800383,0.03113468,0.11509096,0.914286,0.00019805529,0.0069319354,0.059614643,0.1404212,0.1708227,0.15804812,0.13556884,0.9508635
matahari_12.jpg,matahari,767.9518331692915,964.9878479756962,626.6606176181105,959.2283464566926,0.21681235623539877,0.15636360916948142,0.22107002293662864,0.17088318482156648,13.69888041338583,16.399838799677603,12.155942421259844,15.793415586831172,8.36261304959562,8.652117674830123,8.336759757051738,8.553924808091628,0.0006391057093637628,0.00037301748606845237,0.0005725021215667432,0.00044777781910948516,0.025280540131962424,0.01931366060767488,0.02392701656217806,0.021160761307417206,0.7875444814863861,0.7340430118308457,0.8268554392534896,0.7356341252582544,0.15732698,0.2508978,0.009517103,0.0054744403,0.95507926,0.0012633323,0.00016844431,0.00016844431,0.006061545,0.024131812,0.14318971,0.45267162,0.8006958,0.03728422,0.050779738,0.3590036,0.004658274,0.012958471,0.035911057,0.03565697,0.0678414,0.07326194,0.97713643,0.18023285
matahari_13.jpg,matahari,1381.5811392716537,1697.5239010478022,956.5140255905512,1617.169012338025,0.3089915973766997,0.252685341834789,0.28445984254216994,0.24252408014449228,20.143762303149607,23.543121086242174,16.899729330708663,22.883067766135532,8.340234887872615,8.521434263070248,8.35180696316803,8.55138668764663,0.003371994659028381,0.002668261769036403,0.0030426095398089236,0.0022999589678266716,0.05806887857560521,0.05165522015282098,0.05515985442157116,0.04795788744124027,0.765113435423145,0.711729947455054,0.8377297977301321,0.725365688475231,0.21202765,0.59569675,0.15825021,0.016792165,0.75819814,0.00010627953,0.0,0.00021255905,0.0038443943,0.011807783,0.023249432,0.08558354,0.15304351,0.12146456,0.1331808,0.96750593,0.0014749862,0.022223126,0.06922602,0.080730915,0.11976888,0.18417661,0.18102998,0.9524478
matahari_14.jpg,matahari,1387.8856422244098,1822.7459854919712,1090.3184055118109,1738.8097836195675,0.14009084500551475,0.08345522577781543,0.10880888645424414,0.08514610029299971,21.390317421259844,26.3500527001054,18.99470964566929,25.644305288610582,9.230073915607052,9.437382518825082,9.217140538850446,9.420755485814015,0.00018827088435426876,0.00012951833207281024,0.00019679665824175397,0.00013251282005075015,0.013721183781083494,0.011380612113274497,0.014028423227211031,0.011511421287171716,0.8020299813798929,0.7407191280149902,0.8445585163490535,0.7526795801343205,0.35531256,0.84373695,0.11882003,0.0067807743,0.3843134,0.0001043196,0.0,0.0001043196,0.0031741292,0.029836815,0.33226785,0.342679,0.19298705,0.12886965,0.23729791,0.81308496,0.002594699,0.14209792,0.25153318,0.4177465,0.34448445,0.41377816,0.56701803,0.3614263
matahari_15.jpg,matahari,889.8572834645671,1404.286378572757,875.8302165354332,1313.4227168454336,0.15022562537004544,0.10395661565663537,0.12937075690082628,0.10204855981358688,16.818282480314963,23.08283216566433,17.176427165354333,22.152830305660608,8.928716069344787,9.197957080925727,9.002920003461735,9.169144639852814,0.0008574343930914424,0.000558202926809474,0.0006197912176097792,0.0005654950239778338,0.029281980689349594,0.02362631852002072,0.02489560639168645,0.023780139275829185,0.8718266719919238,0.7975818004916648,0.8736390889784199,0.8106778327533519,0.33327743,0.9154347,0.16683477,0.0076457765,0.0051952074,0.0072536855,0.020290716,0.15007287,0.76001394,0.37881747,0.18751955,0.31640425,0.18010274,0.07626728,0.0787862,0.3148649,0.0,0.006636435,0.05478312,0.19180599,0.5901222,0.33377364,0.3280481,0.6268178
matahari_16.jpg,matahari,1184.4021899606298,1537.4182528365054,921.2325910433071,1637.3649947299896,0.16844674095448234,0.13843645143161146,0.17307409971030452,0.1438709133799223,20.69623523622047,24.684667369334733,18.52085383858268,25.19424638849278,8.913826307390103,9.062053650482465,8.88891954034187,9.0866477060308,0.0017042144069639702,0.001472636524540207,0.0018358341160041695,0.0014748160812584254,0.041282131812249837,0.03837494657377658,0.042846634827068616,0.03840333424663053,0.8768835039167294,0.8401049097585921,0.9044142099513958,0.8297046704095837,0.6500228,0.6507727,0.024102692,0.016604077,0.39099923,0.013711753,0.0050347843,0.0038564305,0.58454484,0.074667744,0.026123136,0.026228897,0.03204579,0.06261092,0.13378853,0.7927896,0.01070341,0.083884865,0.21033445,0.22054002,0.16080007,0.12458271,0.3858206,0.8424579
matahari_17.jpg,matahari,1965.0736958661419,2198.9799739599484,1447.7820497047244,2334.7436294872596,0.07499339621582607,0.0646795232101991,0.10377215181596247,0.06324344190484131,26.791215551181104,28.73259346518693,21.6427780511811,30.419864839729684,9.530053100480782,9.571677365981664,9.352739420419226,9.621020500465916,9.393677234620094e-05,8.801065404226413e-05,0.00011957653309837868,8.349970199847401e-05,0.009692098449056372,0.009381399364821014,0.010935105536682244,0.009137817135315961,0.7390824853074941,0.7081755270642954,0.8079243086334816,0.6901351980582754,0.51872087,0.7769884,0.3344471,0.11694719,0.040986165,0.00010929644,0.0,0.002513818,0.0047114273,0.11631336,0.40106025,0.6575386,0.34746775,0.20921682,0.32597187,0.3499707,0.004904903,0.042322304,0.10888884,0.4453652,0.5667265,0.4286885,0.21063054,0.4885283
matahari_18.jpg,matahari,271.2099532480315,407.2180544361089,269.40102116141736,388.1616963233927,0.4501201239513732,0.40877180143130865,0.4580165110366876,0.4142693211547034,7.890071358267717,9.528675057350116,7.619402066929134,9.50189100378201,6.6458911067538855,6.830972549816579,6.591222793515389,6.808980340689109,0.023185098494220423,0.01873197726183412,0.024616675454054035,0.01980725599494475,0.1522665376706925,0.13686481381945514,0.15689702181384463,0.14073825348832758,0.9661894763016177,0.9494612715859699,0.966420780108537,0.9518262362336234,0.98332936,0.17603712,0.019243237,0.009467673,0.01570248,0.032482583,0.0137781575,0.011084104,0.8932565,0.015461632,0.016109725,0.014906124,0.018609509,0.045921974,0.07258634,0.4400547,0.006494677,0.073158436,0.04187947,0.025082892,0.007241192,0.011794931,0.06345374,0.9939842
matahari_19.jpg,matahari,943.3811515748032,1444.7234174468347,926.2528912401575,1482.7307334614666,0.10820645350154282,0.05260338744255791,0.061870801728138025,0.05607640657336263,19.239050196850393,26.10713621427243,20.73443651574803,25.967883935767865,9.235180538946398,9.474817996731097,9.356696576245938,9.471778154688856,0.00015518762726978575,0.0001032771611082313,0.00011826342012059024,0.00010393448773753517,0.012457432611488843,0.01016253713932851,0.01087489862576154,0.01019482651826578,0.8641390315526731,0.7914277702352476,0.8662293777402659,0.785946707036262,0.23238574,0.8768454,0.1996306,0.0055797375,0.3704326,0.005683066,0.0013432702,0.0010332847,0.22792158,0.2207889,0.21154884,0.27071765,0.33442548,0.47562012,0.5685071,0.34642136,0.0,0.00416177,0.027211571,0.12880144,0.22270805,0.21886641,0.23583363,0.91078734
matahari_20.jpg,matahari,185.75319881889766,285.18110236220474,211.24901574803147,356.7125054250109,0.5824654709121964,0.5643078899804492,0.6098246068582049,0.5643629319422689,5.823941929133859,7.2747225494451,6.0141486220472435,8.14235228470457,5.27580532893271,5.39086581002691,5.164408718733583,5.400748352887767,0.08041440869258691,0.07664441951737148,0.08840160758934801,0.07735039984928997,0.28357434420727645,0.2768472855517487,0.2973240783881252,0.27811939854905837,0.9633024046229478,0.9439572889165331,0.958272895139911,0.9299002082683481,0.8724963,0.48622334,0.018334616,0.0056071887,0.015130509,0.038182285,0.015308514,0.0069422335,0.96446866,0.025996702,0.019207185,0.031535517,0.03591297,0.07486335,0.07745409,0.23423831,0.0036130887,0.005087819,0.0286835,0.048149936,0.07012342,0.039375294,0.018065443,0.99500036
matahari_21.jpg,matahari,843.7845103346457,1040.8838737677477,401.2970595472442,1030.8215636431273,0.08656646734954301,0.06724608566582899,0.11556367250014028,0.06946652199821798,18.6261687992126,21.258602517205034,12.821050688976381,20.90501581003162,9.339701343651441,9.43582746833885,9.099659759934365,9.41542511156935,0.00011581883515329528,0.00010212587850310552,0.00015314795033886946,0.00010462448849753549,0.010761915961077529,0.010105734931369688,0.012375295969748339,0.01022861126925525,0.8622191053282322,0.8302575406906386,0.9344051099930005,0.8318900275875662,0.56254816,0.73205984,0.38182825,0.010461047,0.035973195,0.005337269,0.0006404723,0.020068133,0.13362817,0.24751745,0.39307418,0.28429714,0.18347248,0.13036203,0.1775082,0.7767759,0.011556031,0.08652931,0.19913015,0.6412188,0.49789584,0.15586549,0.27931774,0.43743804
matahari_22.jpg,matahari,548.173474409449,764.5401450802902,343.9235359251969,659.8891437782876,0.11615967000537425,0.09273838501534157,0.16020350205622894,0.09530104519942563,14.050196850393704,17.421662843325688,11.223240649606302,16.308512617025237,9.051022253670466,9.210086706904887,8.908925474016723,9.179443952823586,0.00019575033046550472,0.00015941323965232095,0.0002392760522825734,0.00016445274381031745,0.013991080389501902,0.012625895598028718,0.015468550426028077,0.012823912967979682,0.9299850037537274,0.9023516965388205,0.9562655917964136,0.9157246642003862,0.16482106,0.9808653,0.011739391,0.005165332,0.101506606,0.016356885,0.0008608887,0.0009391513,0.01957478,0.15788998,0.028815668,0.08078323,0.13771902,0.11585885,0.12907432,0.95826995,0.03279501,0.26313475,0.07553181,0.07850144,0.19289663,0.22685367,0.45964658,0.78604734
matahari_23.jpg,matahari,289.36318897637796,760.8303056606114,549.1479453740158,664.4117428234856,0.14399458608836418,0.07820243567344913,0.08942646588929798,0.07745571328462116,10.808686023622048,18.061008122016247,15.144008366141733,17.286564573129148,8.968825593924599,9.32713803622927,9.206885184957837,9.307641287406119,0.00018042247998558496,0.00011602007207982425,0.0001334436872975308,0.00011839182956684471,0.013432143536516611,0.01077126139687568,0.011551782862291466,0.010880800961640862,0.9600583059973513,0.8951402444514676,0.924386617219416,0.9084330857119534,0.8561876,0.51546425,0.0,0.0,0.0,0.0,0.0,0.03520579,0.0,0.0,0.0,6.375355e-05,0.00031876774,0.0022951278,0.04277863,0.99908185,0.0,0.022800853,0.10306513,0.31618062,0.57529324,0.1796391,0.3043189,0.6580616
matahari_24.jpg,matahari,690.4530634842521,804.979911959824,528.0634227362204,837.9973959947919,0.2180196934700083,0.19614702872883283,0.2113739958293853,0.15435855469319867,13.395484744094492,15.12189224378449,12.12420029527559,15.944075888151776,8.521769915211838,8.643931150523077,8.512031488037975,8.741808180540573,0.000452520680431986,0.0004064066036247888,0.0004824573858132091,0.00031967600670274797,0.021272533474694218,0.020159528854236372,0.02196491260654613,0.017879485638651577,0.8678147365523163,0.84435796917271,0.8977336873008018,0.8379604534590684,0.27547628,0.26621094,0.009838439,0.013468154,0.9205149,0.074886754,0.0025790082,0.0020058954,0.5327757,0.13153315,0.16061512,0.49823165,0.4106905,0.07425497,0.12607105,0.48450258,0.0,0.010580677,0.06298964,0.05428777,0.04835468,0.0664506,0.8256883,0.5517773
matahari_25.jpg,matahari,642.331815944882,823.3961807923616,381.6267224409449,758.3115506231013,0.13108515862103737,0.10890376183116066,0.17200745437450374,0.10655702392230507,15.211614173228348,17.49476098952198,11.599655511811022,17.225680451360905,8.964270166839544,9.07329460250449,8.723329048446374,9.082902935128573,0.000271916559458119,0.00021751168804588214,0.00039450152142491785,0.00021503422013602038,0.01648989264543948,0.014748277460296241,0.019862062365850076,0.014664045149140137,0.8628027666364307,0.8243383885199944,0.9185299322503538,0.8382197330542946,0.2843844,0.21915373,0.011819727,0.00693187,0.93322515,0.00044435062,8.8870125e-05,0.0,0.0045540123,0.019517194,0.02558921,0.078719355,0.14887282,0.2754093,0.3418762,0.88196033,0.0,0.015734918,0.07513163,0.053248633,0.0940969,0.8832395,0.41681904,0.16902012
matahari_26.jpg,matahari,888.4140625,1138.0250480500958,514.1608021653543,1223.5811271622545,0.09233343471934119,0.06907807734118157,0.10849913888128523,0.06925140590299002,19.404589074803148,22.69551739103478,14.803149606299211,23.612871225742452,9.390561287159361,9.503749682104125,9.251665604073445,9.526719571395807,0.00012588666534754943,0.00010345590782321743,0.00014520683338241675,0.00010188562754210264,0.011219922697931097,0.010171327731580446,0.012050179807057517,0.0100938410697862,0.8915394599634974,0.8608993231883719,0.9376480099480513,0.8504444307606986,0.3241286,0.7554681,0.48530146,0.098653,0.28098276,0.002733758,0.00011885904,0.0,0.008214155,0.047642104,0.1920939,0.18071142,0.18786947,0.19033372,0.21568026,0.90003675,0.00066237536,0.01828156,0.11101411,0.34999916,0.42166817,0.34165323,0.19858015,0.7286129
matahari_27.jpg,matahari,1219.7622416338581,1724.6219232438466,1389.3152066929133,1876.974393948788,0.13114668493998088,0.10673249869652714,0.13837369234391972,0.10325745888046761,19.87247785433071,24.085994171988347,19.712967519685037,25.165602331204667,9.126279790994754,9.244322540067214,9.071070315995556,9.278102830132852,0.0008121414558258804,0.0005835484421914345,0.0006428785440578693,0.0005665867243446308,0.028498095652620025,0.02415674734295647,0.02535504967571291,0.02380308224463023,0.8883217820730406,0.8419422613931604,0.8724859468603301,0.8279797268892404,0.47962376,0.84388745,0.036664836,0.016792297,0.23688069,0.006657301,0.0051668608,0.0022853422,0.16532376,0.08202109,0.14481848,0.24443217,0.10707015,0.08598234,0.1627606,0.9164459,0.0348977,0.35546356,0.16903979,0.12817445,0.18266156,0.16436946,0.2521975,0.8387124
matahari_28.jpg,matahari,1061.1451156496064,1607.2246264492528,1303.6547736220473,1872.4121768243535,0.15203315012621155,0.08157057809218757,0.09027166746847443,0.08277806834128076,19.83802903543307,25.811519623039242,23.090551181102363,27.83879967759935,9.179230306194192,9.429090195198969,9.354300815056629,9.447836731046253,0.00022882223498822,0.00013781563926200575,0.00015722162791981833,0.0001384710438836216,0.015126871288809856,0.011739490587840929,0.012538804884031744,0.011767372004131662,0.8586967098034695,0.7863828878568103,0.8271373918550001,0.7511021795494109,0.80183756,0.5926625,0.019109126,0.0069911433,0.06925893,0.021346292,0.0054996996,0.010533323,0.4605758,0.2023186,0.23197632,0.20275906,0.16238342,0.13404708,0.28644672,0.7249994,0.010760273,0.08364318,0.23026983,0.31692588,0.3028658,0.34863284,0.34576342,0.71175617
matahari_29.jpg,matahari,920.4592150590552,1156.8268956537913,650.7408956692914,1180.3188666377332,0.18638849037976835,0.14843252948808675,0.19750225010928635,0.14591327838082488,17.258304625984252,20.023746047492097,14.217642716535433,20.350114700229405,8.860151985058582,8.980911365505087,8.741674626153273,8.993774407686516,0.0006525736318074199,0.0005025915563642152,0.0007177695019452539,0.000502503144010566,0.025545520777768848,0.02241855384194563,0.02679122061320189,0.022416581898464495,0.9329042512809038,0.9154067690010566,0.9524613509655475,0.9136937048742282,0.85492986,0.5181499,0.012761452,0.010051829,0.0117999725,0.005419247,0.008216278,0.010751086,0.37804887,0.2570266,0.16147397,0.28915495,0.4408073,0.4168359,0.3377636,0.44630075,0.4399545,0.20089307,0.18160516,0.21855102,0.101601094,0.10391021,0.18527259,0.7936567
matahari_30.jpg,matahari,1708.7592888779527,2202.1587823175646,1199.1066067913387,1912.6554653109308,0.19049137678628866,0.1344177185949148,0.172638629273965,0.1414543458914841,24.11890994094488,28.478826957653915,20.039554625984252,26.262384524769054,9.093181208467957,9.271603666450968,9.070021091877633,9.223815686143714,0.0006497487360209095,0.0003888567514254503,0.0004627587990527543,0.00039153410813486637,0.02549016939961187,0.01971945109341156,0.021511829281880106,0.019787220828981173,0.8207985022593878,0.7699537420080806,0.8743009407144535,0.8001968861744599,0.3598225,0.8034201,0.12523076,0.013710609,0.4573082,0.0042103445,0.00010795755,0.0049660476,0.0068713003,0.031195702,0.09702276,0.16477378,0.4592777,0.45007017,0.57430327,0.46807295,0.19484435,0.38998663,0.17652184,0.23685208,0.14360088,0.12795971,0.5744035,0.59645015
matahari_31.jpg,matahari,707.2301304133858,861.6616033232067,615.3695866141732,943.0063240126481,0.22974529584643769,0.20118091714952552,0.23066833947984644,0.2070344767056771,14.832615649606298,16.745861491722984,13.42310531496063,17.3494326988654,8.294620527752887,8.40274051696667,8.2224180453657,8.39000849095143,0.00422390224663262,0.003686228154897874,0.004444471169215776,0.003605302021193663,0.06499155519475296,0.06071431589747079,0.06666686710215035,0.060044167253728006,0.9279356711597326,0.9123380080731138,0.9374967578236183,0.9040552165128075,0.64835835,0.5701632,0.13749118,0.09555874,0.47590378,0.0015355545,0.0017717937,0.004488544,0.6780655,0.11637362,0.0995601,0.07842309,0.13462831,0.08286666,0.08622937,0.6915163,0.016354624,0.08270236,0.10937154,0.09162306,0.07517552,0.06755575,0.10426073,0.9754232
matahari_32.jpg,matahari,771.716719980315,1140.6897513795027,1054.4345472440946,1257.230516461033,0.49318744412454313,0.4594134110125186,0.46865098869855165,0.4585745766168817,12.544229822834644,16.413974827949655,15.47625492125984,17.342736685473373,5.4027660080500715,5.578246547697383,5.512519723641746,5.587435199654324,0.19597256443048044,0.17684144029705373,0.18182657428547278,0.178386490383248,0.4426878860218342,0.42052519579337183,0.42641127363787273,0.4223582488637436,0.8926181043722434,0.8418811092647206,0.8532198607284618,0.8257265883024282,0.88697946,0.46168205,0.0058684843,0.0025989,0.005700813,0.0043594455,0.004610952,0.0017605453,0.91338915,0.014936399,0.009453417,0.016638013,0.03497764,0.07799069,0.09595218,0.38551033,0.0,0.00076198345,0.030555537,0.072388425,0.09029504,0.041223306,0.021487935,0.99172145
matahari_33.jpg,matahari,1290.7151205708665,1632.3755347510692,967.6198326771653,1541.8884617769236,0.1098264267598581,0.0836194942472763,0.14369708545311782,0.08979746837959518,20.024790846456696,23.957157914315825,16.43454724409449,22.83557567115134,9.329867987612424,9.47400636450126,9.165975739382784,9.44747530465293,0.00012505792833851295,0.00010290813563213086,0.00016180806287393823,0.00010682710930800988,0.011182930221480994,0.010144364722944993,0.01272037982427955,0.01033572006722366,0.8751266535938991,0.8419778847813293,0.9062618291969662,0.850742873106917,0.5960096,0.8029669,0.0022290347,0.0,0.0,0.0,0.0,0.0034292843,0.0,0.00011041125,0.009384956,0.09307668,0.27713224,0.24058612,0.32041344,0.8682741,0.36768213,0.4171809,0.17017227,0.1593343,0.3574912,0.28922817,0.3228744,0.5663243
matahari_34.jpg,matahari,1416.1946973425197,1688.0057040114082,732.1524975393701,1741.3427986855977,0.2455719725893664,0.14904728044463347,0.19191641757460173,0.16007540007909263,21.866080216535433,24.70407340814682,15.906065452755906,25.08884617769236,8.751785161386183,9.00617642774289,8.79654462333296,8.99527138486672,0.0011124299592349186,0.00043449097996218187,0.0005381208882534952,0.0004586525386083199,0.033353110188330544,0.020844447221314885,0.023197432794460147,0.02141617469597033,0.8561501564573828,0.8283172035256631,0.9256519042651238,0.8229091395370398,0.801127,0.28340182,0.04291752,0.032370877,0.5239905,0.019944638,0.0037591988,0.00334151,0.7894696,0.047743004,0.13132747,0.16840011,0.21108153,0.25472057,0.23119105,0.40738875,0.04333831,0.13259621,0.17213053,0.20201902,0.19047119,0.2036493,0.71501416,0.56665856
matahari_35.jpg,matahari,1108.4381151574803,1098.9149358298714,865.5944881889764,1410.4325748651495,0.20174208207891609,0.19292171257866553,0.3411553233835801,0.1912878579280316,17.223056102362204,17.3005766011532,14.422244094488189,20.247690495380986,8.620973617079143,8.666340723163982,8.34819109067241,8.736679911832269,0.0005070659555381611,0.0004770615282442045,0.0011629715642243782,0.0004607802011189612,0.02251812504490907,0.021841738214808008,0.03410236889461461,0.02146579141608716,0.8462153214836521,0.8480084026888368,0.8801742711875771,0.8049213815662637,0.41897947,0.47036177,0.014799773,0.013444863,0.7763627,0.0028140412,0.0031267125,0.0077125574,0.011837503,0.037732042,0.064243115,0.43539816,0.2874294,0.23983274,0.14081697,0.8029773,0.16853611,0.059728757,0.027229287,0.020641556,0.033048447,0.10858776,0.7013737,0.679744
matahari_36.jpg,matahari,908.2543676181102,1247.9994419988839,575.8291092519687,1161.999441998884,0.10334435860387414,0.07981643653255653,0.1313791236324753,0.08283851527332528,17.93546998031496,21.92070184140368,14.188361220472444,20.81114762229525,9.338908144059653,9.470030374474883,9.172536369876646,9.457035264216584,0.00012033147845592565,0.00010137821751246449,0.00015540521803699865,0.00010247760591001373,0.010969570568437292,0.010068675062413351,0.012466162923570294,0.010123122339970694,0.9086838129426046,0.8744293973244095,0.9420424565246115,0.8830872828315047,0.5766359,0.8169509,0.0025738846,0.0,0.0,0.00025738846,0.000600573,0.008665411,0.00023137001,0.00069411006,0.009601856,0.110479176,0.2884027,0.27660283,0.38476834,0.8246027,0.35943305,0.42447177,0.17463794,0.16710196,0.350095,0.32781476,0.3551736,0.52538824
matahari_37.jpg,matahari,960.5097810039371,1257.0659061318124,1120.236343503937,1260.961001922004,0.2723380903402003,0.1789829909442605,0.19379178342111558,0.1816104406938163,17.35808316929134,21.993799987599978,20.40871062992126,21.73649947299895,8.319774045213155,8.626682660842409,8.567895522925742,8.616725328733201,0.007172972353757208,0.004959564014236219,0.0053455788674272664,0.004899714616838869,0.08469340206744093,0.07042417208768746,0.07311346570521238,0.06999796151916761,0.8881344559530804,0.8524038966837183,0.8685395297558555,0.8519731430300407,0.7878901,0.6156784,0.009091375,0.004633105,0.006206612,0.003758934,0.0027099294,0.0022728438,0.44020432,0.049907915,0.026546763,0.03256403,0.07928633,0.29071656,0.19290647,0.8209439,0.040345304,0.052801643,0.11155587,0.22851315,0.06746264,0.10185536,0.29211763,0.91140705
matahari_38.jpg,matahari,1293.5112573818897,1547.5142290284582,721.4579232283465,1557.7914315828634,0.31785413445599564,0.19760933452821522,0.2444088767147444,0.23393824173412148,17.042507381889763,19.76198152396305,13.315206692913389,19.528303056606116,8.419420581730373,8.64941756142353,8.466328086960237,8.60519810036331,0.0006977681802043292,0.00042617829671148214,0.0005289763997496748,0.00047961972047696344,0.026415302008576946,0.02064408624065212,0.0229994869453576,0.021900221927573325,0.7674200358473215,0.7216063345267343,0.8697700728180547,0.7197481449530625,0.14839104,0.23838747,0.025247088,0.016487893,0.9591317,0.017518386,0.0011163678,0.00068699557,0.039000694,0.10945769,0.11994312,0.1722424,0.5876957,0.73270154,0.11994312,0.21405627,0.024644071,0.060611095,0.08512196,0.47982675,0.63581705,0.53124624,0.23285317,0.13241193
matahari_39.jpg,matahari,738.9286417322835,1242.1912083824168,1017.5773252952755,1153.4209808419619,0.16137194074538802,0.11015494515084229,0.13639435583039672,0.10929788835452911,14.511441929133857,20.093124186248374,17.526021161417322,19.450740901481804,8.911804030643577,9.163454607811456,9.039719957725529,9.146274328774297,0.0002301296716851246,0.00015998599794335184,0.00018760297530360685,0.00016378388513488544,0.015170025434557604,0.01264855714867715,0.013696823547947417,0.012797807825361555,0.9039445124839786,0.8377409512395559,0.8670893109794386,0.8493185157702368,0.7841559,0.62054574,0.00431234,0.0011212084,0.00086246803,0.0005174808,0.0003449872,0.0012074552,0.03204349,0.034770593,0.06431424,0.04511087,0.16101286,0.49974206,0.20339662,0.82131326,0.0006706143,0.017033603,0.18723552,0.6322552,0.17409147,0.20480561,0.41618323,0.5651938
matahari_40.jpg,matahari,606.6670767716535,888.5885671771343,610.8032726377953,798.4419988839978,0.40280180830198664,0.3743980728140772,0.40972166527266213,0.38145342348463646,12.436515748031496,15.742885485770973,12.381889763779526,14.576415152830307,6.987182576489589,7.165431289947431,6.968475626561483,7.136698371744837,0.029319973679009858,0.025703769926976892,0.0299917217876428,0.025831016445962456,0.17123076148580854,0.16032395306683556,0.17318118196744933,0.16072030502074858,0.9254968963628504,0.8911152780554633,0.925011719559461,0.9021615421932458,0.83388686,0.54908466,0.023542669,0.008152909,0.021710556,0.04177221,0.016031,0.0066872174,0.7685467,0.026526332,0.018844962,0.020381236,0.024375549,0.06319208,0.13580662,0.62034744,0.0,0.040552378,0.06444215,0.07076591,0.08451758,0.18449324,0.2620848,0.9377236
matahari_41.jpg,matahari,709.6122662401576,2187.3392646785296,1958.5949187992128,2203.9352098704203,0.2558964296436757,0.1517882012900732,0.17320346142034748,0.1584382769713905,14.921198326771655,27.483724967449938,25.572404035433077,27.6242172484345,8.697418156188775,9.119841807551751,9.046218697763077,9.112205523414294,0.0010713015200444465,0.0004760659282618088,0.0005557533087722428,0.0004819626478486635,0.03273074273591185,0.021818935085420845,0.023574420645526853,0.02195364771168253,0.8991297053068654,0.6892781316845242,0.7215351515157868,0.6869005719658624,0.34668517,0.5191197,0.065704584,0.035042446,0.77766454,0.0037392855,0.0011752041,0.0012820407,0.03359212,0.13787375,0.27428696,0.27735406,0.38879228,0.7089398,0.21425931,0.35782912,0.10618796,0.13238014,0.07677016,0.21895623,0.1488954,0.19844118,0.39649528,0.835827
matahari_42.jpg,matahari,991.8605437992128,1122.9407278814556,654.4835752952756,1168.5059830119662,0.16691633926178134,0.11588267676941694,0.14554707603964417,0.11667668020598994,16.25879675196851,18.667183334366666,14.019869586614172,19.0494760989522,8.797634493943985,8.976270007086608,8.802273844760112,8.97013467556799,0.00026670762570040775,0.00020389426357623867,0.00025543831605241333,0.0002127739390949053,0.01633118567956435,0.014279154862114167,0.01598243773810533,0.014586772744336058,0.7957263076733927,0.7668882286281854,0.86386594263605,0.7574581467345823,0.55056196,0.8347914,0.00042409642,0.00050891575,8.481929e-05,0.000593735,0.0010178315,0.0016963857,0.0,0.00012717224,0.00044510287,0.00076303346,0.0016532391,0.006867301,0.032492507,0.99944663,0.0077244313,0.009870106,0.010084675,0.048492264,0.15395221,0.22057544,0.4652897,0.8417485
matahari_43.jpg,matahari,594.0571481299212,978.258354516709,441.0399237204724,732.0275280550561,0.0846645813359726,0.0619539242403908,0.1079555225938453,0.08481107194636046,16.364111712598426,21.711761423522848,13.791277066929133,17.20156240312481,9.192628378303194,9.375177295864322,9.07013594596658,9.194531766978168,0.00013721462989800976,0.00011011182044684136,0.00016228108628092255,0.00013837302149153247,0.011713864857424715,0.01049341795826514,0.012738959387678514,0.011763206258989616,0.9040820654331881,0.8423894643828914,0.9286823566720444,0.8820660360594388,0.8931293,0.4181698,0.060472295,0.0023258575,0.0056208223,0.022289468,0.038085915,0.14769195,0.5387009,0.5020481,0.22897829,0.08588377,0.04963676,0.05842801,0.14255352,0.6097071,0.037118156,0.04741545,0.055318024,0.1354214,0.15410021,0.8455755,0.32963315,0.35717243
matahari_44.jpg,matahari,926.6376107283464,1106.1515283030565,791.2816190944882,1039.6609213218426,0.12701637413990552,0.08658262767668387,0.12044850489687076,0.08447072503243129,18.958968996062993,21.731043462086923,17.818897637795274,20.82937565875132,9.087406960095688,9.230395160667761,9.081646661341544,9.207961342402498,0.00023460447311519618,0.00017548698994725777,0.00022734261777117304,0.00017491999767929107,0.015316803619397756,0.013247150257593434,0.015077885056305909,0.013225732406157742,0.8929570844258631,0.8723580692538104,0.9092079721457037,0.880041373258573,0.691388,0.7206583,0.051290177,0.0014321865,0.0011636515,0.00035804661,0.00017902331,8.9511654e-05,0.002159147,0.002558989,0.017193208,0.030148089,0.039904233,0.059496492,0.1779297,0.9808125,0.047337424,0.085612774,0.1981733,0.29761767,0.24598768,0.0677271,0.12722678,0.8839102
matahari_45.jpg,matahari,804.3400590551182,1550.4304668609334,1135.2621801181103,1468.185690371381,0.2639579140181308,0.1559458489202403,0.16948680814099903,0.1626104502212187,14.855068897637798,23.870605741211477,19.889271653543307,22.954863909727823,8.43289727067836,8.87187386261997,8.784680404095875,8.82856029715589,0.0024870113827141723,0.0011047354229372721,0.0012901297164899016,0.0013046876487453761,0.04986994468328767,0.03323756042397324,0.03591837574960624,0.03612046025101807,0.9195489298550873,0.8440128319051893,0.8856015387027648,0.8522793612968785,0.18793133,0.6953459,0.067920834,0.031253796,0.6896263,0.0012256391,0.0,0.00010213659,0.46293744,0.11604801,0.07077883,0.047255587,0.04558282,0.04558282,0.054155737,0.87056917,0.00766458,0.047437534,0.10378256,0.15246299,0.12874423,0.1364088,0.17245305,0.94802564
matahari_46.jpg,matahari,1309.9983390748032,1578.401760803522,798.6128198818899,1529.2552545105093,0.12405477393799641,0.1022715767394869,0.1685735677890712,0.10416278881705246,20.429810531496063,23.000558001116005,15.460629921259844,22.605121210242423,9.251219907621111,9.350833204695663,9.05893198553812,9.331182447872848,0.00020143228763020026,0.00016025892303505113,0.00026396976622078253,0.0001659057816224629,0.014192684299673556,0.01265934133496096,0.016247146402392713,0.012880441825592122,0.8614561878718044,0.8332973131364699,0.9155300586582639,0.8384886429930787,0.2709689,0.9582224,0.06582241,0.012911319,0.061771803,0.007426118,0.002278468,0.003206733,0.040968608,0.16682081,0.27878296,0.2070879,0.219154,0.26208687,0.3364477,0.78738296,0.5757142,0.42070156,0.3497636,0.23333995,0.21084341,0.30559158,0.28572237,0.30871153
matahari_47.jpg,matahari,1449.0450295275593,2064.178498356997,1116.4019438976377,1694.4088908177819,0.16338184109436668,0.09271142286256018,0.12108508841983817,0.10513248790703891,21.137426181102366,27.25209250418501,19.968996062992126,24.224626449252902,9.186703022702453,9.430792682124345,9.266376755799602,9.36349397060574,0.00019521676006242644,0.00012055793223124671,0.00015216784583959792,0.00013280688722701767,0.01397199914337338,0.010979887623798647,0.012335633175463588,0.011524187052760714,0.7961207579679813,0.7080857242011371,0.8418442585249721,0.7603429688153315,0.20692435,0.26639512,0.09080582,0.02145464,0.9366644,0.011856511,0.0039521707,0.0036698726,0.007360212,0.022693988,0.050417453,0.11984879,0.4856513,0.544165,0.660579,0.11911277,0.111015424,0.10936872,0.08919657,0.11238768,0.19993754,0.42677128,0.51775175,0.68187344
matahari_48.jpg,matahari,616.7204109251968,723.0918221836444,363.5225147637795,749.7823175646352,0.1891825491365073,0.1334805401708886,0.168268604769028,0.11876725394479141,13.137733759842519,15.327546655093313,11.168061023622048,16.293570587141176,8.712082652376765,8.915132246826913,8.719867358944763,8.993291415086366,0.0003324900448629022,0.00021839581158237276,0.00028722170481450336,0.0002008651794599144,0.018234309552678494,0.014778220853078788,0.016947616493610637,0.014172691327334917,0.8486750545770958,0.8211254561139111,0.9100820221375814,0.8145156136576037,0.0485328,0.05391746,0.025364587,0.036488164,0.99637485,0.0001417016,0.0,0.0,0.003977916,0.09443867,0.26607838,0.44243267,0.47322467,0.53849196,0.426963,0.16825111,0.0,0.0108773615,0.029245734,0.054386806,0.20697771,0.7993834,0.5601841,0.020215472
matahari_49.jpg,matahari,1273.2099532480318,1538.8709157418316,760.838090551181,1569.8405976811955,0.12064557173272823,0.08689858350513177,0.13082537010609493,0.09836505093472421,22.627522145669296,25.492652985305973,17.072834645669293,25.581313162626326,9.310122115671202,9.40148436816484,9.17331943319282,9.39878408866429,0.00020895335980125092,0.00016187917551605454,0.00022547322926677103,0.0001675567862264747,0.014455219119793755,0.0127231747420231,0.015015766023309335,0.012944372762960541,0.8624257613469111,0.8335539679061389,0.9177415975251001,0.8302246490996351,0.6163961,0.38840714,0.047049318,0.44897062,0.51453936,0.024525708,0.006256558,0.004004197,0.17270117,0.17088912,0.15639283,0.2867202,0.3604562,0.16628934,0.16419853,0.80607814,0.029355519,0.17559448,0.40370572,0.253427,0.17155473,0.16428319,0.2072392,0.8010825
matahari_50.jpg,matahari,1756.2493233267714,2244.3144026288055,1451.847687007874,2301.5092690185384,0.10996586031993055,0.08074394306520055,0.09690445993540442,0.07703712387104761,27.548289862204722,31.85138570277141,25.72367125984252,32.42166284332569,9.461802033404705,9.56226191304754,9.452382510444608,9.559655601890885,0.00016635854804912734,0.00012504774219046857,0.00015931049928506107,0.00012179570518233357,0.012898005584164063,0.011182474779335233,0.012621826305454416,0.011036109150526446,0.7663145976720934,0.701226396857104,0.8068917364359278,0.6936400478274461,0.52406853,0.54960376,0.27050623,0.015870018,0.5914863,0.002147822,0.0,0.0013125578,0.0052606533,0.03156392,0.058210276,0.09206144,0.14615467,0.25971618,0.44269544,0.83804494,0.055453334,0.15935537,0.20634477,0.27099168,0.36759722,0.28602245,0.73752934,0.30762008
matahari_51.jpg,matahari,2860.045460137795,4149.988901977804,1861.704293799213,3509.5886291772586,0.10524677839225322,0.07041319915177663,0.1138099019235727,0.07663955761712335,33.80099655511811,43.59272118544236,26.65065206692914,38.53115506231013,9.434654636863746,9.626167695274958,9.329934667069558,9.577693945914596,0.0003927551190063317,0.00021301226804822007,0.000485329583940418,0.00022183812735162206,0.01981805033312641,0.014594939809681302,0.022030197092636688,0.014894231344773119,0.7789464281627354,0.6741420706273331,0.8561766086397399,0.7244279281328524,0.32699934,0.9126218,0.21659182,0.024233347,0.10467599,0.037506383,0.0091503505,0.015686316,0.15208837,0.015307954,0.039536368,0.090085655,0.14658192,0.19195513,0.24856152,0.92023927,0.70858514,0.30601168,0.20051928,0.20498456,0.15768044,0.090840675,0.08721263,0.53039235
matahari_52.jpg,matahari,1021.1600024606299,1507.4663029326057,1077.5845226377955,1444.2925165850334,0.13090205819505207,0.10123140482182774,0.11628388312416041,0.09149344593898728,19.671690452755904,24.977121954243906,20.84965551181103,24.282472564945135,9.270040813631919,9.443959002088643,9.334341119401433,9.432903378904141,0.0002573266254930947,0.0001988643694566823,0.0002457356599283512,0.00019962740650882754,0.016041403476413613,0.014101927863121493,0.015675958022664874,0.014128956313501275,0.8541071117646506,0.7839234019570478,0.8455052870041854,0.7929861570060628,0.30459765,0.70242685,0.020580921,0.011731125,0.6428451,0.0012348553,0.00061742764,0.0019551876,0.034767825,0.057432923,0.077897534,0.09726189,0.11189518,0.17669977,0.34129682,0.9053938,0.0028165863,0.070062585,0.10292276,0.15362132,0.16054542,0.15995863,0.4134514,0.8594109
matahari_53.jpg,matahari,1740.6335506889764,2177.7839295678596,1092.766732283465,2283.758447516894,0.0887643053409328,0.07581842557779143,0.12823871654875454,0.07331948525892563,27.218934547244096,30.52173104346209,21.223302165354333,32.04278008556017,9.467088122417408,9.509890763289889,9.295300634245335,9.531687690109838,0.00014002628102912455,0.00012838050352150058,0.000220983291087676,0.00012767897071537212,0.011833270090263493,0.011330512059103974,0.014865506755158938,0.011299511968017562,0.8103412375204833,0.7629526436996746,0.8808713288408099,0.7514068904447874,0.47116712,0.88202614,0.005233344,0.0003322758,0.0019936548,0.0001661379,0.0,8.306895e-05,0.0018605634,0.0043777963,0.008865037,0.28160173,0.09937597,0.18518078,0.33938864,0.87249476,0.022093028,0.20746963,0.39109048,0.43864173,0.23409832,0.26892045,0.1571385,0.67771465
matahari_54.jpg,matahari,598.9455585629921,1377.3311426622854,1160.4527559055118,1472.0837621675246,0.14307354196159625,0.07416740618040825,0.08977299409159821,0.07291668351824612,14.855376476377952,24.49463698927398,22.10027066929134,25.375472750945505,9.124096249184197,9.476043584461362,9.39362363847745,9.494781958744788,0.0002403621140250093,0.00013055429421665466,0.00016112690916788083,0.00013216878067459403,0.01550361615962577,0.011426035804978673,0.012693577477129165,0.011496468182646095,0.9414100491049953,0.8649629048643158,0.8861743743684032,0.8556691149555407,0.55260575,0.80583626,0.19197834,0.08509532,0.032167677,0.0043164296,0.0017471262,0.010071669,0.17109013,0.028394558,0.07640718,0.077026695,0.10325294,0.1176051,0.16603073,0.95188886,0.06889046,0.24263829,0.297142,0.21344976,0.1788662,0.15839273,0.29603532,0.81105375
matahari_55.jpg,matahari,633.4790231299212,695.6816913633829,354.9126476377953,816.5667431334864,0.5221223084238598,0.45661299976973374,0.5189110476111475,0.4832076376146601,11.188176673228346,12.139004278008557,8.348056102362204,13.065596131192265,6.5419807073656475,6.798324492061793,6.543943393115407,6.706817204138572,0.020002282924487726,0.014637826039245606,0.018152104846690165,0.017312063330184074,0.14142942736392497,0.12098688374879984,0.1347297474453588,0.1315753142887528,0.8315360142479523,0.8151786787486767,0.9055179995559343,0.7830629774912725,0.25554717,0.17036478,0.008714748,0.0135847535,0.9515308,0.0,0.0,8.54387e-05,0.0013871465,0.015104485,0.030979607,0.042693287,0.047471236,0.05332808,0.078836165,0.9928116,0.0011842077,0.01404132,0.034595784,0.031381506,0.036202922,0.080610715,0.97096574,0.21687919
matahari_56.jpg,matahari,462.33083169291336,966.1210862421726,741.8670029527559,894.1749643499288,0.1858423607031166,0.11037225943026958,0.13956360604447354,0.1069948009596792,12.325418307086615,18.404054808109617,15.72785433070866,17.782255564511132,8.865582067315003,9.1722885520009,9.035647938618528,9.164552065865674,0.00025325484000577377,0.00015697805591159577,0.0001893361330667974,0.00015657443429711092,0.015913982531276506,0.012529088391083998,0.013759946695637938,0.012512970642381886,0.9383933945630307,0.8706210566998421,0.9006509200651568,0.8802412476064331,0.7748352,0.6321524,0.0034506132,0.00043132665,0.000776388,0.00060385733,0.000258796,0.0008626533,0.029515257,0.035560552,0.06270511,0.058082234,0.17531352,0.48848346,0.29669353,0.7957266,0.00040525716,0.009591086,0.1845271,0.6305801,0.2110039,0.20614082,0.41552368,0.5554725
matahari_57.jpg,matahari,1134.3177903543308,1339.0168640337283,718.0378321850394,1365.6142352284703,0.06893361240572934,0.057406693858141136,0.10854756931603643,0.06016471951087698,22.1316437007874,24.728439456878917,16.71056840551181,24.417136834273666,9.523191864810546,9.609601858075994,9.325854902141518,9.584618813851502,9.062371640368281e-05,8.097033988103565e-05,0.00011608940454209033,8.387641550532648e-05,0.009519648964309704,0.00899835206474139,0.010774479316518749,0.009158406821348705,0.851343240313902,0.8246007026774708,0.9060717944932807,0.8210948268653856,0.68317825,0.42624703,0.5558833,0.15773235,0.09550201,0.0924213,0.004682679,0.0033271667,0.40145853,0.42569223,0.15168491,0.091677696,0.032183357,0.06962376,0.15655729,0.7718877,0.078506485,0.38632637,0.5571478,0.3061132,0.21348798,0.17516565,0.30378595,0.52146304
matahari_58.jpg,matahari,865.1359498031496,1328.1060202120404,645.9819143700788,1314.0799801599605,0.06691263139832919,0.05079267267926656,0.07846639201307362,0.055074433689741575,19.67667322834646,25.564883129766265,17.444512795275593,25.17787835575671,9.48387091707561,9.637913302785936,9.403867076114775,9.61574452203625,9.367377133191764e-05,7.905794223145272e-05,0.00010454006503716134,8.1166384665214e-05,0.009678521133516093,0.00889145332504494,0.010224483607359412,0.009009238850491976,0.8904291508319342,0.8322840532614985,0.9184355098654389,0.8340402281753533,0.08841073,0.99608094,0.0024558536,0.0003982465,6.637442e-05,0.0,6.637442e-05,0.0,0.00035738273,0.000833893,0.052297004,0.18988936,0.22229205,0.28566793,0.36607903,0.83436954,0.19534527,0.5182759,0.51589555,0.41877836,0.35101846,0.24802977,0.12726799,0.22533734
matahari_59.jpg,matahari,1086.3666338582677,1516.5173290346584,978.642778051181,1455.7601215202433,0.12681750466006855,0.10325462304497654,0.1432729444389343,0.09963163769769495,20.06742125984252,24.305784611569226,19.14240895669291,23.83464566929134,9.097521510884818,9.236612132921085,9.078405991485136,9.224382004815002,0.00022839462182830617,0.00018166240064887592,0.0002520590368329174,0.00018220632882458648,0.015112730455755048,0.01347821949104836,0.0158763672429469,0.013498382452152794,0.8543602957019151,0.7969084593246254,0.8694945015066703,0.8050450351027534,0.23445316,0.42706865,0.489999,0.023758229,0.72248197,0.0004635752,0.0002317876,0.0003476814,0.0069341944,0.06961931,0.3984388,0.34213313,0.16531119,0.18001169,0.40689853,0.7028499,0.020028574,0.06752491,0.16752473,0.2824029,0.31616536,0.33218822,0.5227458,0.63533497
matahari_60.jpg,matahari,438.9617987204724,851.0863661727324,705.5712967519687,795.8410316820632,0.22891958592254744,0.1422968169626914,0.18203972751545536,0.15056546378271674,11.587906003937007,17.132494264988534,15.22360974409449,16.61305722611445,8.584788961807877,8.898795533223076,8.775073938658652,8.888212865436412,0.000545034598369978,0.0003011382425517656,0.0003884316850664953,0.0003082189188744425,0.02334597606376692,0.0173533351996602,0.01970867030183658,0.017556164697178096,0.9395938068671553,0.8828458825043375,0.9027692364986781,0.8904447975460003,0.5309594,0.52820355,0.0461604,0.0277881,0.65600586,0.07544125,0.006889612,0.00987511,0.17579232,0.44143406,0.57650864,0.18811281,0.2022363,0.13086762,0.18676056,0.55998117,0.022886548,0.028892972,0.041216496,0.15689194,0.08408994,0.120232046,0.32217216,0.92032915
matahari_61.jpg,matahari,2477.6708292322837,2836.7715295430594,1408.8395054133857,2726.6801413602825,0.054665403654914006,0.04978417161061742,0.11280313975216134,0.049754687064610933,33.28734005905512,35.77134354268709,21.723363681102363,35.35842271684543,9.707853585770078,9.737682265226749,9.380765956129435,9.75040222878707,7.765719877142878e-05,7.343030372092117e-05,0.0001278866083122791,7.202916011635232e-05,0.008812332198199792,0.008569148366140079,0.011308696136702899,0.008486999476632028,0.7207956316522328,0.680415312780475,0.8407883877157316,0.6928270289268894,0.5550601,0.3959766,0.5746457,0.34654614,0.29072037,0.016387995,0.00013323574,0.003464129,0.024519594,0.20073572,0.20295134,0.26587513,0.3126987,0.3168345,0.39334747,0.703092,0.4034815,0.5290463,0.37769887,0.29516095,0.26301637,0.26803896,0.2675367,0.33902493
matahari_62.jpg,matahari,824.8767224409452,1042.6802033604067,777.6924212598425,1000.4808729617461,0.18151300564466677,0.1291061195513348,0.14169360898826378,0.13025312447918003,12.82886318897638,15.766073532147066,13.413508858267715,15.624899249798501,8.588942054098926,8.784737806329229,8.701766020572657,8.809900026760431,0.0004174980273788674,0.0002978400773591181,0.0003342288789069766,0.000294416981666749,0.020432768470740017,0.017258043845092007,0.018281927658400157,0.01715858332342006,0.8392280910315001,0.7944341633101356,0.8465724508043025,0.8027689381509373,0.023957966,0.09667384,0.04791593,0.006888872,0.990084,0.08641707,0.0006888872,0.0014543175,0.0022429314,0.0057675377,0.02579371,0.05623349,0.04630051,0.082267515,0.1058984,0.9879312,0.043175485,0.010744584,0.006013024,0.0114346035,0.07008623,0.28744227,0.9146697,0.27147326
matahari_63.jpg,matahari,2067.7295152559054,3026.5576911153826,2637.667937992126,3295.4464628929254,0.058443852412792846,0.04282426206783345,0.04986185468930256,0.041387546188035175,31.03426427165354,39.26002852005705,36.22760826771654,40.98505797011593,9.673503581489207,9.793414209324423,9.759767313071176,9.815167765401913,8.500987460959296e-05,6.925762503022309e-05,7.409438647002292e-05,6.762391849540346e-05,0.009220079967635474,0.008322116619600034,0.008607809620921163,0.008223376344020955,0.7662362472346895,0.6575082695302956,0.7013546281317375,0.6270758416614817,0.53479654,0.83995974,0.08585887,0.0077466643,0.029879991,0.011619996,0.0002766666,0.00082999974,0.011800286,0.06231612,0.0794199,0.18310332,0.5013133,0.6464966,0.18535732,0.5025066,0.31280246,0.34752476,0.52113616,0.52566516,0.2303748,0.06068851,0.05902788,0.4162145
matahari_64.jpg,matahari,930.2677780511813,1165.4322648645298,557.5553641732283,1138.3581127162256,0.1348327910536618,0.09174556288994046,0.12508243903779603,0.09718764191011348,19.637733759842522,22.468410936821876,14.84953248031496,22.226424452848907,9.285963522817529,9.411743942922087,9.145379940436225,9.401720567475596,0.00022081867894204547,0.00013773491493910883,0.00018717157795643716,0.00014480982523872173,0.014859969008784826,0.011736051931510394,0.013681066404211229,0.01203369541075067,0.8935250285034132,0.8667832879327126,0.9362096083669692,0.8698821301162153,0.75174963,0.6137567,0.031097006,0.010331571,0.23823988,0.011968256,0.0060352744,0.012786598,0.06958051,0.39821675,0.16272415,0.31449836,0.19598973,0.15510078,0.19280177,0.7820184,0.1457232,0.11393416,0.0565451,0.08214512,0.33223763,0.552229,0.41466406,0.6070862
matahari_65.jpg,matahari,1027.9822219488187,2134.2623845247695,1809.5413385826773,2229.0906441812886,0.24583034765354522,0.1405671569574953,0.13719783031086658,0.12067398625336578,18.38527312992126,27.581127162254326,25.06545275590551,28.52656705313411,8.92980125220617,9.224252344466443,9.168494514311083,9.272647486881475,0.0005755219029969311,0.00024216143664477794,0.00026834807087582925,0.00022504403617524456,0.02399003757806417,0.015561537091328027,0.016381333000578105,0.015001467800693523,0.8729086626116567,0.7354447379860837,0.7753639094927982,0.7236922088578985,0.22838958,0.65738755,0.026875284,0.018017512,0.7173788,0.00060393894,0.00020131299,0.00030196947,0.005596461,0.026791567,0.052035175,0.13443413,0.28684837,0.28291893,0.31590235,0.84637535,0.06863622,0.18172108,0.5140649,0.46066374,0.3653269,0.46883097,0.24297537,0.27108952
matahari_66.jpg,matahari,757.986405019685,922.1327422654847,457.3342150590551,951.2924545849094,0.19953563115225187,0.14100462201847602,0.18412833270084855,0.1495366749262935,15.169968011811024,17.90408580817162,12.099717027559056,17.970239940479882,8.73869388324821,8.959769382949503,8.711070292215116,8.945613932927762,0.0017745851531742126,0.0008744308517199093,0.0010420762418673275,0.0009320930043682891,0.04212582525214447,0.02957077698877575,0.03228120570653035,0.030530198236635955,0.9174469779502615,0.8992883894750034,0.9500971291364827,0.8961045283873464,0.8885245,0.4585825,0.014111515,0.00016700018,0.00025050028,0.00025050028,0.0010855012,0.0050935056,0.3730466,0.047981665,0.05893243,0.2110905,0.25892806,0.23933196,0.5900448,0.58139944,0.0,0.028108723,0.2060191,0.25208616,0.15035936,0.12347761,0.15582494,0.9116373
matahari_67.jpg,matahari,630.9861589566931,1016.3547647095295,920.1048843503936,1026.6975633951265,0.24633217740237745,0.14099781191107433,0.15918094337190675,0.140681318017375,12.27995816929134,18.396552793105588,16.96844242125984,18.271498542997083,8.573147585667197,8.935670378632711,8.850310642570523,8.946592962896617,0.0005061161245369368,0.00030779223316770155,0.000353696630244823,0.000294924391696387,0.02249702479300178,0.017544008469209695,0.01880682403397296,0.017173362853453805,0.9029085142321013,0.8437145311693369,0.8583194860638144,0.8421383774357637,0.49830207,0.60160184,0.07278694,0.024410255,0.61957663,0.001109557,0.0,0.000110955705,0.06817861,0.30821824,0.54896516,0.25673068,0.27766517,0.11188648,0.08543544,0.6604273,0.00038317952,0.015582634,0.26554343,0.27691108,0.2615839,0.28163695,0.822431,0.168599
matahari_68.jpg,matahari,1249.6924212598424,1555.949283898568,801.9183070866142,1575.4150908301817,0.07125791639215548,0.060439221361896056,0.08535708084648762,0.055134320632600875,23.80142716535433,26.944385888771784,18.625369094488185,27.623411246822496,9.512767960375394,9.584277682184162,9.375252828017748,9.605215099861551,9.924031078530906e-05,9.012678450677753e-05,0.00011671001125205374,8.739368957440873e-05,0.009961943122970994,0.009493512759078039,0.010803240775436497,0.009348459208575964,0.847214755939215,0.809670050280833,0.9021914107616889,0.8072628951184362,0.77209705,0.6351348,0.003082751,0.00088078604,0.0014092576,0.0036112226,0.0069582094,0.019905765,0.073901124,0.06942227,0.07875322,0.1346145,0.21846864,0.27594727,0.3321818,0.85508823,0.024985591,0.1935348,0.27967298,0.29913688,0.24999395,0.20637271,0.2030597,0.8049226
matahari_69.jpg,matahari,909.9716412401574,976.3579887159773,331.5647760826772,1083.193068386137,0.2261998269247631,0.2031367124629545,0.3045272697482114,0.1853063520050967,16.482714074803148,17.177010354020705,9.216227854330711,18.580259160518324,8.486818429583064,8.561742736087446,8.115234941203719,8.618427048134995,0.0007711700604065271,0.0005872213988832465,0.00106161210857578,0.0006073102232384636,0.027769948872954864,0.024232651503358984,0.03258238954674411,0.024643664971721713,0.7576092888859126,0.7401340279680955,0.9117222952077558,0.7116996483139916,0.08012736,0.21344636,0.07434935,0.050132703,0.9695155,0.004333505,8.4970685e-05,0.00016994137,0.0062270337,0.03947306,0.09235008,0.1024822,0.12665154,0.17097957,0.2602689,0.9307832,0.059712127,0.24625555,0.28477216,0.8714096,0.30311882,0.03179329,0.033730514,0.03623751
matahari_70.jpg,matahari,332.07800196850394,754.6550933101867,630.884842519685,798.486452972906,0.547318190126364,0.5115098716373334,0.528563837004529,0.5077705492885978,7.7205954724409445,11.802715605431214,10.295767716535432,12.32971665943332,5.01605203956912,5.19892647206494,5.101854684838323,5.213889639854535,0.20333889172417022,0.19173056115347767,0.20022065898623986,0.19151883278656515,0.4509311385612777,0.43787048445114185,0.44746023173712307,0.43762864712740773,0.9424544830810441,0.8698171757704931,0.8906605165741898,0.8622559862399447,0.8671099,0.49164397,0.055442285,0.012444331,0.028231917,0.012630068,0.046526942,0.00752232,0.93266153,0.02826514,0.017874839,0.016994305,0.016377931,0.021573082,0.055473637,0.3534463,0.0,0.0010849517,0.013164081,0.03855195,0.052511662,0.035297096,0.048461176,0.9959856
matahari_71.jpg,matahari,1365.0327263779527,1615.7953995907994,1101.929256889764,1663.286068572137,0.12602598262231707,0.10939705170624325,0.1643997861069958,0.10226646662884978,19.921013779527556,22.683241366482733,16.994832677165356,23.047368094736193,9.233981370365164,9.351547636009268,9.114455014603369,9.354533637459378,0.0001633141694017763,0.00013894385777487531,0.00019722237930803994,0.00013665282461075185,0.012779443235203023,0.011787444921393072,0.014043588548089835,0.0116898599055229,0.8692302715541866,0.8447130018488256,0.8943476888340628,0.8401646116842428,0.2934845,0.6472826,0.608856,0.071878836,0.33589053,0.07871851,0.00062178925,0.00074614707,0.57472587,0.085111685,0.07255422,0.08790223,0.13178992,0.15817328,0.22070691,0.7472324,0.4131797,0.43968245,0.31210706,0.3139178,0.20790675,0.17267947,0.328733,0.50882006
matahari_72.jpg,matahari,697.0784940944882,1301.2680885361772,906.2738065944882,1176.9290098580198,0.3519293771311898,0.16355679343667723,0.1918359529116952,0.17748035691515224,13.230068897637796,19.48521297042594,15.912955216535432,18.269328538657078,8.406740204814291,8.876296855151477,8.745117881062635,8.840896578217333,0.0011149918540071455,0.00037278492313820143,0.0004317549528653745,0.00038683672134533806,0.03339149373728503,0.019307638984044667,0.020778713936752066,0.01966816517485396,0.9085267803023355,0.829261623537725,0.8804861266973963,0.8455773168000495,0.12807071,0.38987735,0.023868145,0.04560023,0.910333,0.007894134,0.0030647814,0.012909231,0.0007327745,0.010782253,0.046374157,0.05516745,0.07924432,0.32147864,0.31477898,0.88655245,0.09782163,0.107207984,0.058240622,0.059710775,0.060502395,0.11014828,0.5522116,0.80700016
matahari_73.jpg,matahari,408.6365649606299,579.3218426436852,386.2651328740157,494.4971169942341,0.4788036725433149,0.45091975477813223,0.4772970068695391,0.44980664095920386,8.98191437007874,11.364126728253455,9.060654527559056,10.839233678467359,5.8138226535851425,5.964736809919078,5.8231314148629565,5.96705432527509,0.14201593100451826,0.1339562420584324,0.14164656216275318,0.13412673375039846,0.3768500112836913,0.3660003306807692,0.37635961813504004,0.3662331685557692,0.9525313017734033,0.9329653085245352,0.9551300480669921,0.9427805768172919,0.93394053,0.35119104,0.028375536,0.013925032,0.033805422,0.01112251,0.04124962,0.021281652,0.8611017,0.021666553,0.021283075,0.024063297,0.041511584,0.042853758,0.058192912,0.5000564,0.04977939,0.046913303,0.011238075,0.008296565,0.0095033385,0.028283745,0.08854698,0.99317425
matahari_74.jpg,matahari,502.5618848425197,710.3631347262694,457.60992864173227,608.8658317316635,0.7271031722418987,0.7107333028924434,0.7283517316417473,0.7134468333044826,7.324434055118109,9.40300080600161,7.343073326771653,8.625519251038503,3.126325289248846,3.215804707513952,3.1222445950635263,3.205789893623379,0.48175476252075533,0.47023335952555695,0.48337929708085986,0.4709254783380297,0.6940855585017998,0.685735633845549,0.6952548432631447,0.6862401025428562,0.8971966313580929,0.8554963964647245,0.9063355804053054,0.8761431971147666,0.966204,0.25748122,0.005730294,0.0022157137,0.0059595057,0.004584235,0.007334776,0.0022921176,0.9825211,0.009721772,0.0051330957,0.007855192,0.014388222,0.03429841,0.04378686,0.17654738,0.0,0.00020622747,0.011823708,0.037464656,0.0485322,0.019591609,0.010861314,0.99779725
matahari_75.jpg,matahari,1132.628198818898,2130.848285696572,1636.1606791338586,1811.3879967759938,0.08758132551540854,0.05634296609951751,0.06938906850435778,0.05901028032665973,20.340428149606304,29.28464256928514,24.579724409448822,26.807551615103232,9.395552477051044,9.61899786412664,9.517002607645399,9.582549935722389,0.00011271012532259442,8.278855915390548e-05,9.527448254115261e-05,8.612708650800154e-05,0.010616502499533187,0.009098821855268158,0.009760864845962811,0.009280468011258997,0.8489738209093959,0.7160855994701169,0.7818910488764981,0.7586421762361044,0.23685634,0.95765835,0.16364469,0.002911827,0.0008319506,0.0008319506,0.00033278024,0.0,0.036654316,0.07359725,0.115735285,0.2304604,0.45168507,0.54115623,0.3827057,0.53235346,0.22697842,0.5262059,0.53407615,0.42373502,0.28946832,0.24193193,0.23091355,0.105618946
matahari_76.jpg,matahari,1519.7383735236224,2599.3191766383534,2253.238804133858,2679.885051770104,0.25715560394323944,0.15797172029825468,0.15508207339339314,0.13790215368776812,20.913816437007878,29.627813255626517,26.957554133858267,30.364188728377457,8.8737379254743,9.174517605579702,9.116641991618959,9.203968950784967,0.0005993566064280567,0.00026536967947765643,0.00029168136949555147,0.0002520405561612165,0.02448176068888953,0.01629017125378541,0.017078681725928132,0.015875785214004897,0.8191799610601996,0.690097028918106,0.7309087582408007,0.6804912562379389,0.2293079,0.64570636,0.018719012,0.008562952,0.7280501,0.0006969845,0.00019913843,9.956922e-05,0.002779588,0.019679483,0.031131387,0.09461718,0.25283134,0.272622,0.2637273,0.88424253,0.07909627,0.1850316,0.50504786,0.463842,0.32538405,0.47363034,0.22592168,0.32869947
matahari_77.jpg,matahari,690.4530634842521,804.979911959824,528.0634227362204,837.9973959947919,0.2180196934700083,0.19614702872883283,0.2113739958293853,0.15435855469319867,13.395484744094492,15.12189224378449,12.12420029527559,15.944075888151776,8.521769915211838,8.643931150523077,8.512031488037975,8.741808180540573,0.000452520680431986,0.0004064066036247888,0.0004824573858132091,0.00031967600670274797,0.021272533474694218,0.020159528854236372,0.02196491260654613,0.017879485638651577,0.8678147365523163,0.84435796917271,0.8977336873008018,0.8379604534590684,0.27547628,0.26621094,0.009838439,0.013468154,0.9205149,0.074886754,0.0025790082,0.0020058954,0.5327757,0.13153315,0.16061512,0.49823165,0.4106905,0.07425497,0.12607105,0.48450258,0.0,0.010580677,0.06298964,0.05428777,0.04835468,0.0664506,0.8256883,0.5517773
matahari_78.jpg,matahari,1381.5811392716537,1697.5239010478022,956.5140255905512,1617.169012338025,0.3089915973766997,0.252685341834789,0.28445984254216994,0.24252408014449228,20.143762303149607,23.543121086242174,16.899729330708663,22.883067766135532,8.340234887872615,8.521434263070248,8.35180696316803,8.55138668764663,0.003371994659028381,0.002668261769036403,0.0030426095398089236,0.0022999589678266716,0.05806887857560521,0.05165522015282098,0.05515985442157116,0.04795788744124027,0.765113435423145,0.711729947455054,0.8377297977301321,0.725365688475231,0.21202765,0.59569675,0.15825021,0.016792165,0.75819814,0.00010627953,0.0,0.00021255905,0.0038443943,0.011807783,0.023249432,0.08558354,0.15304351,0.12146456,0.1331808,0.96750593,0.0014749862,0.022223126,0.06922602,0.080730915,0.11976888,0.18417661,0.18102998,0.9524478
matahari_79.jpg,matahari,969.7672244094487,1077.5798251596502,1102.8706323818897,1161.4105648211294,0.3705374773146108,0.34581184188600955,0.361519160028535,0.35203160914279996,15.28334153543307,17.674933349866695,17.18953001968504,18.226114452228902,6.686871225042001,6.82901755629275,6.729449458409822,6.821867495779151,0.09443148860662959,0.08907057401193973,0.09394578438815078,0.0910248560530601,0.30729706898476855,0.29844693667709127,0.3065057656686914,0.3017032582738544,0.8358618876468951,0.8180838701221469,0.8133348524944082,0.8039316343731576,0.89131004,0.45329195,0.0055920756,0.004006263,0.003922799,0.0023369868,0.00350548,0.00350548,0.6289752,0.007284715,0.006362599,0.005624906,0.005532695,0.016137026,0.066576764,0.77430063,6.6935434e-05,0.0026774174,0.0070282207,0.012115314,0.017336277,0.025770143,0.03279836,0.99887747
matahari_80.jpg,matahari,1015.953371062992,1335.780023560047,818.8721702755905,1273.715605431211,0.1505036630563366,0.11723639374543035,0.1466069594768028,0.11289193686579346,20.13939468503937,23.78684357368715,18.061761811023622,23.013764027528055,9.103947548092602,9.241128936697658,9.07668813282912,9.231720359557286,0.0004948335702335467,0.0003283942335756208,0.0004320690404076121,0.0003026066564254153,0.022244854915992297,0.018121650961643115,0.020786270478554157,0.017395593017354,0.8951323623125499,0.8620746842834776,0.9153802533891832,0.8684788712857747,0.78795326,0.5022081,0.3077524,0.03167183,0.15428373,0.0795289,0.015486593,0.028877258,0.5760357,0.09455131,0.28397718,0.3421626,0.36382052,0.38079128,0.309999,0.29674566,0.06339849,0.14368862,0.09729145,0.08314196,0.16222554,0.10771161,0.20127374,0.93836343
matahari_81.jpg,matahari,1108.4381151574803,1098.9149358298714,865.5944881889764,1410.4325748651495,0.20174208207891609,0.19292171257866553,0.3411553233835801,0.1912878579280316,17.223056102362204,17.3005766011532,14.422244094488189,20.247690495380986,8.620973617079143,8.666340723163982,8.34819109067241,8.736679911832269,0.0005070659555381611,0.0004770615282442045,0.0011629715642243782,0.0004607802011189612,0.02251812504490907,0.021841738214808008,0.03410236889461461,0.02146579141608716,0.8462153214836521,0.8480084026888368,0.8801742711875771,0.8049213815662637,0.41897947,0.47036177,0.014799773,0.013444863,0.7763627,0.0028140412,0.0031267125,0.0077125574,0.011837503,0.037732042,0.064243115,0.43539816,0.2874294,0.23983274,0.14081697,0.8029773,0.16853611,0.059728757,0.027229287,0.020641556,0.033048447,0.10858776,0.7013737,0.679744
matahari_82.jpg,matahari,1134.3177903543308,1339.0168640337283,718.0378321850394,1365.6142352284703,0.06893361240572934,0.057406693858141136,0.10854756931603643,0.06016471951087698,22.1316437007874,24.728439456878917,16.71056840551181,24.417136834273666,9.523191864810546,9.609601858075994,9.325854902141518,9.584618813851502,9.062371640368281e-05,8.097033988103565e-05,0.00011608940454209033,8.387641550532648e-05,0.009519648964309704,0.00899835206474139,0.010774479316518749,0.009158406821348705,0.851343240313902,0.8246007026774708,0.9060717944932807,0.8210948268653856,0.68317825,0.42624703,0.5558833,0.15773235,0.09550201,0.0924213,0.004682679,0.0033271667,0.40145853,0.42569223,0.15168491,0.091677696,0.032183357,0.06962376,0.15655729,0.7718877,0.078506485,0.38632637,0.5571478,0.3061132,0.21348798,0.17516565,0.30378595,0.52146304
matahari_83.jpg,matahari,1990.2343134842517,2371.8216256432506,933.9061269685042,2240.0518941037885,0.05592427538579382,0.04854239437931669,0.10608201606822981,0.04774691224465029,30.534387303149607,33.306776613553225,19.048351377952763,32.647715295430594,9.687512950626878,9.730576166317146,9.394131173189766,9.730364084500778,7.898923268549662e-05,7.306320025250872e-05,0.00011875347237022603,7.205222420860862e-05,0.008887588687911735,0.008547701460188507,0.010897406680959742,0.008488358157418231,0.7655424143967999,0.720675292734748,0.889677141056013,0.7362027232269988,0.5399148,0.42878696,0.596734,0.3158092,0.26176485,0.016385078,0.0017177905,0.0038319943,0.037357252,0.22476354,0.2140679,0.29963306,0.35078615,0.37047234,0.45541745,0.58717537,0.36990285,0.5429382,0.373763,0.30780482,0.29236424,0.28833625,0.27692363,0.29773486
matahari_84.jpg,matahari,1249.6924212598424,1555.949283898568,801.9183070866142,1575.4150908301817,0.07125791639215548,0.060439221361896056,0.08535708084648762,0.055134320632600875,23.80142716535433,26.944385888771784,18.625369094488185,27.623411246822496,9.512767960375394,9.584277682184162,9.375252828017748,9.605215099861551,9.924031078530906e-05,9.012678450677753e-05,0.00011671001125205374,8.739368957440873e-05,0.009961943122970994,0.009493512759078039,0.010803240775436497,0.009348459208575964,0.847214755939215,0.809670050280833,0.9021914107616889,0.8072628951184362,0.77209705,0.6351348,0.003082751,0.00088078604,0.0014092576,0.0036112226,0.0069582094,0.019905765,0.073901124,0.06942227,0.07875322,0.1346145,0.21846864,0.27594727,0.3321818,0.85508823,0.024985591,0.1935348,0.27967298,0.29913688,0.24999395,0.20637271,0.2030597,0.8049226
matahari_85.jpg,matahari,1153.025529035433,1778.2437844875692,1357.1796875000002,1894.5459110918223,0.09304409035176081,0.0635469433336974,0.08467438349845338,0.06915262774220632,21.591596948818896,27.339822679645362,23.5503813976378,28.260214520429045,9.41220390132262,9.55386526831694,9.466373163554481,9.553059805181954,0.000122883912760013,9.415339061318584e-05,0.00011015769101850709,9.874698898756099e-05,0.011085301653992687,0.009703267007208749,0.010495603413739826,0.009937151955543448,0.8610463785022959,0.7863445626626971,0.8365521433923876,0.7723586390983134,0.73361903,0.29828337,0.544373,0.2732908,0.013484362,0.0008137115,0.000464978,0.040220596,0.0015287569,0.040859506,0.26183438,0.61636704,0.48475495,0.25613627,0.48072457,0.13480857,0.041118164,0.56971496,0.4140751,0.3939729,0.3260518,0.15305093,0.15883794,0.43828914
matahari_86.jpg,matahari,1820.749446358268,2165.782503565007,1941.412401574803,2176.5154070308145,0.24885233217489094,0.1639589384391611,0.18464134352469322,0.17765066234238716,21.06354576771654,24.87159774319549,22.898129921259844,24.622667245334494,8.590594415080943,8.8588356993742,8.798265642479963,8.833596229231919,0.0009335419671815909,0.00053617671870473,0.0005908289404469434,0.0005745496021961107,0.030553919015104933,0.02315549003378529,0.024306973082779012,0.023969764333345266,0.6666829779325637,0.6018758026437506,0.6414537200610819,0.5999105023332729,0.33945206,0.17502436,0.026850838,0.0044003045,0.9237945,0.0014368341,8.980213e-05,0.0002694064,0.0030123047,0.011006498,0.027458316,0.05387391,0.25894234,0.39866695,0.33343896,0.8118161,0.0040728673,0.06679503,0.07307888,0.10566182,0.11660038,0.71717376,0.6485169,0.17466784
matahari_87.jpg,matahari,1796.6515748031497,2246.435426870854,1891.0672367125983,2163.697997395995,0.13791951418671788,0.11550317116978637,0.11916463277890534,0.1007727957075642,25.085506889763778,29.603013206026414,26.500307578740156,28.952259904519813,9.24806951891228,9.389207540773427,9.32120288950659,9.391065568345965,0.00034344526696865893,0.0002923988735943248,0.0003116770149555924,0.00027962136648434745,0.018532276356903892,0.017099674663405874,0.017654376651572618,0.016721882863013585,0.7695426717543526,0.7108942811193713,0.7564740710302621,0.7215526942849161,0.29076645,0.7047562,0.014807082,0.0035496429,0.64694774,0.0003042551,0.0,0.0005070918,0.035225227,0.046270426,0.05612155,0.07851046,0.09741666,0.15264265,0.20995829,0.9541659,0.0067094946,0.070449695,0.10153702,0.13866289,0.14224128,0.123454705,0.35079476,0.8982895
matahari_88.jpg,matahari,397.11571112204723,543.5615971231942,295.11195866141725,623.0000620001241,0.2505780830581259,0.20459692575796362,0.27141145548297363,0.20797475833530366,11.053334153543307,13.380804761609525,9.262426181102361,14.041416082832166,8.28233078373598,8.448644893475532,8.1756449790129,8.431037851562685,0.002043277585090326,0.0017023010671974597,0.0024504163998562366,0.0016593884015469686,0.045202628077251505,0.04125895135843202,0.049501680778093145,0.04073559133665508,0.9585397010711638,0.9433256224509408,0.9692949188047029,0.9350408140376496,0.664907,0.5287805,0.1622954,0.08955057,0.4936085,0.005041721,0.012124139,0.0104435645,0.678876,0.1384443,0.106015906,0.08980171,0.14991896,0.10476866,0.099405505,0.6762568,0.005996143,0.07738772,0.12648115,0.09968588,0.07289061,0.06858089,0.11158447,0.97240573
matahari_89.jpg,matahari,1012.7343750000002,1856.0933101866206,1652.3636195866145,1813.6200012400027,0.2444822660964238,0.15197894915695798,0.1654170788085419,0.14893429948655024,15.993602362204728,23.493396986793975,21.868663877952763,23.38936077872156,8.698288900137793,9.037083202154918,8.96997328642404,9.025484226472976,0.0009703980589601808,0.0005449218536852351,0.0005824393973006698,0.0005430402081586604,0.031151212800791254,0.02334356128968404,0.024133781247468657,0.023303223128113854,0.8750162562807958,0.7702712106682521,0.7948411329280511,0.7755259243961361,0.36776623,0.35033992,0.035759248,0.010475948,0.8602366,0.024779648,0.0005036514,0.0005036514,0.04066705,0.055378642,0.051280413,0.058531128,0.12210623,0.20722331,0.25598174,0.9305083,0.042955827,0.067368604,0.02801467,0.08297678,0.5988469,0.44876832,0.511868,0.40487868
matahari_90.jpg,matahari,1153.025529035433,1778.2437844875692,1357.1796875000002,1894.5459110918223,0.09304409035176081,0.0635469433336974,0.08467438349845338,0.06915262774220632,21.591596948818896,27.339822679645362,23.5503813976378,28.260214520429045,9.41220390132262,9.55386526831694,9.466373163554481,9.553059805181954,0.000122883912760013,9.415339061318584e-05,0.00011015769101850709,9.874698898756099e-05,0.011085301653992687,0.009703267007208749,0.010495603413739826,0.009937151955543448,0.8610463785022959,0.7863445626626971,0.8365521433923876,0.7723586390983134,0.73361903,0.29828337,0.544373,0.2732908,0.013484362,0.0008137115,0.000464978,0.040220596,0.0015287569,0.040859506,0.26183438,0.61636704,0.48475495,0.25613627,0.48072457,0.13480857,0.041118164,0.56971496,0.4140751,0.3939729,0.3260518,0.15305093,0.15883794,0.43828914
matahari_91.jpg,matahari,767.9518331692915,964.9878479756962,626.6606176181105,959.2283464566926,0.21681235623539877,0.15636360916948142,0.22107002293662864,0.17088318482156648,13.69888041338583,16.399838799677603,12.155942421259844,15.793415586831172,8.36261304959562,8.652117674830123,8.336759757051738,8.553924808091628,0.0006391057093637628,0.00037301748606845237,0.0005725021215667432,0.00044777781910948516,0.025280540131962424,0.01931366060767488,0.02392701656217806,0.021160761307417206,0.7875444814863861,0.7340430118308457,0.8268554392534896,0.7356341252582544,0.15732698,0.2508978,0.009517103,0.0054744403,0.95507926,0.0012633323,0.00016844431,0.00016844431,0.006061545,0.024131812,0.14318971,0.45267162,0.8006958,0.03728422,0.050779738,0.3590036,0.004658274,0.012958471,0.035911057,0.03565697,0.0678414,0.07326194,0.97713643,0.18023285
matahari_92.jpg,matahari,936.7204109251968,1475.520863041726,1207.9983390748034,1394.952693905388,0.11498327646570108,0.07113063014645951,0.09172142206065582,0.07645210798068452,16.65495816929134,24.24787649575299,20.652497539370085,22.883129766259536,9.10401120017891,9.423749715843094,9.297592292626724,9.370795433183666,0.00016226405743827112,0.00011078644514533739,0.00013076069853311585,0.00011767299869152409,0.012738290993625131,0.010525514008604872,0.011435064430649958,0.010847718593857608,0.8655880756261992,0.7878059403218239,0.8262607596548708,0.7993785279887117,0.17409632,0.97295654,0.15180881,7.931495e-05,0.0001586299,7.931495e-05,0.0,0.0003172598,0.019557318,0.11720618,0.19006407,0.31140208,0.3100248,0.30782115,0.21609458,0.7843586,0.005808021,0.023502223,0.098331146,0.32119706,0.5693211,0.5179944,0.1580322,0.51880485
matahari_93.jpg,matahari,1387.8856422244098,1822.7459854919712,1090.3184055118109,1738.8097836195675,0.14009084500551475,0.08345522577781543,0.10880888645424414,0.08514610029299971,21.390317421259844,26.3500527001054,18.99470964566929,25.644305288610582,9.230073915607052,9.437382518825082,9.217140538850446,9.420755485814015,0.00018827088435426876,0.00012951833207281024,0.00019679665824175397,0.00013251282005075015,0.013721183781083494,0.011380612113274497,0.014028423227211031,0.011511421287171716,0.8020299813798929,0.7407191280149902,0.8445585163490535,0.7526795801343205,0.35531256,0.84373695,0.11882003,0.0067807743,0.3843134,0.0001043196,0.0,0.0001043196,0.0031741292,0.029836815,0.33226785,0.342679,0.19298705,0.12886965,0.23729791,0.81308496,0.002594699,0.14209792,0.25153318,0.4177465,0.34448445,0.41377816,0.56701803,0.3614263
matahari_94.jpg,matahari,1184.4021899606298,1537.4182528365054,921.2325910433071,1637.3649947299896,0.16844674095448234,0.13843645143161146,0.17307409971030452,0.1438709133799223,20.69623523622047,24.684667369334733,18.52085383858268,25.19424638849278,8.913826307390103,9.062053650482465,8.88891954034187,9.0866477060308,0.0017042144069639702,0.001472636524540207,0.0018358341160041695,0.0014748160812584254,0.041282131812249837,0.03837494657377658,0.042846634827068616,0.03840333424663053,0.8768835039167294,0.8401049097585921,0.9044142099513958,0.8297046704095837,0.6500228,0.6507727,0.024102692,0.016604077,0.39099923,0.013711753,0.0050347843,0.0038564305,0.58454484,0.074667744,0.026123136,0.026228897,0.03204579,0.06261092,0.13378853,0.7927896,0.01070341,0.083884865,0.21033445,0.22054002,0.16080007,0.12458271,0.3858206,0.8424579
matahari_95.jpg,matahari,1965.0736958661419,2198.9799739599484,1447.7820497047244,2334.7436294872596,0.07499339621582607,0.0646795232101991,0.10377215181596247,0.06324344190484131,26.791215551181104,28.73259346518693,21.6427780511811,30.419864839729684,9.530053100480782,9.571677365981664,9.352739420419226,9.621020500465916,9.393677234620094e-05,8.801065404226413e-05,0.00011957653309837868,8.349970199847401e-05,0.009692098449056372,0.009381399364821014,0.010935105536682244,0.009137817135315961,0.7390824853074941,0.7081755270642954,0.8079243086334816,0.6901351980582754,0.51872087,0.7769884,0.3344471,0.11694719,0.040986165,0.00010929644,0.0,0.002513818,0.0047114273,0.11631336,0.40106025,0.6575386,0.34746775,0.20921682,0.32597187,0.3499707,0.004904903,0.042322304,0.10888884,0.4453652,0.5667265,0.4286885,0.21063054,0.4885283
matahari_96.jpg,matahari,185.75319881889766,285.18110236220474,211.24901574803147,356.7125054250109,0.5824654709121964,0.5643078899804492,0.6098246068582049,0.5643629319422689,5.823941929133859,7.2747225494451,6.0141486220472435,8.14235228470457,5.27580532893271,5.39086581002691,5.164408718733583,5.400748352887767,0.08041440869258691,0.07664441951737148,0.08840160758934801,0.07735039984928997,0.28357434420727645,0.2768472855517487,0.2973240783881252,0.27811939854905837,0.9633024046229478,0.9439572889165331,0.958272895139911,0.9299002082683481,0.8724963,0.48622334,0.018334616,0.0056071887,0.015130509,0.038182285,0.015308514,0.0069422335,0.96446866,0.025996702,0.019207185,0.031535517,0.03591297,0.07486335,0.07745409,0.23423831,0.0036130887,0.005087819,0.0286835,0.048149936,0.07012342,0.039375294,0.018065443,0.99500036
matahari_97.jpg,matahari,1022.9755167322834,1286.6123132246262,555.3196358267717,1249.299832599665,0.07968202897971627,0.06575409379842993,0.10623052261593571,0.06722029574854446,21.364542322834644,24.127348254696507,15.322711614173226,23.812201624403244,9.413072800593554,9.487447141904154,9.21678415068093,9.484936563848237,0.00011867022025059673,0.00010453799815157441,0.00014738084896091666,0.00010619092476327424,0.010893586197877938,0.010224382531555361,0.012140051439796977,0.01030489809572488,0.8712169411261224,0.837813682416964,0.9298721688233201,0.8425142667740954,0.3949975,0.6699221,0.5014498,0.35030076,0.03424987,0.07392153,0.024331952,0.11742812,0.4151542,0.35372436,0.593409,0.25747916,0.16804229,0.14777198,0.13508372,0.46451467,0.033330195,0.122210704,0.5791297,0.5699885,0.3560846,0.21109122,0.04458089,0.38772717
matahari_98.jpg,matahari,843.7845103346457,1040.8838737677477,401.2970595472442,1030.8215636431273,0.08656646734954301,0.06724608566582899,0.11556367250014028,0.06946652199821798,18.6261687992126,21.258602517205034,12.821050688976381,20.90501581003162,9.339701343651441,9.43582746833885,9.099659759934365,9.41542511156935,0.00011581883515329528,0.00010212587850310552,0.00015314795033886946,0.00010462448849753549,0.010761915961077529,0.010105734931369688,0.012375295969748339,0.01022861126925525,0.8622191053282322,0.8302575406906386,0.9344051099930005,0.8318900275875662,0.56254816,0.73205984,0.38182825,0.010461047,0.035973195,0.005337269,0.0006404723,0.020068133,0.13362817,0.24751745,0.39307418,0.28429714,0.18347248,0.13036203,0.1775082,0.7767759,0.011556031,0.08652931,0.19913015,0.6412188,0.49789584,0.15586549,0.27931774,0.43743804
matahari_99.jpg,matahari,548.173474409449,764.5401450802902,343.9235359251969,659.8891437782876,0.11615967000537425,0.09273838501534157,0.16020350205622894,0.09530104519942563,14.050196850393704,17.421662843325688,11.223240649606302,16.308512617025237,9.051022253670466,9.210086706904887,8.908925474016723,9.179443952823586,0.00019575033046550472,0.00015941323965232095,0.0002392760522825734,0.00016445274381031745,0.013991080389501902,0.012625895598028718,0.015468550426028077,0.012823912967979682,0.9299850037537274,0.9023516965388205,0.9562655917964136,0.9157246642003862,0.16482106,0.9808653,0.011739391,0.005165332,0.101506606,0.016356885,0.0008608887,0.0009391513,0.01957478,0.15788998,0.028815668,0.08078323,0.13771902,0.11585885,0.12907432,0.95826995,0.03279501,0.26313475,0.07553181,0.07850144,0.19289663,0.22685367,0.45964658,0.78604734
matahari_100.jpg,matahari,470.67981053149606,745.488312976626,650.3314468503938,761.6792113584229,0.433212636716724,0.2447343477308274,0.336075727231648,0.24647625567531345,10.33064714566929,15.03943207886416,13.140378937007878,15.158286316572635,6.385762348963793,6.8513366713209525,6.642464841734054,6.846783594975255,0.03584957176017868,0.016974660646574682,0.02475453150369192,0.017064143558505974,0.1893398314147836,0.1302868398825249,0.15733572863050505,0.130629795829688,0.9155107087798949,0.8669343863515195,0.8832490924810045,0.8640452425079916,0.9560574,0.29230437,0.0045857867,0.0020556974,0.0037160683,0.010278487,0.010120356,0.016287448,0.9651294,0.013791211,0.019069329,0.037031956,0.06640212,0.035925254,0.24653918,0.010896759,0.0060112383,0.03702043,0.029689653,0.032548655,0.029323114,0.015028096,0.05520076,0.9962528
