Filename,Label,Contrast0,Contrast45,Contrast90,Contrast135,Homogeneity0,Homogeneity45,Homogeneity90,Homogeneity135,Dissimilarity0,Dissimilarity45,Dissimilarity90,Dissimilarity135,Entropy0,Entropy45,Entropy90,Entropy135,ASM0,ASM45,ASM90,ASM135,Energy0,Energy45,Energy90,Energy135,Correlation0,Correlation45,Correlation90,Correlation135
anggrek_1.jpg,anggrek,387.06219242125985,707.8565317130635,264.4952632874015,495.59935519871044,0.5352716494832616,0.5081756250263799,0.5525060910641207,0.5110552911497908,8.647453248031496,11.143902287804575,6.789431594488187,10.23473246946494,5.207877401642507,5.335573044166976,5.104938815364834,5.323745305863669,0.17383639344915408,0.1616716352038941,0.17730253301082763,0.16493499091530395,0.416936917829489,0.40208411458784854,0.42107307324362075,0.4061218916966973,0.9308767840263955,0.8740642434889234,0.9527295498776226,0.9118272179076942
anggrek_2.jpg,anggrek,268.23818897637796,422.92231384462764,174.1061146653543,373.29784859569713,0.18706224070415686,0.15689896099229164,0.23384973082863877,0.1695205046374707,9.790600393700787,12.2001364002728,7.6015625,11.372496744993487,8.371429715735276,8.524276438238905,8.177132744822604,8.493191417276599,0.0005062750604016834,0.00042387957551660643,0.0006255431822387083,0.00043077573910123317,0.022500556890923465,0.020588335909359125,0.025010861285423746,0.020755137655559724,0.9559575813948548,0.9303201187978494,0.9712964179458666,0.9384968914510289
anggrek_3.jpg,anggrek,390.81963582677173,632.6498852997706,360.7695620078741,738.759625519251,0.45440771133186586,0.4236296635108818,0.4556548102242971,0.4167470098916468,10.268208661417324,13.040362080724163,9.73265255905512,14.377456754913512,5.989589235620465,6.131636119768444,5.962284032062322,6.183041350256042,0.11171710917640587,0.10403742470328269,0.1142931832982807,0.10102173890255152,0.3342410943860821,0.3225483292520404,0.33807274852948543,0.3178391714413935,0.9152075620334122,0.8630570221575498,0.9217428028024106,0.8400839141185833
anggrek_4.jpg,anggrek,154.3980068897638,211.16293632587266,61.80714812992127,190.35346270692543,0.5333793162115205,0.5261280388743674,0.6097111867566172,0.5115462251993783,5.6110974409448815,6.504991009982021,3.395484744094489,6.2800545601091216,6.564748734431188,6.6323091613518725,6.240424920901662,6.678233563364344,0.007839683709152574,0.0077098359293128775,0.010178962313491037,0.007063610816415012,0.08854198839619863,0.08780567139606005,0.10089084355624665,0.08404529026908654,0.8913653445135552,0.8522851991865433,0.9565391952278048,0.8668413135302522
anggrek_5.jpg,anggrek,64.19574311023622,129.19003038006073,74.12401574803148,124.25655651311305,0.6646867749539757,0.6137995918908188,0.62788617914503,0.6086565265483227,3.188607283464567,4.798065596131192,3.664370078740156,4.561225122450246,4.241717141225635,4.444401653715475,4.344894551703588,4.442905415104765,0.24841799592046454,0.23915246633890858,0.2444443419770627,0.23812709061340995,0.49841548523341905,0.4890321731122694,0.4944131288477913,0.4879826745012675,0.97035870650651,0.9406403332491032,0.9658040545111686,0.9429071441152724
anggrek_6.jpg,anggrek,175.12875246062993,384.8888957777916,234.46259842519686,382.0003100006201,0.49321951485067644,0.4526283353431601,0.49462426661405257,0.44978869257429127,6.335199311023622,9.201128402256806,6.782234251968504,9.175088350176704,6.573552043268428,6.764921737534341,6.569389183217357,6.773232711752907,0.014090050396897667,0.011509272259042998,0.01398535139599576,0.011494207562784279,0.11870151809011402,0.10728127636751437,0.11825967781114474,0.10721104216816604,0.9647263351712386,0.9228542036640358,0.952921946153155,0.9234331450208334
anggrek_7.jpg,anggrek,807.1563730314961,1032.6420732841464,239.77940452755902,959.8183396366792,0.190218585960476,0.13071919049438901,0.28938150707478955,0.12845050541635628,15.898868110236219,19.156922313844625,8.227608267716535,18.668981337962673,8.425364200727511,8.58912845172852,7.911284034985732,8.587501830436906,0.000551157413349983,0.0004092896151568233,0.0012248524863260665,0.0004080614522441766,0.02347674196625211,0.020230907422971005,0.03499789259835607,0.020200530989164037,0.8448201387694844,0.8021130208178191,0.9539460459503607,0.8160832615761128
anggrek_8.jpg,anggrek,347.28180364173227,464.74232748465505,130.447281003937,433.04079608159225,0.13399476701307184,0.11050595298760278,0.21487410315894787,0.10805327879047585,12.116572342519685,14.236654473308947,7.1312130905511815,13.998201996403994,8.624561689448953,8.760554363451929,8.267020562067305,8.76317136946987,0.0003451519354210583,0.00027847392789459764,0.000487861205214598,0.00027283475733793803,0.018578265134857407,0.016687538101667294,0.022087580338611062,0.016517710414519864,0.9497275753920534,0.932792000000731,0.9810908467144853,0.9373780151155697
anggrek_9.jpg,anggrek,148.37979822834643,258.0990141980284,109.84350393700787,214.1936263872528,0.19766045950322275,0.15941136801751452,0.23925489083429202,0.17199086647778958,7.5233759842519685,9.7748775497551,6.3203740157480315,9.135532271064545,8.160136394199245,8.358330720708276,8.01010976344762,8.320228297947939,0.000513553944588358,0.0003982822771275154,0.0006158802600808326,0.0004357172208671406,0.022661728631954755,0.01995701072624644,0.02481693494533184,0.02087384058737492,0.9421504466324505,0.8993622579369792,0.9573818656564533,0.9164699346591524
anggrek_10.jpg,anggrek,164.54133858267713,266.230516461033,110.03063484251969,219.94432388864783,0.7897803382956717,0.7803117268827705,0.8011537872138432,0.7808547139838052,4.396284448818898,5.544795089590181,3.4586614173228347,5.093930187860376,2.448718401156754,2.5034593728338903,2.403730401202789,2.495855899120778,0.5528429319798093,0.5460596918465834,0.5573501544341957,0.5462585350739554,0.7435340825946106,0.7389585183530828,0.7465588753971087,0.7390930489958321,0.9088767696273701,0.8535236662308662,0.9390648079682566,0.878989686739178
anggrek_11.jpg,anggrek,131.84774852362204,337.9394878789758,195.12137057086613,256.8425816851634,0.3370238730771455,0.2197722554599393,0.25272371409591327,0.23575420328711966,6.37296998031496,10.610949221898444,8.304441437007874,9.44472688945378,7.757515175762181,8.161862710589553,8.00987590605675,8.100329002753458,0.0028527341600581646,0.002161005500013356,0.0024294311894287853,0.002290318177263548,0.05341099287654335,0.04648661635367061,0.049289260386303074,0.04785726880280098,0.9658136413651763,0.9126254172416359,0.9497445660023226,0.9335944876286977
anggrek_12.jpg,anggrek,226.50830462598427,282.8001116002232,124.94549704724409,368.11073222146445,0.2563124677007984,0.23350970274006724,0.32505199433978565,0.22045084520790245,8.21954970472441,8.921259842519685,5.66203248031496,10.253332506665014,8.174969295120059,8.253564817560175,7.86601840392143,8.316900959230148,0.0005932243309799119,0.0005260342841350324,0.0008143079030298686,0.0005026991887947444,0.024356196972842702,0.022935437299843063,0.028536080723005192,0.022420954234705186,0.9619498795870095,0.952436069662876,0.9789585558734454,0.9380967718432829
anggrek_13.jpg,anggrek,397.0614542322835,540.0484220968442,188.82000492125982,545.1809163618327,0.43601260150276944,0.4159631909225522,0.48604418635016217,0.41789423604671444,9.03364911417323,10.810899621799246,6.057947834645669,10.576167152334303,6.175394476944811,6.293257513693764,5.956064327873821,6.268227287913165,0.10164345133377771,0.09564629663080394,0.10767062476507767,0.09773392564331161,0.3188157012033405,0.3092673546153941,0.32813202337638075,0.31262425632588337,0.9262582710398971,0.899479335365206,0.9647751764297343,0.8985142330847244
anggrek_14.jpg,anggrek,422.92734990157476,534.3305226610453,139.02602116141733,537.6787153574307,0.16706617685945402,0.15996730305666917,0.260323226988678,0.1440993855773381,11.610666830708661,12.813999627999257,6.009288877952756,13.131998263996529,8.590552505900916,8.64763519173157,8.09877906294384,8.687780777805806,0.00034085499079201286,0.00031780973723767776,0.0005667955671848845,0.0002981802727198982,0.018462258550676104,0.017827218998982364,0.02380746872695383,0.017267897171337865,0.9605536308359277,0.9501269217237489,0.9870122541803746,0.9498143447383977
anggrek_15.jpg,anggrek,416.3818282480315,542.3406906813814,204.98154527559052,631.212660425321,0.11380305886047334,0.09534121154408981,0.16658552653086345,0.09711485759993807,14.148560531496063,16.10509021018042,9.315083661417322,17.215760431520863,9.041990190372866,9.124563081734674,8.719988337717933,9.164877552728154,0.0001730868329900722,0.00015555384821477067,0.00025677413415373703,0.0001505508622028466,0.013156246918862241,0.012472122843155879,0.016024173431217505,0.012269916959900201,0.949239145869058,0.9337606689633079,0.9750211553404428,0.9229143969996834
anggrek_16.jpg,anggrek,180.39708415354332,479.29319858639724,352.6900836614173,480.4772769545539,0.14718474362025308,0.08976258763129341,0.11483564338072783,0.09733283192453213,9.241695374015752,15.43716287432575,12.964936023622048,15.253890507781016,8.496738145529076,8.879944428007963,8.747597129139537,8.855998317377157,0.0003108123281676252,0.00020095359181356346,0.000242180416001457,0.00021306416225579678,0.017629870338934008,0.014175810093732331,0.015562146895639336,0.014596717516475982,0.9504780249805173,0.8680702483319216,0.9030241829108729,0.8677402695431851
anggrek_17.jpg,anggrek,383.19100639763786,518.3041106082213,202.20004921259846,570.262074524149,0.11125008263682393,0.10061405163495535,0.14762153914452636,0.08530700792693924,13.462906003937011,15.53679707359415,9.472317913385826,16.542067084134167,8.891990870144685,8.982412673523127,8.625395817754317,9.033247800496232,0.00020618901101083457,0.0001870228800907723,0.0002784386061936186,0.000174581724326199,0.014359283095295342,0.013675630884561498,0.01668647974240279,0.013212937762897356,0.9225318467656002,0.8949419918534895,0.9591870860066699,0.8843907953129548
anggrek_18.jpg,anggrek,276.7065698818898,353.66594333188664,171.32849409448824,475.83346766693535,0.3205104720227243,0.2639839554273532,0.347960921360842,0.2808618931777934,8.276205708661417,9.750139500278998,6.690206692913387,11.004774009548019,7.806745151462575,7.987725273804803,7.692877629225616,7.996844492089393,0.0016111763790910393,0.0012379901379555994,0.0018143399323908027,0.00133082695330249,0.0401394616193471,0.035185084026553064,0.04259506934365529,0.03648050100125394,0.9632007781930324,0.9530775167201759,0.9771933047205557,0.9368691362961968
anggrek_19.jpg,anggrek,214.89708415354332,348.8716597433194,162.36171259842519,349.1370202740406,0.35579208522532163,0.29303827558790185,0.32942776716353617,0.26655810930231105,7.211183562992126,8.963915927831854,6.171259842519684,9.390104780209562,7.99026275651447,8.138039879079688,7.901692375559567,8.237221941254393,0.0009727404708715667,0.0007583127572479956,0.0009203597508757518,0.0006754146436558729,0.031188787582584334,0.02753747913749542,0.03033743151415017,0.025988740709312425,0.9600854815508432,0.9353915618600924,0.9698763497790269,0.9353422914285844
anggrek_20.jpg,anggrek,336.7725762795276,581.5185690371381,299.91344734251976,575.9311798623598,0.5763732253264635,0.5537727369152525,0.5924263079660642,0.5528483945786863,8.206262303149607,10.540579081158164,7.296936515748033,10.740157480314963,5.631538718040608,5.760930675361413,5.550489653481737,5.75510802478397,0.051348791052074294,0.04747209841620378,0.05396001081308805,0.04764342425950645,0.22660271633869328,0.217880927151056,0.23229294180643553,0.2182737369898322,0.9363296953686758,0.8906266395230337,0.9433112777677354,0.8916772859505186
anggrek_21.jpg,anggrek,109.20503198818899,186.47454894909794,104.3189591535433,194.62235724471452,0.5848326337010814,0.5422390327398444,0.6168401496725615,0.5556264966564805,4.031311515748032,5.4727509455018915,4.1315821850393695,5.516275032550065,5.762262771203867,5.959545914227873,5.6376687314237826,5.905069588661775,0.01844466414762909,0.015785155074557154,0.023894274106907584,0.017402511089974745,0.13581113410773465,0.1256389870802736,0.15457772836637101,0.13191857750133126,0.9283972689209554,0.8783778494554149,0.9315856347654301,0.8730639069908198
anggrek_22.jpg,anggrek,220.26482529527564,306.88926777853555,145.42655019685043,367.10378820757643,0.4102131532021437,0.3608322812836856,0.45037682574367166,0.35160923933276234,6.978777066929135,7.985553971107941,5.177780511811025,8.73228346456693,6.938303923415102,7.062036910143838,6.733958865093463,7.10970732266582,0.004963655984440878,0.0043599706518651655,0.00629215357551809,0.004038399545582029,0.07045321841080703,0.06603007384415957,0.0793230961039601,0.06354840317098479,0.9412808855176854,0.918667454707956,0.9612638327001523,0.9027054441437738
anggrek_23.jpg,anggrek,351.14173228346453,522.3582367164734,325.9313484251968,707.8898257796516,0.17841865620669134,0.14486665164669488,0.16989382853830176,0.12545033304934003,10.41978346456693,13.291090582181162,10.59375,15.258416516833035,8.638331977111608,8.83987154354256,8.6825411199091,8.924683658973633,0.00031327961825845525,0.0002499647878581515,0.00031010846933803243,0.00022003720614794447,0.01769970672803522,0.015810274755934873,0.01760989691446354,0.014833651140159138,0.9545910090706339,0.9327079782716928,0.957946594690313,0.9088133465886733
anggrek_24.jpg,anggrek,68.1175565944882,132.1454522909046,108.51371801181102,191.69458738917479,0.4850014957006675,0.3017716500210769,0.28282218496599976,0.25489837820261635,3.501291830708662,5.137330274660549,4.966227854330709,6.376464752929507,7.2084002935235905,7.597475083715823,7.4248593313568305,7.66884565981906,0.0014921996396727174,0.0008822265149025305,0.001207766880865793,0.0008441534646104818,0.03862899998282013,0.02970229814176894,0.03475294060746217,0.02905431920748586,0.9814557916761996,0.9637379744040819,0.9701902573943881,0.9473980656329398
anggrek_25.jpg,anggrek,145.57258858267716,558.0757641515285,404.841966043307,478.6625333250668,0.7518097336225793,0.6909768365563693,0.7057666457833561,0.6959218159517729,3.940329724409449,9.032426064852132,7.51605561023622,8.13206026412053,3.25572400662194,3.44490488925995,3.36149611752496,3.4158137030753544,0.4033018608029405,0.3847034657923245,0.3951636028272057,0.3867125385066074,0.6350605174335281,0.6202446821959254,0.6286203964454269,0.6218621539429839,0.9835815653915805,0.9351249981384816,0.9529017028760066,0.9443566004201693
anggrek_26.jpg,anggrek,229.15003690944883,354.69626139252284,131.7935531496063,308.11259222518447,0.19041014925672883,0.15899088534466085,0.24132984697282905,0.1720601146699621,9.199741633858268,11.37727075454151,6.7912155511811045,10.549073098146197,8.339273822526332,8.50146785337415,8.123985070543938,8.459892214486306,0.000500793665161549,0.0004070370221464604,0.0006214184181298053,0.0004224765099043497,0.02237841963056259,0.02017515854080112,0.02492826544567041,0.020554233381577375,0.9610096444438534,0.939416788185282,0.9774793188529064,0.9473739238254189
anggrek_27.jpg,anggrek,411.09061269685037,540.2092504185009,171.66031003937013,544.2023064046128,0.12788356799788284,0.11196186612769621,0.20307623979373762,0.11447909264079704,12.870632381889763,14.758199516399031,7.87081692913386,14.56686713373427,8.49255823554643,8.593036634235972,8.112733473041633,8.572049357043195,0.00038540244316816766,0.0003397840511348454,0.0006164611328246096,0.00034896548186053164,0.01963166939330855,0.018433232248709,0.024828635339555205,0.018680617812602763,0.9027389891316637,0.8718014371319376,0.9593118703975076,0.8708739016903854
anggrek_28.jpg,anggrek,328.7023252952756,525.4488808977618,229.61466535433075,488.1336102672206,0.6438986049757383,0.6281907508462422,0.6578144604620447,0.6338528950273313,8.098117618110237,9.953065906131812,6.013410433070868,9.450740901481804,3.9617994403369274,4.061167343416976,3.8766804200869367,4.02900413254768,0.3659836705659741,0.3531819496523857,0.3719244491101289,0.35700222438946955,0.604965842478709,0.5942911320660823,0.6098560888522216,0.5974966312787625,0.9359722565711293,0.8981190476353191,0.9553040221085728,0.9053542239727201
anggrek_29.jpg,anggrek,319.1940821850394,520.1368962737924,182.18460875984255,420.8782937565875,0.6077077983340264,0.5838192213431924,0.6271385266843799,0.5934876609340476,7.250799704724409,9.307706615413231,5.087413877952757,8.18029636059272,4.719686494942099,4.862472751449433,4.616625690073218,4.818666224888633,0.18491211921388687,0.17322487723281593,0.1906784334808905,0.17469904944149886,0.4300140918782626,0.41620292794839386,0.4366674174711121,0.4179701537687815,0.9712550564331264,0.9533574390735854,0.9835918412813548,0.9622583177625343
anggrek_30.jpg,anggrek,191.0945497047244,466.3922747845496,255.13779527559055,337.8911897823795,0.4360135927110219,0.27152469804858487,0.2641079226030605,0.2348479007128922,6.551119586614174,11.062744125488251,8.534940944881889,9.644181288362574,7.808898388547681,8.276774777127919,8.15177860468064,8.213278182515282,0.0016700375197625395,0.0008075353741382664,0.0008443865154331872,0.0008010639742526925,0.040866092543360925,0.028417166891480692,0.029058329536179248,0.028303073583140975,0.9677868734506033,0.9212516287028379,0.957027396979655,0.94295653260044
anggrek_31.jpg,anggrek,276.7189960629921,436.7637175274351,197.64499261811022,444.51565503131013,0.2941119621024044,0.2555937294996537,0.29702701975405255,0.2489902234206574,9.007258858267715,11.913695827391656,8.43583907480315,12.338334676669355,7.842532857957121,8.064436105183502,7.829054117671898,8.089410944206458,0.004871509132666704,0.004171027686094061,0.005919641966237058,0.004252561174227687,0.06979619712181104,0.06458349391364686,0.07693920955037853,0.06521166440313947,0.9571438601895794,0.9322444020162025,0.9693742046220409,0.9310397206529765
anggrek_32.jpg,anggrek,81.88379675196849,250.73935147870296,163.650282972441,196.89168578337157,0.29458345536034625,0.19470675973230583,0.26675851799953443,0.27440451722819725,5.118540846456693,9.356128712257426,7.550750492125985,8.082708165416332,7.973098749697396,8.443130140431068,8.250809741768382,8.289976085068751,0.0006357869771403605,0.00039628723314734745,0.0005567144923352349,0.0005390904823597731,0.025214816619209438,0.01990696443829012,0.023594797993100828,0.023218322126281502,0.9831075985161493,0.9482331410597931,0.9664422788188156,0.9593420443999606
anggrek_33.jpg,anggrek,379.720656988189,509.48155496310994,159.3108390748032,509.78882757765524,0.24919431932438538,0.21174071167950234,0.28791119801644616,0.21367150884008573,10.288447342519685,11.985739971479944,6.718073326771655,11.852687705375413,8.223363317733561,8.363245815244255,7.977801189107686,8.326783223200255,0.0008313405298685598,0.0006784821679259578,0.0009790657398697613,0.0006910309561210604,0.028832976430964594,0.026047690260864932,0.03129002620436361,0.026287467662767756,0.9689123306884798,0.9583714623740469,0.9869895161773934,0.9583488803529897
anggrek_34.jpg,anggrek,184.71954970472441,292.81381362762727,130.6443159448819,287.5762291524584,0.3993497159639967,0.3396817089047266,0.42654149250153744,0.3764614847597689,6.928211122047244,8.90743381486763,5.77054625984252,8.500527001054003,7.39166527981283,7.596022789560613,7.2740168170612325,7.514556821437311,0.005339333066361443,0.00452016038262345,0.005581437798617784,0.004804250416982451,0.07307074015200231,0.06723213801913078,0.07470902086507214,0.0693127002574741,0.9321497824963351,0.8929617989267551,0.9520026517981658,0.8948707398458239
anggrek_35.jpg,anggrek,69.07062007874018,124.88647777295553,78.54398375984253,140.2760865521731,0.5401429500248053,0.4935844034783066,0.537356802013663,0.4885851971936871,3.468996062992127,4.596193192386384,3.717335137795276,4.856655713311428,4.877005000957703,5.026614505373125,4.88842554503807,5.042711283804077,0.05171520065940524,0.042572351125234185,0.0522403228644348,0.04236690387944605,0.22740976377324973,0.20633068391597548,0.2285614203325548,0.20583222264613005,0.9718803778075673,0.9494681864812251,0.9680246260418824,0.9432416757033891
anggrek_36.jpg,anggrek,218.01445620078738,348.4341248682497,125.5989788385827,293.8360096720194,0.2817911449260333,0.23207800368240283,0.3186615722089251,0.2417908144851071,6.998216043307086,9.06764213528427,5.398683562992126,8.192510385020771,7.987133210227958,8.206257067593224,7.836472612093963,8.146714586084167,0.0009198110437236501,0.0007647418729644327,0.0011457856778018243,0.0007902238508922427,0.030328386764278282,0.027653966676851854,0.03384945609314608,0.028110920491727812,0.9797460236362223,0.9677356783128356,0.9883298196642815,0.97279116800332
anggrek_37.jpg,anggrek,207.07652559055117,310.48843697687397,120.15354330708661,309.9046438092877,0.1422094300106991,0.12256340006832664,0.2158967172333744,0.1181050801206225,9.760703740157481,11.77754355508711,6.730191929133858,11.75485150970302,8.729095159549697,8.859752678675141,8.399140035570952,8.857796486891184,0.00025074213966787306,0.00021526101704320713,0.0003760044141182032,0.0002132659730630392,0.015834839426652644,0.014671776206145156,0.01939083324971372,0.014603628763531315,0.9725249318283202,0.9586182609258588,0.9839649467263036,0.9586933703135341
anggrek_38.jpg,anggrek,283.6828248031495,391.05381610763226,112.26679379921259,354.2597185194371,0.8019088652366562,0.7961922649893406,0.8166377733081341,0.7951457058150063,5.221825787401573,6.218054436108873,3.0650221456692908,5.827577655155311,2.300590727829846,2.3391805053316164,2.229584757633549,2.337458569578678,0.6085984696383452,0.6027307266344961,0.6153372632672997,0.6022619816335177,0.780127213753209,0.7763573446773696,0.7844343588008493,0.7760553985596117,0.9521627718696574,0.9344441577981651,0.9810622561274793,0.9406122808443979
anggrek_39.jpg,anggrek,129.95976870078738,240.250728501457,132.20890748031496,242.49538099076202,0.6127388485110605,0.5772096302303764,0.605413267543267,0.5804786892285566,4.167691929133857,5.6867753735507485,4.030142716535433,5.703267406534814,4.557049343238127,4.708683116888752,4.558817625020561,4.719094838692274,0.2543860792677639,0.24521958151734516,0.25346002809925544,0.24484362912553712,0.5043670085044857,0.495196507981776,0.5034481384405503,0.4948167631816217,0.9776785447236159,0.9589345346807411,0.977292240168141,0.9585508617590053
anggrek_40.jpg,anggrek,374.7365895669292,485.22667245334503,260.9269808070866,689.1144522289046,0.6027324870758684,0.5748320769684224,0.6086935093629492,0.5766295571699901,7.845841535433072,9.11693223386447,6.452079232283465,10.452166904333811,4.76422661402909,4.891440534071,4.757228567607627,4.902102284838355,0.22744111070497533,0.217732347982521,0.22510790382908888,0.21735900952116868,0.4769078639579928,0.4666179893473043,0.4744553760145298,0.46621777049053875,0.9635162596969714,0.9529796497692066,0.9745978089651307,0.9332218610270033
anggrek_41.jpg,anggrek,466.4049581692915,711.1714303428607,288.47963828740166,673.757517515035,0.3298647638997481,0.2872415379945648,0.3353909334442663,0.28859299356628726,12.99870816929134,15.873891747783498,9.65200541338583,15.494016988033977,8.104348630335757,8.274588954692618,7.994859575868528,8.264091929119376,0.0022861032050189105,0.0016579987899885277,0.0020172461609571663,0.0016097506309960853,0.047813211615817135,0.04071853128476674,0.04491376360267715,0.04012169775814684,0.9023375153107832,0.8512036855437655,0.9393876073752291,0.859020831014685
anggrek_42.jpg,anggrek,352.9691190944882,477.6588753177507,134.19235974409446,439.4866389732779,0.1244616182244778,0.11036632058505635,0.179974496869696,0.10617693699799502,12.16572342519685,14.054932109864222,7.14228592519685,13.515035030070058,8.847613892577053,8.944372896833254,8.43127744727905,8.920516976908512,0.00021506860640674405,0.00019291959967762703,0.0003349535507664765,0.00019475511701968898,0.014665217571067401,0.013889550017103758,0.01830173627737206,0.013955469072005032,0.937066322393564,0.9147676873620184,0.9760884660055533,0.9215697922549122
anggrek_43.jpg,anggrek,132.67064468503938,192.26951453902905,108.69482037401576,253.8908797817595,0.6311611904606578,0.5990370156290634,0.6231378620522147,0.601055397986022,4.50824311023622,5.941409882819765,4.421936515748032,6.359476718953436,4.29970213891015,4.460376796000541,4.3299670424596055,4.465446071457242,0.2474674686287849,0.2352066037754742,0.2459578238858627,0.2340087432360368,0.4974610222206207,0.4849810344492599,0.49594135125623745,0.48374450202150804,0.9548800379722318,0.9349038022973895,0.9631053661211662,0.9140407236717439
anggrek_44.jpg,anggrek,242.36983267716542,346.98716597433196,121.12143208661416,327.0391220782442,0.6757390086728969,0.6400762600102664,0.6621543440398009,0.6372352562829018,5.3667568897637805,6.979477958955918,4.337844488188976,7.078554157108314,3.8262529656296382,3.964896602672844,3.81227423803017,3.9802698408135697,0.35230929611029155,0.3392300477948342,0.3509913507253773,0.3377930722009376,0.5935564809774143,0.5824345867089575,0.5924452301482199,0.5811996835864053,0.9194988358301209,0.885204327870513,0.9597359943074681,0.8918038489227967
anggrek_45.jpg,anggrek,227.24741633858267,289.7928575857152,149.25123031496065,407.4267468534938,0.21794739047624373,0.19408913682825993,0.2703954372147873,0.18825531475209656,8.793061023622046,10.16225432450865,6.923228346456694,11.316014632029265,8.320216306327954,8.450296727436106,8.089401791343414,8.479046996934642,0.00046096509429346987,0.0004152343849358788,0.0006485888826269843,0.00038607560630088097,0.021470097677781297,0.0203773007274241,0.02546740824322303,0.01964880673987306,0.9332521265697772,0.9151673355528913,0.9561951984732683,0.8807442910518486
anggrek_46.jpg,anggrek,134.19279035433073,237.29171058342115,112.09098179133858,206.42575485150965,0.22836389075008445,0.1757191253796652,0.23204926930861874,0.17665223272028382,7.210014763779529,9.60257920515841,6.560346948818896,9.031868063736125,8.20433328264793,8.436465728550603,8.147414201064127,8.392460354304774,0.0004952119889591344,0.00036781845527234967,0.0005090091356940526,0.0003918589274341422,0.02225335904889719,0.019178593672956046,0.02256123081070828,0.019795426932353397,0.9639149804055623,0.935894186999027,0.9695905415204594,0.9442308677473642
anggrek_47.jpg,anggrek,149.86245078740157,201.18494636989274,96.30579478346456,249.16157232314464,0.2337113851523978,0.2025263848787373,0.27849994354929253,0.20078751642103965,7.17888779527559,8.573129146258292,5.876906988188976,9.314340628681258,7.8404267725507895,8.004229872690539,7.694864797683307,8.048957153545015,0.0008249055194399451,0.0006954554178188895,0.001017723104782147,0.0006762776251077954,0.028721168490156265,0.026371488729665785,0.031901772752970126,0.026005338396333077,0.9366184711269291,0.914774948364881,0.9591156515200079,0.8944603020813494
anggrek_48.jpg,anggrek,143.86552657480314,222.90520181040364,92.0132874015748,213.68541137082275,0.20038151656398492,0.1823346014076885,0.24654878533491717,0.15831755419383625,7.447219488188976,9.117614235228473,5.681840551181102,9.035898071796144,8.166236413445086,8.314057696609447,7.934055182060467,8.322465270685116,0.0005587617376406628,0.0005012942011747996,0.0006957701293332274,0.0004485754523000149,0.023638141586018617,0.02238960029064386,0.026377454944198603,0.02117959990887493,0.9620609115457563,0.9411698857811247,0.9757947660515219,0.9436063529205067
anggrek_49.jpg,anggrek,209.51082677165357,335.6870233740468,120.3745693897638,282.85504371008744,0.2864321218904191,0.2318242206546061,0.3169520256677538,0.24125941071606338,6.854207677165356,8.892677785355572,5.301119586614174,8.050282100564202,7.971782363086269,8.198063447558788,7.824609763394296,8.13849900692637,0.000974734737555413,0.0007775174580667222,0.0011590227648228739,0.0008123230952891319,0.03122074210449542,0.027884000037059285,0.03404442340270832,0.028501282344644285,0.9804847911909373,0.9688347427354094,0.9887862897737022,0.9737395172130059
anggrek_50.jpg,anggrek,176.8280019685039,193.63984127968257,61.70004921259843,250.9227478454957,0.25338712007193426,0.225233789057793,0.3061373685879021,0.20897476823436958,7.687130905511811,8.152706305412611,4.546382874015749,9.096100192200385,7.812073019346013,7.884568760192727,7.435570691626085,7.959270238178162,0.0011791584252113818,0.0010551226384863336,0.0016017442923557726,0.0009478457793793262,0.03433887629511749,0.03248265134631614,0.04002179771519231,0.030787104108365344,0.932932247752548,0.9268446943926213,0.9765721072293944,0.9052045559867449
anggrek_51.jpg,anggrek,80.01482529527559,109.65292330584663,37.94672736220473,104.63171926343853,0.25728483443792255,0.22129751557544103,0.3762984069741056,0.20790347913919083,5.611158956692913,6.5551491102982204,3.504921259842521,6.413850827701657,7.682730240636381,7.819016347495583,7.247652972203978,7.80016922447693,0.00092306733685733,0.0007401863027422502,0.0013760118462619745,0.0007251312165219656,0.030382023251543502,0.02720636511447735,0.037094633658549245,0.026928260555074208,0.9456975323909077,0.9257452169416569,0.9742887306133408,0.9291380161959073
anggrek_52.jpg,anggrek,161.9754552165354,243.23987847975695,113.4927411417323,263.0982081964164,0.2179175489311977,0.2019334886947229,0.3015018800475183,0.19029236268134425,7.89966781496063,9.293570587141176,5.92015255905512,9.843573687147376,8.398295534269133,8.48867001832394,8.085698285590734,8.553488458746381,0.0008649365443262136,0.0008162824311264595,0.0013340584542497211,0.0007411184764709415,0.029409803541101964,0.02857065682000432,0.03652476494448282,0.027223491261609733,0.9803743534071571,0.9705197790416114,0.9863120397643762,0.9681128039544797
anggrek_53.jpg,anggrek,196.41824557086613,281.66011532023066,112.82394192913385,293.6293012586026,0.2704605499529058,0.2394839126108887,0.3640859238457178,0.23050492843996548,7.075356791338582,8.303056606113213,4.9140009842519685,8.421538843077688,8.178856017566847,8.301962702416354,7.858034824388362,8.308679148769379,0.0005300643535857384,0.00045592136568363905,0.0007635297863369164,0.00045726484905756723,0.023023126494586665,0.021352315230055006,0.027632042746364525,0.02138375198737507,0.9630073026767021,0.9469187837752792,0.9788245852455624,0.9446587544092386
anggrek_54.jpg,anggrek,184.08938238188978,284.3759687519375,111.99575541338582,249.15624031248058,0.5030123885185959,0.47180501975402955,0.5961030147497026,0.48308956648438134,5.4526943897637805,6.555273110546221,4.145361712598425,6.36040672081344,6.3932438692719495,6.488196694678462,6.10379630829865,6.4930385592421285,0.008142356250532817,0.007155888327524685,0.012210578925552381,0.007486919555648273,0.09023500568256654,0.08459248387135045,0.1105014883408924,0.08652698744119243,0.9463097595807676,0.9175940836698178,0.9674103573408621,0.9277990360445418
anggrek_55.jpg,anggrek,192.9440821850394,228.60611321222638,78.07375738188976,278.2173724347449,0.2496788890664136,0.22982597593140658,0.3570482850628811,0.23031700706275715,7.2905388779527565,8.059148118296234,4.53500246062992,8.656705313410628,8.021622422962142,8.121880117012829,7.631448170032948,8.12276945416088,0.001336514391778784,0.0012474079756269116,0.0019870937569023577,0.0012531201824757172,0.036558369654277306,0.035318663276331846,0.04457682982113418,0.03539943760112182,0.9555939092858491,0.9472528302927784,0.9821123244356349,0.9358080734128118
anggrek_56.jpg,anggrek,219.82141978346453,293.53468906937815,109.50762795275594,327.6567673135346,0.16251867630118733,0.13762857988019558,0.23931218153034894,0.14182842060434575,9.522699311023622,11.031992063984129,6.117249015748033,11.366854733709468,8.541924496274714,8.663665381507657,8.155285697513033,8.655016348816044,0.0003239283211964861,0.00027589267156958273,0.000515516045680529,0.0002882415709651309,0.017998008811990457,0.016610017205577563,0.022704978433826555,0.016977678609430998,0.9521520471678653,0.9361495622552096,0.9760969620468181,0.9287272312474889
anggrek_57.jpg,anggrek,475.72668553149606,767.5417570835143,303.87733759842524,662.6137392274785,0.42862723201903885,0.40956697713704165,0.4479972192079515,0.41438519182985023,11.877768208661417,15.111600223200448,9.0871062992126,13.893173786347575,6.161454574264171,6.2916540187565175,6.05255552569603,6.262527509961614,0.1365482174934077,0.12895757671979105,0.1370884064399965,0.13136598497141447,0.3695243124523848,0.359106636975413,0.3702545157590877,0.36244445777444917,0.9618041640146522,0.9383311814076092,0.9756140235578918,0.9467604009489443
anggrek_58.jpg,anggrek,164.60353100393704,546.016182032364,366.1841781496063,430.8761237522474,0.2851091172154564,0.1795610770378998,0.20862346896318051,0.18859709600528912,6.521715059055119,12.249798499596999,10.252214566929133,11.147684295368588,7.799390701455074,8.253868467430442,8.150866405216368,8.224984256261301,0.0012576292242428237,0.0007493946415755685,0.0008242830206363537,0.000724616118461575,0.03546306845498319,0.027375073362012538,0.028710329511107212,0.026918694590592148,0.9790475348500403,0.9305567740531416,0.9534533278795742,0.9452023216959764
anggrek_59.jpg,anggrek,187.71056840551182,412.0450120900242,203.58821358267716,294.9158038316077,0.24003717337551406,0.17666407170597265,0.2049023622075769,0.1558393691330878,7.506213090551181,11.373302746605495,8.311515748031496,10.048298096596193,8.228230445653963,8.567965175374292,8.371030072634413,8.520491660040193,0.000453633231485213,0.0003131815427249182,0.0003776940537279512,0.00030930869723355176,0.021298667364067946,0.017696935969961528,0.01943435241339292,0.017587174225370934,0.9579241033397645,0.9075012424910137,0.9542997712495545,0.9337932805873346
anggrek_60.jpg,anggrek,452.6144808070867,677.0846921693843,276.3500246062992,674.3162006324012,0.14981952299571447,0.12459617715417833,0.17929371433960634,0.1303776435609478,13.146345964566933,16.445470890941777,10.045152559055119,15.76836753673507,8.597329231997708,8.756891304154948,8.415447361237689,8.708423863346479,0.0004902433510921711,0.0004049516438049552,0.0006069874200295276,0.00042140402961443277,0.022141439679753686,0.020123410342309158,0.024637114685561855,0.020528127766906382,0.9409306443486064,0.9119433800229656,0.963902325552122,0.9123019369351961
anggrek_61.jpg,anggrek,521.7842027559057,694.6854113708227,239.4058193897638,721.0239940479881,0.09934191568003196,0.08977733792008238,0.16576646302982886,0.09043599412699739,15.56729822834646,17.945625891251783,9.873708169291339,17.998759997519997,8.862869539032644,8.95922648561816,8.504474508615655,8.942259674275986,0.0002408919002408318,0.0002136157784622594,0.0003875367247804808,0.0002199507158019834,0.015520692646941753,0.01461560051664862,0.019685952473286143,0.014830735511160037,0.9099781227919528,0.8800106960264255,0.9585529257557307,0.8754669020352941
anggrek_62.jpg,anggrek,365.3532234251968,555.279682559365,194.79152312992125,466.43499286998576,0.17903812822517695,0.15156457151362673,0.18639427282761914,0.11369419856266763,12.31951279527559,14.728873457746914,8.587906003937007,14.06944013888028,8.708809105149422,8.817534909335269,8.434361473614645,8.832671122500177,0.0002839275698082646,0.00023751786607051413,0.00036727997039978454,0.00022646055584131755,0.016850150438742814,0.015411614648391457,0.019164549835563177,0.015048606441837647,0.9154156621864088,0.8710746514249108,0.9549025083323395,0.8917088619127529
anggrek_63.jpg,anggrek,380.619032972441,474.6787153574308,200.8334153543307,586.2927025854052,0.5962485829180966,0.5853788434146195,0.6187495609042054,0.5841859357943354,8.775159940944881,9.916485832971668,6.253444881889764,10.434806869613741,4.454728564479646,4.524983947427077,4.379952513607244,4.527710178652437,0.29561493754335183,0.2888562098036838,0.2967457927103355,0.28818250959088576,0.543704825749553,0.5374534489643581,0.54474378629805,0.536826330940357,0.9454216938552276,0.9322562058833029,0.9711959555051005,0.9163272106983765
anggrek_64.jpg,anggrek,404.4854207677165,598.5671151342301,193.67027559055123,522.475230950462,0.42461761003500165,0.40477650324762865,0.4906007281877333,0.40840676135482334,9.083107775590552,10.824291648583294,5.700664370078741,10.185938371876745,6.352122692590616,6.45232719755159,6.069748210171211,6.411253090302015,0.08985466548813958,0.08634027752276473,0.09454512207364262,0.0872264941256276,0.299757677946937,0.293837161575531,0.30748190527841246,0.29534131801295194,0.9760364187342864,0.964522660476092,0.9885069156682792,0.9690322896051136
anggrek_65.jpg,anggrek,77.0390625,121.01134602269204,56.14296259842519,120.93496186992375,0.45391359499138767,0.3666951483422318,0.4479149466661419,0.35134734782131577,4.0219611220472435,5.078678157356313,3.469611220472441,5.232686465372931,7.104657094359805,7.275137811122867,7.016291248726479,7.353759246385563,0.0017654766144493228,0.0014183820915226921,0.0020391301158578876,0.001332908487628619,0.04201757506626629,0.037661413827984366,0.04515672835644637,0.03650901926413005,0.9572364168356197,0.9327034822200954,0.9687794693385883,0.9327495204183683
anggrek_66.jpg,anggrek,165.80542568897638,368.9622419244839,179.60623769685037,261.6731973463947,0.24449568231684765,0.17925148721222783,0.21067405928351418,0.16332396575514274,7.029219980314961,10.73209746419493,7.786970964566929,9.43511687023374,8.180843914006847,8.51712234494721,8.318689398073666,8.464386418787079,0.0004718597694031325,0.00032514411857517374,0.00039277025575535523,0.0003247155108607446,0.021722333424453562,0.018031753064390987,0.01981843222243766,0.01801986434079748,0.9619565877691469,0.9152651834803727,0.9587619347628843,0.9399055487395404
anggrek_67.jpg,anggrek,235.9390378937008,282.56835513671024,114.57301919291342,355.6954553909108,0.20325017392543082,0.17664979146617316,0.25653880215034297,0.17076562954690344,8.459584153543307,9.516833033666066,5.965120570866143,10.213776427552855,8.214048633905552,8.34120558849629,7.9786063477999685,8.363120451986152,0.0005910654521504355,0.0004938771735067183,0.0007469607224370703,0.0004788451513786901,0.024311837695872262,0.02222334748652233,0.0273305821825491,0.021882530735239242,0.9609587085632421,0.9533069136413848,0.9811052129993766,0.9412242662252978
anggrek_68.jpg,anggrek,195.9779773622047,352.71145142290277,183.07880167322833,359.3646847293694,0.6394709170497331,0.5939737478757364,0.6244753021526821,0.5906299084397755,5.315329724409449,7.812449624899249,5.62210875984252,7.844069688139376,4.403958198431632,4.598350601964537,4.454654187753075,4.608067831389639,0.2193336295241927,0.2035726655618479,0.21742007009404649,0.20234796802906266,0.4683306839447878,0.45119027644869286,0.46628325092592215,0.4498310438698764,0.9667828638459505,0.9404872976893118,0.9689734432512092,0.9393647033091921
anggrek_69.jpg,anggrek,193.42267470472444,290.2925785851571,143.8761687992126,317.87196974393953,0.21080428066578902,0.2002016358238552,0.2969441219586975,0.1851636326306465,8.729392224409448,10.271870543741086,6.805302657480315,10.986607973215946,8.463738486115876,8.539491987866224,8.170627554360433,8.60870313671137,0.000981777110038595,0.0009442900651564832,0.0014595894059952182,0.0008243529414084683,0.03133332267791903,0.03072930303727182,0.03820457310316683,0.028711547178939492,0.9767070593676397,0.9650348657338332,0.9827527325226311,0.9617127657492345
anggrek_70.jpg,anggrek,322.15452755905517,605.8654597309194,303.22846948818903,545.9389298778598,0.26322358512041805,0.22939708472971776,0.2685399239857847,0.2218662124981348,10.168061023622048,13.84078368156736,9.74618602362205,13.279868559737121,8.254448988582972,8.446400629860985,8.229816925143059,8.454211502771512,0.0015784034253615387,0.0014111572646234136,0.001616572630117917,0.0012272768671025595,0.03972912565563882,0.03756537321288601,0.040206624206937804,0.03503251157285985,0.9655481913591654,0.934700311126137,0.9673614721773726,0.9411583247307119
lili_1.jpg,lili,398.5861835629921,684.720255440511,399.4029896653544,779.0527621055244,0.1963123863264091,0.17085277951538264,0.26047414651406764,0.16936577247799087,12.398806594488189,15.966829933659868,11.648929625984255,17.253642507285015,8.65407484415222,8.8036868486072,8.493928104786228,8.833989824674159,0.00043573970204581036,0.0003711800467187022,0.0006788850857975155,0.0003730616922452768,0.020874379081683134,0.019266033497290048,0.026055423347117496,0.01931480500148207,0.9341264375174736,0.8868924478192179,0.9341110280128464,0.8713086060753449
lili_2.jpg,lili,398.76574803149606,801.8023436046872,453.69808070866145,763.1466302932604,0.10809787477532995,0.08550466277147362,0.10779887167883886,0.08214792211652952,13.204109251968504,18.463264926529853,13.808193897637798,18.19368838737677,8.923750227397644,9.131241256844154,8.94255581331186,9.130085107040816,0.00020691746705759034,0.00015978034312073331,0.0002028778471619444,0.00016082591530301786,0.014384626065963284,0.012640424958075314,0.014243519479466596,0.01268171578703047,0.946629636147867,0.8930742589681766,0.9395523535760231,0.898228935726324
lili_3.jpg,lili,346.1134350393701,494.5888151776304,179.1138656496063,469.98065596131187,0.1325380925655692,0.10685384391674245,0.15941710860487499,0.1180966954567557,12.207923228346457,14.72236344472689,9.061208169291339,14.443796887593773,8.582325967757107,8.706843830241572,8.39189591512725,8.709603965770485,0.00031501845230252955,0.0002716296585175475,0.00038510160028132557,0.0002728751194993864,0.017748759176419333,0.016481191052759126,0.01962400571446425,0.016518932153725508,0.9051900974728353,0.8642521797316388,0.9510220482388725,0.871025963414276
lili_4.jpg,lili,345.8580831692913,748.9944819889638,447.2164124015748,711.8897017794036,0.10463750329434712,0.07175771199599007,0.09212592146109799,0.07201983940683104,12.88859498031496,19.099014198028392,14.812376968503937,18.895343790687583,8.844820309020356,9.122163450979,8.960989120065042,9.121598973920948,0.0002159238327265717,0.00015455056020162255,0.0001881535745493366,0.00015358763434992305,0.014694346964958045,0.012431836557871188,0.013716908345153312,0.012393047823272654,0.9274379648270388,0.8427930110480856,0.9062280062567748,0.850564971870589
lili_5.jpg,lili,339.00547490157487,472.05146010292026,118.69974163385827,370.74542749085504,0.19384355039201262,0.16190445543975807,0.24278510881668916,0.1745519083820148,11.388841043307089,13.507967015934032,6.7093380905511815,11.71473742947486,8.57504441351465,8.716748177192658,8.209721806535544,8.593489297589178,0.00039319597682164125,0.00032494999579868347,0.0005219169984238405,0.0003521963767840983,0.01982916984701178,0.018026369456956202,0.022845502805231503,0.018766895768456176,0.9478348796664638,0.9271806842059965,0.9817846569979576,0.9428128848569064
lili_6.jpg,lili,316.04773622047253,627.2366544733089,368.6730437992125,630.9356438712877,0.38666198977190347,0.3431086839577591,0.4070828732863099,0.356042872270509,8.483513779527561,11.861119722239444,8.767901082677163,11.858949717899433,7.039546443326696,7.2322075197030085,6.997149338133502,7.2321945287289235,0.018208759806191497,0.01564969966073604,0.018030278614268154,0.01536813322247141,0.13493983772849105,0.12509875962908681,0.13427687296875868,0.12396827506451565,0.9658260546990853,0.931950710295485,0.959805840185174,0.9315490967051638
lili_7.jpg,lili,367.59042814960634,638.8629797259596,371.5834768700787,725.6603633207267,0.20117116036823676,0.1731954189997268,0.2593116256240675,0.17379073203530684,11.883612204724411,15.418624837249677,11.246616633858267,16.63500527001054,8.61983365068644,8.771579267056353,8.478858182804448,8.805371041226337,0.00047725791252363774,0.00040727919511515133,0.0006837250612977789,0.00040186682146567843,0.02184623337153656,0.020181159409586737,0.026148136860927183,0.020046616209866402,0.9378424071568309,0.8920195840647949,0.9372614698773064,0.8773469006393193
lili_8.jpg,lili,555.7739911417323,777.6620373240747,312.72846948818903,808.9466178932357,0.10244932392196773,0.08441722844784921,0.15024103895649363,0.09040255415354455,15.435162401574802,18.025606051212105,10.764025590551183,18.087172174344353,8.886744054867805,8.981120282271803,8.603830548652004,8.97482988363552,0.00023641899090438807,0.00020348295393100182,0.0003549510883201455,0.00021233187732666,0.015375922440763938,0.014264745140765811,0.01884014565549177,0.014571612035964313,0.9090043202981414,0.8721900027648296,0.9487868478647339,0.8670394756230431
lili_9.jpg,lili,367.3174212598425,686.4019468038937,407.4774237204724,717.5051770103539,0.10084126437194953,0.0755480980830102,0.10076564062610863,0.07840989961657593,13.336491141732282,18.35953871907744,13.880843996062993,18.53698307396614,8.876375333616544,9.101408896278542,8.907688481715374,9.095376315369705,0.00021309893694006134,0.00016139482957867274,0.00020443504021773668,0.00016261146044519128,0.01459790864953132,0.012704126478379879,0.014298078200154617,0.012751919872912913,0.9256348530921337,0.8609483404427529,0.9176292408278705,0.8546508808561318
lili_10.jpg,lili,437.10137795275597,734.5822431644863,438.9450664370079,882.1055242110485,0.10567164884519571,0.08301992212116496,0.1159750670455905,0.07592927351294898,14.037524606299217,18.28278256556513,13.465612696850393,19.868559737119476,8.966207773796777,9.13462878757998,8.917821791410844,9.203407933863748,0.00019074385072598274,0.0001565071640280301,0.00020448423465206303,0.00014234004535961209,0.013811004696472402,0.012510282332067095,0.014299798412986913,0.01193063474252783,0.9243152722988259,0.8726906362045231,0.9238827466142605,0.8471284077470602
lili_11.jpg,lili,299.292876476378,703.968131936264,432.3226500984252,638.9416578833158,0.15642481835470215,0.11241634144865273,0.13290331311690337,0.11038636536224737,10.705278051181104,16.564821129642258,13.215366633858267,16.10738421476843,8.699352284361582,8.98670157442966,8.850585081879863,8.984482417062287,0.00029847020143259045,0.00021713113052365356,0.0002545925502007254,0.00020890301561122689,0.01727629015247748,0.014735370050448464,0.015955956574293044,0.014453477630356886,0.9685551216797066,0.9258299228439275,0.9544531141919206,0.9326873842510408
lili_12.jpg,lili,390.3827509842521,570.233864467729,231.2867864173229,575.6466612933225,0.14605531221047202,0.1224150468552453,0.18930748818291798,0.12656881026758907,11.783833661417326,14.373860747721494,8.662893700787404,13.81071362142724,8.592992245832278,8.73347441338458,8.387541157396136,8.71452215886011,0.0003411406969298315,0.00028491841967253885,0.00043476148964016693,0.0002937865631450773,0.018469994502701714,0.016879526642431027,0.020850934982397477,0.017140203124382084,0.9336679561446409,0.9027221164141565,0.9608141535469064,0.9017878375965938
lili_13.jpg,lili,627.5605930118111,889.5596751193505,415.5602239173229,1009.8002976005953,0.1000034111101011,0.08216049856898497,0.12388144588897418,0.08334306524318365,16.167876476377955,19.463326926653856,12.94851131889764,20.332630665261334,9.054311983223482,9.18492570226785,8.906803866131842,9.198444826723364,0.00019429909465287686,0.00015992641570502315,0.00024147844926549237,0.00015673588294290485,0.013939121014356567,0.012646201631518578,0.015539576868933477,0.012519420231899912,0.9317474982851636,0.9034096060398323,0.9548750169082105,0.8903488442797235
lili_14.jpg,lili,344.076341043307,622.3662347324695,316.6689837598425,591.2821005642012,0.11134009050713277,0.08163013595008317,0.11814013444982503,0.08882635043885699,12.70269438976378,17.096224192448386,12.215366633858267,16.759687519375042,8.790604478328195,8.995608115633233,8.771622701177684,8.984469222127984,0.00023963555007188136,0.00018783396733511803,0.00024819727373829746,0.0001921565626254819,0.015480166345097244,0.013705253275117466,0.015754277950394854,0.013862054776456552,0.9398757135276254,0.891254480401328,0.9446224911175474,0.8966828939808936
lili_15.jpg,lili,411.4167076771654,537.8364436728874,177.15741879921256,548.7991815983632,0.10005961819302876,0.08644354568834792,0.15217557100234702,0.0854187011538965,14.054133858267717,16.065968131936266,9.021222933070865,16.341868683737367,8.836478696944079,8.931659115578785,8.497843150161906,8.937377002883826,0.00022305891779752309,0.00019625428301634705,0.0003270313547463032,0.0001962369849471549,0.014935157106556431,0.014009078592696489,0.01808400825996005,0.014008461191264188,0.8880726101670339,0.8540436879503835,0.9519428781450653,0.8510612196503244
lili_16.jpg,lili,265.36595718503935,551.5068510137021,325.23431348425197,535.505983011966,0.1370650940368655,0.09897108128034121,0.12285120052440704,0.09342816126723111,10.512118602362204,15.15754231508463,11.640932578740156,15.226486452972907,8.646430636229343,8.911322929194263,8.730596640001986,8.91924662537002,0.0003063488792993211,0.00021819976679819441,0.000261933873477122,0.00021527062708164726,0.017502824894836864,0.014771586468561677,0.016184371272221915,0.01467210370334286,0.9615794542496545,0.9201108286941077,0.9528140562371663,0.9224333922800003
lili_17.jpg,lili,359.2096456692914,583.4867629735259,336.5910433070867,705.986855973712,0.1876274093648011,0.15077263341002528,0.21655354044113923,0.1404703973395508,10.336737204724411,13.103974207948413,9.15944881889764,13.788455576911154,8.361213552555437,8.53641247220881,8.215561617207424,8.541327035893627,0.0005023962684644121,0.0003895256101008822,0.0005381208882534955,0.0003661194004761374,0.02241419792150529,0.019736403170306442,0.023197432794460154,0.019134246796676826,0.9755400402552623,0.9603344372355327,0.977134557525109,0.9520063873480133
lili_18.jpg,lili,170.53204970472444,312.41577283154567,151.9347317913386,282.75249550499103,0.4333753226041429,0.3398774147117895,0.3937718161370305,0.35508184589878683,6.270730807086616,9.130510261020524,6.317974901574805,8.449066898133797,7.182245206769322,7.512906430230352,7.288560332720587,7.457105826219863,0.004572764577658064,0.0035354216656725205,0.004177892205882069,0.0035756281444982757,0.06762221955583878,0.059459411918320555,0.06463661660299114,0.059796556292969545,0.9380976764979782,0.886714506305383,0.9447752414645866,0.8974616868274644
lili_19.jpg,lili,460.47766978346465,719.5845371690745,261.48572834645677,608.6392832785666,0.12990102864964181,0.11386165354384287,0.1948660118159296,0.12267615415016385,13.332246555118113,16.053010106020213,9.205585629921261,14.97755595511191,8.911049592013892,9.022541343585027,8.608283546832958,8.971183280865132,0.00021906470814894762,0.00018799541598091195,0.00031845449433086376,0.00020797660790559974,0.014800834711223135,0.013711142037806769,0.01784529333832492,0.014421394104094088,0.9557953850996542,0.9305698315552734,0.974861424325625,0.9412725769321463
lili_20.jpg,lili,84.32375738188975,202.2751565503131,92.29133858267717,104.23008246016492,0.2640585711967651,0.18306595349078458,0.23541895272699148,0.1974524788921788,5.122723917322835,7.635439270878542,5.780142716535432,6.263066526133054,6.837017664941833,7.082630883295091,6.952731281953717,7.01400006931735,0.0033015198476686013,0.002793791935156565,0.003018869441059195,0.0028177651370492767,0.05745885351857102,0.05285633297114514,0.054944239380113315,0.05308262556665106,0.9587899675463064,0.9015685194955962,0.9548851979910877,0.9492793088673614
lili_21.jpg,lili,321.3599286417324,453.0167400334801,120.21210629921259,381.02839605679213,0.22939512042396307,0.20963625700560667,0.3583742207519368,0.2108042039196702,9.420706200787404,10.896087792175585,5.075787401574803,10.07235414470829,8.320763550168483,8.425361419587944,7.837781636914266,8.387418602538862,0.0004644806042541774,0.00040886677346545843,0.0008164478609230656,0.0004231434465720937,0.02155181208748298,0.020220454333804136,0.028573551772978198,0.020570450811105083,0.9683426406434733,0.955257969576774,0.9881203762959369,0.9623641808595176
lili_22.jpg,lili,755.5382012795276,1035.2695145390292,391.2874630905512,1065.1381982763965,0.11202125472717933,0.10783636522308164,0.15620857493993115,0.09256811807048519,17.95466289370079,20.29375658751318,12.181286909448822,21.378138756277508,9.099091033502972,9.145400405543588,8.814387708895348,9.202501558499296,0.0004013792817624697,0.000363672684689284,0.0005956878368834864,0.0003272429509704948,0.02003445236991692,0.019070204107174207,0.024406717044360683,0.018089857682427875,0.9242786805677594,0.8961106381247321,0.9607233399749467,0.8931143709181125
lili_23.jpg,lili,233.775406003937,521.5891251782502,302.4517101377953,478.1367102734205,0.25842817440810867,0.17717792840733335,0.21824047542629052,0.17769944486761122,7.841719980314961,11.96000992001984,9.279219980314963,11.584165168330335,8.142957444227857,8.460302376725059,8.307055567089423,8.459725749930662,0.0007310898410859321,0.0004696925507683242,0.0005671891226594956,0.0004668633554515542,0.02703867306444479,0.02167239144091681,0.023815732671062118,0.021607020975866947,0.9776369095653529,0.9500458550710396,0.9710754273423233,0.9542106308820456
lili_24.jpg,lili,213.6232775590551,377.04011408022825,197.00664370078738,379.94655589311185,0.5862708831118417,0.5572001501171894,0.5818210045334281,0.5601770885264503,6.814345472440945,9.021638043276088,6.408587598425196,9.335482670965343,4.670130585253703,4.819423332045993,4.667084697789426,4.821564001170389,0.271143342152407,0.25865938172449227,0.27025369486529993,0.26027694723874784,0.520714261522005,0.5085856680289883,0.5198593029515775,0.5101734481906598,0.9527271524352274,0.9168976701231804,0.9564041040791014,0.916257069621318
lili_25.jpg,lili,84.32375738188975,202.2751565503131,92.29133858267717,104.23008246016492,0.2640585711967651,0.18306595349078458,0.23541895272699148,0.1974524788921788,5.122723917322835,7.635439270878542,5.780142716535432,6.263066526133054,6.837017664941833,7.082630883295091,6.952731281953717,7.01400006931735,0.0033015198476686013,0.002793791935156565,0.003018869441059195,0.0028177651370492767,0.05745885351857102,0.05285633297114514,0.054944239380113315,0.05308262556665106,0.9587899675463064,0.9015685194955962,0.9548851979910877,0.9492793088673614
lili_26.jpg,lili,169.05554872047247,288.54070308140615,158.5750492125985,300.2214024428049,0.6094615759215675,0.5875375096872507,0.6149899694587835,0.589473093395131,5.427103838582679,7.00756401512803,5.048597440944882,7.172360344720689,4.30663442279168,4.448207779101696,4.281822844904364,4.429526569355221,0.2893901784507672,0.273280103817322,0.2905710927388652,0.27924111456134126,0.5379499776473341,0.5227619953834842,0.5390464662149871,0.528432696340169,0.9259701557377129,0.8742521765980833,0.9306013505204275,0.8691616555560878
lili_27.jpg,lili,419.9424827755905,645.0478640957283,261.12961368110246,601.5328910657822,0.13168388038619466,0.11240417426048668,0.167120667234538,0.11432633313965743,13.315268208661418,16.134974269948543,10.184362696850396,15.549259098518199,8.898872759886432,9.00671193894771,8.688514249208156,8.98955712069752,0.0002128983750155,0.0001862829071308834,0.00026782017675363483,0.00018710168240598123,0.014591037489345985,0.013648549634700509,0.016365212395616342,0.013678511702885707,0.9382174025224418,0.9042453770400545,0.961229263650725,0.9106998383468389
lili_28.jpg,lili,701.4700418307086,1064.993985987972,482.3046875,1080.3865087730178,0.1460692248310929,0.12735279893331225,0.1804198364627031,0.12736254073958195,16.619032972440944,20.41912083824168,13.124938484251967,20.34695269390539,8.393881460022325,8.543557890319393,8.248859827766132,8.525069561802889,0.00326488513084448,0.002310708756825785,0.0040946419783464555,0.002456120170470857,0.05713917334757723,0.0480698320865154,0.06398938957629191,0.049559259180004464,0.9356452422772399,0.9026069712294666,0.9557148422963573,0.901197282821702
lili_29.jpg,lili,460.47766978346465,719.5845371690745,261.48572834645677,608.6392832785666,0.12990102864964181,0.11386165354384287,0.1948660118159296,0.12267615415016385,13.332246555118113,16.053010106020213,9.205585629921261,14.97755595511191,8.911049592013892,9.022541343585027,8.608283546832958,8.971183280865132,0.00021906470814894762,0.00018799541598091195,0.00031845449433086376,0.00020797660790559974,0.014800834711223135,0.013711142037806769,0.01784529333832492,0.014421394104094088,0.9557953850996542,0.9305698315552734,0.974861424325625,0.9412725769321463
lili_30.jpg,lili,359.2096456692914,583.4867629735259,336.5910433070867,705.986855973712,0.1876274093648011,0.15077263341002528,0.21655354044113923,0.1404703973395508,10.336737204724411,13.103974207948413,9.15944881889764,13.788455576911154,8.361213552555437,8.53641247220881,8.215561617207424,8.541327035893627,0.0005023962684644121,0.0003895256101008822,0.0005381208882534955,0.0003661194004761374,0.02241419792150529,0.019736403170306442,0.023197432794460154,0.019134246796676826,0.9755400402552623,0.9603344372355327,0.977134557525109,0.9520063873480133
lili_31.jpg,lili,265.36595718503935,551.5068510137021,325.23431348425197,535.505983011966,0.1370650940368655,0.09897108128034121,0.12285120052440704,0.09342816126723111,10.512118602362204,15.15754231508463,11.640932578740156,15.226486452972907,8.646430636229343,8.911322929194263,8.730596640001986,8.91924662537002,0.0003063488792993211,0.00021819976679819441,0.000261933873477122,0.00021527062708164726,0.017502824894836864,0.014771586468561677,0.016184371272221915,0.01467210370334286,0.9615794542496545,0.9201108286941077,0.9528140562371663,0.9224333922800003
lili_32.jpg,lili,411.4167076771654,537.8364436728874,177.15741879921256,548.7991815983632,0.10005961819302876,0.08644354568834792,0.15217557100234702,0.0854187011538965,14.054133858267717,16.065968131936266,9.021222933070865,16.341868683737367,8.836478696944079,8.931659115578785,8.497843150161906,8.937377002883826,0.00022305891779752309,0.00019625428301634705,0.0003270313547463032,0.0001962369849471549,0.014935157106556431,0.014009078592696489,0.01808400825996005,0.014008461191264188,0.8880726101670339,0.8540436879503835,0.9519428781450653,0.8510612196503244
lili_33.jpg,lili,344.076341043307,622.3662347324695,316.6689837598425,591.2821005642012,0.11134009050713277,0.08163013595008317,0.11814013444982503,0.08882635043885699,12.70269438976378,17.096224192448386,12.215366633858267,16.759687519375042,8.790604478328195,8.995608115633233,8.771622701177684,8.984469222127984,0.00023963555007188136,0.00018783396733511803,0.00024819727373829746,0.0001921565626254819,0.015480166345097244,0.013705253275117466,0.015754277950394854,0.013862054776456552,0.9398757135276254,0.891254480401328,0.9446224911175474,0.8966828939808936
lili_34.jpg,lili,367.5217765748032,538.7107694215389,215.80191929133855,528.2788765577532,0.11503301743556074,0.09643895069020929,0.16199748579367274,0.10018993295778378,12.926058070866144,15.500775001550004,9.375492125984252,15.097030194060391,8.773352358575703,8.89493759417049,8.510302303044078,8.877669481458135,0.00025353108567545266,0.0002167967011859376,0.0003473978505574199,0.00022411570646192942,0.01592265950384711,0.01472401783433916,0.018638611819484303,0.014970494529638272,0.9214151893217083,0.8843217999320304,0.9535554146029097,0.8865609703498413
lili_35.jpg,lili,289.78094242125985,464.52309504619006,150.96438238188975,369.79949159898325,0.19753700678894132,0.17214984686495213,0.2580853143664569,0.1764667279496666,9.608329232283465,12.112158224316449,6.695804625984252,10.682869365738732,8.493472744504672,8.636804808510924,8.227644116111858,8.5903241607117,0.00038369199052851226,0.0003235699942786829,0.000505321445213203,0.00033080250920871366,0.019588057344425768,0.017988051430843834,0.02247935597861298,0.018187977051027794,0.9705301696750581,0.9528142469808432,0.9847359794077031,0.9624378487769923
lili_36.jpg,lili,110.07972440944883,353.3175646351292,232.8881028543307,284.07384214768433,0.18678506219051338,0.09772275171519028,0.11889119225573433,0.10994023627901965,7.005782480314961,13.395684791369582,10.862758366141733,11.876061752123505,8.235027515049095,8.75898105655938,8.607511271983357,8.6654212346216,0.0004299934136977649,0.00022935509941948018,0.0002740659778194556,0.0002588848255382666,0.02073628254287072,0.015144474220635069,0.016554938170209383,0.016089898245118476,0.9718374015036657,0.9096346916775565,0.9404644279444037,0.9273365853927081
lili_37.jpg,lili,391.0614542322835,558.3544547089095,204.53900098425203,528.2962365924732,0.09451114764683807,0.08014251595830055,0.1297738258821266,0.0798646562653379,13.77552903543307,16.45315890631781,9.768946850393704,16.072044144088288,8.904474636073939,9.025381889592046,8.642346770741689,9.005763892745463,0.00019491213298832846,0.0001692404649611829,0.0002612583960519485,0.0001732478509907109,0.013961093545576165,0.013009245364785111,0.016163489600081675,0.013162364946722564,0.916062964058763,0.8803572183054997,0.9562528911965903,0.8867934448916043
lili_38.jpg,lili,437.10137795275597,734.5822431644863,438.9450664370079,882.1055242110485,0.10567164884519571,0.08301992212116496,0.1159750670455905,0.07592927351294898,14.037524606299217,18.28278256556513,13.465612696850393,19.868559737119476,8.966207773796777,9.13462878757998,8.917821791410844,9.203407933863748,0.00019074385072598274,0.0001565071640280301,0.00020448423465206303,0.00014234004535961209,0.013811004696472402,0.012510282332067095,0.014299798412986913,0.01193063474252783,0.9243152722988259,0.8726906362045231,0.9238827466142605,0.8471284077470602
lili_39.jpg,lili,367.3174212598425,686.4019468038937,407.4774237204724,717.5051770103539,0.10084126437194953,0.0755480980830102,0.10076564062610863,0.07840989961657593,13.336491141732282,18.35953871907744,13.880843996062993,18.53698307396614,8.876375333616544,9.101408896278542,8.907688481715374,9.095376315369705,0.00021309893694006134,0.00016139482957867274,0.00020443504021773668,0.00016261146044519128,0.01459790864953132,0.012704126478379879,0.014298078200154617,0.012751919872912913,0.9256348530921337,0.8609483404427529,0.9176292408278705,0.8546508808561318
lili_40.jpg,lili,268.1006397637796,406.83811767623536,169.58230807086613,398.4465248930497,0.6284208214335273,0.5801709191148292,0.6284811144202909,0.5927625346624114,5.681102362204725,7.681691363382727,4.568897637795275,6.873085746171491,4.231224142490191,4.428478559446424,4.21319592758514,4.357576190357625,0.2625602964828978,0.24471760308143342,0.261860842447271,0.24961962410749788,0.5124063782613345,0.49468940061561195,0.5117234042402897,0.4996194793115035,0.906669284511685,0.8591205588336561,0.9409192444554431,0.862025470653396
lili_41.jpg,lili,555.7739911417323,777.6620373240747,312.72846948818903,808.9466178932357,0.10244932392196773,0.08441722844784921,0.15024103895649363,0.09040255415354455,15.435162401574802,18.025606051212105,10.764025590551183,18.087172174344353,8.886744054867805,8.981120282271803,8.603830548652004,8.97482988363552,0.00023641899090438807,0.00020348295393100182,0.0003549510883201455,0.00021233187732666,0.015375922440763938,0.014264745140765811,0.01884014565549177,0.014571612035964313,0.9090043202981414,0.8721900027648296,0.9487868478647339,0.8670394756230431
lili_42.jpg,lili,237.62561515748038,370.2253704507408,194.7970595472441,393.4367288734577,0.56499102579535,0.5448857190900709,0.5864398231310576,0.5515044843127687,6.822342519685041,8.461342922685844,5.856237696850394,8.439146878293755,4.7486560132531315,4.85864437160439,4.656891043333854,4.848541478278647,0.23088495194324385,0.2203797675001884,0.23530682583826115,0.21895183110844849,0.4805048927360093,0.4694462349409018,0.4850843491994574,0.4679228901308938,0.9286238993161895,0.889247447319662,0.9415136470229322,0.8823037924497531
lili_43.jpg,lili,367.59042814960634,638.8629797259596,371.5834768700787,725.6603633207267,0.20117116036823676,0.1731954189997268,0.2593116256240675,0.17379073203530684,11.883612204724411,15.418624837249677,11.246616633858267,16.63500527001054,8.61983365068644,8.771579267056353,8.478858182804448,8.805371041226337,0.00047725791252363774,0.00040727919511515133,0.0006837250612977789,0.00040186682146567843,0.02184623337153656,0.020181159409586737,0.026148136860927183,0.020046616209866402,0.9378424071568309,0.8920195840647949,0.9372614698773064,0.8773469006393193
lili_44.jpg,lili,316.04773622047253,627.2366544733089,368.6730437992125,630.9356438712877,0.38666198977190347,0.3431086839577591,0.4070828732863099,0.356042872270509,8.483513779527561,11.861119722239444,8.767901082677163,11.858949717899433,7.039546443326696,7.2322075197030085,6.997149338133502,7.2321945287289235,0.018208759806191497,0.01564969966073604,0.018030278614268154,0.01536813322247141,0.13493983772849105,0.12509875962908681,0.13427687296875868,0.12396827506451565,0.9658260546990853,0.931950710295485,0.959805840185174,0.9315490967051638
lili_45.jpg,lili,309.4589074803149,725.7175274350548,446.775467519685,658.255626511253,0.15646363450363482,0.11052656822758038,0.13306367145619485,0.10849261970300485,10.897022637795276,16.841341682683364,13.442298228346457,16.368094736189473,8.713645128024792,9.004717109371775,8.863310578203487,8.997259264036007,0.0002950776775576989,0.00021386948347707835,0.0002496068834911107,0.00020311008443952536,0.01717782516961035,0.01462427719503013,0.015798951974454214,0.01425166953165577,0.9675861306306305,0.9237741444999427,0.953074937850453,0.930866160598291
lili_46.jpg,lili,202.76753198818898,263.0747721495443,87.87038631889764,283.6702833405667,0.20027435927572124,0.18017945606380564,0.2950044533203451,0.18178806649586562,8.141055610236219,9.097960195920393,5.182271161417324,9.55483910967822,8.198839174029267,8.297265047972699,7.844067118012742,8.300504567609455,0.0005640312183944681,0.0004903675874683884,0.0008615175311405314,0.0005086862427429363,0.02374934143075273,0.022144245019155392,0.02935161888449309,0.02255407375049874,0.976318438559432,0.969223997168241,0.9897136785946848,0.9668176687965412
lili_47.jpg,lili,345.8580831692913,748.9944819889638,447.2164124015748,711.8897017794036,0.10463750329434712,0.07175771199599007,0.09212592146109799,0.07201983940683104,12.88859498031496,19.099014198028392,14.812376968503937,18.895343790687583,8.844820309020356,9.122163450979,8.960989120065042,9.121598973920948,0.0002159238327265717,0.00015455056020162255,0.0001881535745493366,0.00015358763434992305,0.014694346964958045,0.012431836557871188,0.013716908345153312,0.012393047823272654,0.9274379648270388,0.8427930110480856,0.9062280062567748,0.850564971870589
lili_48.jpg,lili,346.1134350393701,494.5888151776304,179.1138656496063,469.98065596131187,0.1325380925655692,0.10685384391674245,0.15941710860487499,0.1180966954567557,12.207923228346457,14.72236344472689,9.061208169291339,14.443796887593773,8.582325967757107,8.706843830241572,8.39189591512725,8.709603965770485,0.00031501845230252955,0.0002716296585175475,0.00038510160028132557,0.0002728751194993864,0.017748759176419333,0.016481191052759126,0.01962400571446425,0.016518932153725508,0.9051900974728353,0.8642521797316388,0.9510220482388725,0.871025963414276
lili_49.jpg,lili,546.1478838582678,835.1440262880526,363.13268946850394,858.7425754851511,0.18218376419468407,0.14947881502866334,0.22996403096341628,0.1559632886564143,12.763779527559059,15.465806931613866,9.721026082677167,15.875193750387503,8.404737633353355,8.545603293377301,8.18560159358916,8.52959197206988,0.0006803060481120964,0.0005202240548941387,0.0009394150258027078,0.0005457636930525892,0.026082677165354336,0.022808420701445745,0.030649878071579793,0.02336158584198832,0.9638036807236677,0.9445687700884318,0.9760941131533588,0.943002895110673
lili_50.jpg,lili,539.601439468504,924.473866947734,493.38225885826785,899.9472378944758,0.06196182816998701,0.04800500852242011,0.06419672890997952,0.04932470978380218,17.67119832677166,23.14235228470457,16.947588582677167,22.953003906007815,9.082100579007768,9.252652988797276,9.053717251285633,9.246472086411858,0.00015438159538428456,0.00012719462477799035,0.00015911561364138357,0.00012901092204317216,0.012425039049608035,0.011278059442031255,0.012614103758943144,0.011358297497564156,0.8730362910992187,0.7824407047453844,0.8836800928171415,0.7881596667642496
lili_51.jpg,lili,275.1066683070866,479.8391716783433,199.72846948818898,398.6749333498667,0.6497442389318451,0.6220558474582708,0.6424109765021762,0.6254847899028516,6.183686023622046,8.690681381362761,5.638410433070866,8.027528055056111,4.0379199204075,4.17663977902079,4.0583290474328955,4.167229275228127,0.33555804629919794,0.3258993541981131,0.3351132869868279,0.32548683176602516,0.5792737231216326,0.5708759534243084,0.5788897019181011,0.5705145324757513,0.9214266495965171,0.8635555131780427,0.9428865674606983,0.886634939578953
lili_52.jpg,lili,328.603654035433,505.987785975572,245.96013779527564,536.1510943021887,0.12858665763066407,0.1003907059084947,0.15913423411118127,0.10596074440090873,11.990711122047244,15.12945625891252,10.16596948818898,15.216752433504869,8.748870967762715,8.921199140320713,8.607619581119414,8.899501484797849,0.0002669365690293881,0.00021461906647540747,0.00033452593760656293,0.00022710250640911724,0.016338193566896805,0.014649882814391639,0.018290050235211575,0.015069920584034849,0.924602184934336,0.8834088831794186,0.9435899560309987,0.8764826648608106
lili_53.jpg,lili,334.4859744094489,626.7637795275591,370.8590674212598,661.2935085870172,0.10642134047763388,0.07842697619577273,0.10424393320531189,0.07872710001346513,12.682947834645672,17.590241180482366,13.228161909448819,17.818277636555273,8.830482575813807,9.07092884929535,8.870277914698583,9.071324169662557,0.00022393117296000224,0.0001657328009305408,0.0002123345311143747,0.00016761060244173935,0.01496433002041863,0.01287372521574625,0.014571703095876428,0.012946451345513154,0.9308754065709351,0.870378502386533,0.9234899225145308,0.8632402330584039
lili_54.jpg,lili,309.4589074803149,725.7175274350548,446.775467519685,658.255626511253,0.15646363450363482,0.11052656822758038,0.13306367145619485,0.10849261970300485,10.897022637795276,16.841341682683364,13.442298228346457,16.368094736189473,8.713645128024792,9.004717109371775,8.863310578203487,8.997259264036007,0.0002950776775576989,0.00021386948347707835,0.0002496068834911107,0.00020311008443952536,0.01717782516961035,0.01462427719503013,0.015798951974454214,0.01425166953165577,0.9675861306306305,0.9237741444999427,0.953074937850453,0.930866160598291
lili_55.jpg,lili,119.99028051181102,281.68262136524277,116.08403051181102,154.23671647343298,0.4347348428443004,0.3666503328317926,0.44495413912659965,0.38388108111846025,5.3544537401574805,8.19709839419679,5.0485974409448815,6.2687085374170755,7.575915518699119,7.854182600461712,7.52494732443013,7.743223411992372,0.0018785254245313177,0.001370239642953091,0.0017969913259162458,0.0014392935351683837,0.04334195916812388,0.0370167481412548,0.04239093447797826,0.03793802228857461,0.9756688037980495,0.9428434052236647,0.9764473271529035,0.9687077007314652
lili_56.jpg,lili,334.4859744094489,626.7637795275591,370.8590674212598,661.2935085870172,0.10642134047763388,0.07842697619577273,0.10424393320531189,0.07872710001346513,12.682947834645672,17.590241180482366,13.228161909448819,17.818277636555273,8.830482575813807,9.07092884929535,8.870277914698583,9.071324169662557,0.00022393117296000224,0.0001657328009305408,0.0002123345311143747,0.00016761060244173935,0.01496433002041863,0.01287372521574625,0.014571703095876428,0.012946451345513154,0.9308754065709351,0.870378502386533,0.9234899225145308,0.8632402330584039
lili_57.jpg,lili,325.89726870078744,666.0773141546283,350.1463459645669,595.0501581003163,0.21230531421359075,0.1586205329770512,0.1993280830964495,0.1649124224346873,10.78248031496063,15.464628929257861,10.57732529527559,14.578337156674316,8.373734679966422,8.615200856973328,8.367567553610387,8.597984467254628,0.0014754281217546808,0.0007532194368747346,0.0008801205956904099,0.0007434556378195775,0.03841130200546033,0.02744484353890061,0.029666826518696097,0.027266382925125537,0.9624473657619355,0.922544647908249,0.9592942378319763,0.9308049981606598
lili_58.jpg,lili,681.332308070866,931.6575733151468,343.6763041338583,964.8379936759874,0.11113441683142097,0.1087286177444981,0.15648242398476614,0.08917758946225615,16.979207677165356,19.218736437472877,11.361589566929137,20.30975261950524,9.069911213602307,9.134998233766897,8.788241273553401,9.184992964219163,0.00026387326944575756,0.00023661452245714342,0.00041295321848456207,0.00021259327037223113,0.016244176477918405,0.015382279494832469,0.020321250416363706,0.01458057853352298,0.9301615137066047,0.9043796764836775,0.9647123645221808,0.9009756758214922
lili_59.jpg,lili,563.1254921259844,723.737057474115,239.88841043307082,761.0513981027963,0.16936394204730493,0.1507301766902857,0.2263760277749662,0.14362622544007028,13.734867125984255,15.335792671585342,8.620078740157481,15.925351850703702,8.457107652058756,8.547827924920066,8.159282791876434,8.566770689713362,0.0006164857300417729,0.0005205315761242224,0.0008756155207622915,0.0005177811831226614,0.024829130674306196,0.022815161102307,0.02959080128624927,0.02275480571489595,0.9511220572227461,0.9372161920477304,0.9791540740354129,0.9339792442810697
lili_60.jpg,lili,456.6849778543308,631.246450492901,241.0171628937008,654.494760989522,0.09413473774092579,0.08281397852734783,0.12916297003565835,0.07567421652557618,15.386995570866144,17.699175398350796,10.535863681102361,18.247876495752994,8.956658965321576,9.045595263195189,8.670965272668784,9.072413344940554,0.00018898987993288491,0.0001723560394234683,0.0002627228765199718,0.00016378772915026147,0.013747359016657888,0.01312844390716083,0.016208728405398488,0.012797958007051807,0.9091549062004894,0.8744139286168566,0.9520244324419427,0.8697868067024745
lili_61.jpg,lili,483.27528297244095,867.9190278380555,478.9133243110236,909.4381548763096,0.14044904440806963,0.1104484059350869,0.17266578471145488,0.11474799928131359,14.222010334645669,18.657077314154627,13.184362696850394,19.26170252340504,8.835895131141307,9.000279558337139,8.722096313971473,9.015327300611833,0.00026494987072005395,0.00021931260924955967,0.00033331121349742697,0.0002153225212892238,0.016277280814683204,0.014809206908189232,0.01825681279680073,0.014673872061907307,0.9435777640723902,0.8988963590364055,0.944088879923457,0.8940632098557413
lili_62.jpg,lili,483.94291338582684,754.0997581995164,325.025221456693,738.5169570339141,0.1276643626930651,0.10528085358988934,0.1521365645825482,0.10572945250727472,13.273868110236224,16.566743133486266,10.561023622047246,15.915803831607665,8.793305646277881,8.951006494067244,8.631980732303067,8.907624680218138,0.000250867017847317,0.00020260844043295132,0.0003171640864766105,0.00021617397069501813,0.015838782082196756,0.01423405916922335,0.017809101225963384,0.014702855868674565,0.952560653808183,0.9262691745157687,0.9680963726144012,0.9277931679549599
lili_63.jpg,lili,281.40612696850394,569.2011904023809,287.9346087598425,484.8524397048793,0.26841526732317006,0.22569449542078338,0.2646030137009614,0.2050590203378434,8.3626968503937,11.663835327670657,8.491572342519685,11.22816045632091,8.022356735082003,8.236118726758283,8.070183653350282,8.288631735202518,0.0008778027809961869,0.0006849478017884674,0.000815528303419888,0.0006108870795458745,0.02962773668365822,0.026171507442034503,0.028557456179076735,0.024716129946775134,0.976362264128973,0.9521818748434774,0.9759669734986105,0.9592701202661079
lili_64.jpg,lili,436.68091781496065,733.3123566247133,438.5478592519686,881.4278628557255,0.10502917537978378,0.08323448329620624,0.11460215900380505,0.07525583551017774,14.041031003937007,18.257858515717032,13.446727362204726,19.86409572819145,8.969889301374959,9.138884953559234,8.912309815327056,9.2050567303078,0.00018841468346999192,0.0001560305061214004,0.0002069231433384742,0.0001421862847445702,0.01372642282133229,0.012491217159324402,0.014384823368344646,0.011924189060249347,0.9244464710445037,0.8730024177928035,0.924006476680543,0.8473553410842464
lili_65.jpg,lili,275.1721825787402,441.3316386632773,140.85390009842519,349.8702337404675,0.20232627495280475,0.17651260706569744,0.2608380416618076,0.1735725679175186,9.38305856299213,11.844255688511378,6.509781003937007,10.448694897389796,8.474340537921682,8.630373728629987,8.217525944601157,8.576137278292798,0.0003879851509703021,0.0003202718290860353,0.0005006177004541509,0.0003326130404508314,0.019697338677351874,0.017896140061086783,0.022374487713781314,0.01823768188259767,0.9718822423678631,0.9549544326569127,0.9856894430036177,0.9642912523168884
lili_66.jpg,lili,381.7126599409449,550.2901605803211,200.8171136811024,517.0610081220163,0.16522282606901084,0.1367350168481883,0.21136964944989295,0.13891600405656285,11.698142224409448,13.826399652799303,8.115218996062993,13.728501457002915,8.511901585502411,8.61881749164419,8.195589147343298,8.63823122568277,0.00042912683481616964,0.00037061882047379933,0.0006055494288722956,0.0003539819219262718,0.02071537677224746,0.01925146281386948,0.02460791394800249,0.018814407296704083,0.9313215162130314,0.9014343999229926,0.9638497526340825,0.90738449879138
lili_67.jpg,lili,328.603654035433,505.987785975572,245.96013779527564,536.1510943021887,0.12858665763066407,0.1003907059084947,0.15913423411118127,0.10596074440090873,11.990711122047244,15.12945625891252,10.16596948818898,15.216752433504869,8.748870967762715,8.921199140320713,8.607619581119414,8.899501484797849,0.0002669365690293881,0.00021461906647540747,0.00033452593760656293,0.00022710250640911724,0.016338193566896805,0.014649882814391639,0.018290050235211575,0.015069920584034849,0.924602184934336,0.8834088831794186,0.9435899560309987,0.8764826648608106
lili_68.jpg,lili,755.5382012795276,1035.2695145390292,391.2874630905512,1065.1381982763965,0.11202125472717933,0.10783636522308164,0.15620857493993115,0.09256811807048519,17.95466289370079,20.29375658751318,12.181286909448822,21.378138756277508,9.099091033502972,9.145400405543588,8.814387708895348,9.202501558499296,0.0004013792817624697,0.000363672684689284,0.0005956878368834864,0.0003272429509704948,0.02003445236991692,0.019070204107174207,0.024406717044360683,0.018089857682427875,0.9242786805677594,0.8961106381247321,0.9607233399749467,0.8931143709181125
lili_69.jpg,lili,221.6856545275591,354.9282038564078,114.02786663385827,275.0483600967202,0.227815406040262,0.20131644254672815,0.26653541073971915,0.20195907969718774,9.105807086614176,11.45470890941782,6.420952263779528,10.14204228408457,7.9907599674110035,8.153907303437999,7.754450158132092,8.102063886373415,0.0011337916962943304,0.0009059940619726239,0.0013534316009061705,0.0009740235240902002,0.033671823477417,0.030099735247550333,0.03678901467702241,0.03120934994661376,0.942790532502669,0.9085856342818488,0.9705792003848667,0.9291570780938113
lili_70.jpg,lili,539.601439468504,924.473866947734,493.38225885826785,899.9472378944758,0.06196182816998701,0.04800500852242011,0.06419672890997952,0.04932470978380218,17.67119832677166,23.14235228470457,16.947588582677167,22.953003906007815,9.082100579007768,9.252652988797276,9.053717251285633,9.246472086411858,0.00015438159538428456,0.00012719462477799035,0.00015911561364138357,0.00012901092204317216,0.012425039049608035,0.011278059442031255,0.012614103758943144,0.011358297497564156,0.8730362910992187,0.7824407047453844,0.8836800928171415,0.7881596667642496
matahari_1.jpg,matahari,121.8396284448819,374.28476656953313,290.08538385826773,411.88102176204353,0.6042203588256988,0.5559367280267231,0.5793916879468856,0.5515015936907859,4.591350885826771,8.378138756277513,6.950295275590551,8.853679707359415,4.66205697644379,4.907639384691306,4.777706942169352,4.926446022184135,0.2209496950732182,0.20116029028635649,0.21332202234716968,0.20076535230260614,0.47005286412617275,0.4485089634403715,0.4618679706876952,0.44806846831997243,0.9774504582655591,0.9310215176099669,0.9462947691005766,0.924092748773082
matahari_2.jpg,matahari,196.27331446850394,373.5680451360902,234.841781496063,386.08711017422036,0.44686985293854875,0.33958155362723486,0.3601779324543671,0.3513894428213853,7.292507381889765,10.603695207390414,8.469119094488189,10.524211048422098,7.365655349799255,7.762797099999794,7.638242526434487,7.714921083402232,0.003830626801878606,0.0022595487561859855,0.0024517465416766773,0.002423138518544381,0.06189205766395722,0.047534711066608844,0.0495151142751047,0.04922538489991095,0.917103119396446,0.8420500955659632,0.9002804565224624,0.8367598451143606
matahari_3.jpg,matahari,662.8216043307089,908.9782379564759,335.07148129921256,941.1938123876248,0.11181485313699469,0.07735709479669915,0.1266807381527782,0.08076353548118417,17.6117125984252,20.94401388802778,12.222440944881889,21.447516895033793,9.131259902490335,9.275791713278256,8.922226139217024,9.286207353207518,0.0001930635575138338,0.00014762748850936355,0.00022288484518375286,0.0001469816939261878,0.013894731286132661,0.01215020528671691,0.014929328356753122,0.012123600699717383,0.9255243749245954,0.8972188106596524,0.962101312857297,0.8935772790351614
matahari_4.jpg,matahari,135.09627214566933,372.31390662781325,291.65944881889766,418.1703763407527,0.4209681124960754,0.31889638151586375,0.345266983885133,0.3345202769980077,6.150898129921261,10.539587079174158,9.35076279527559,11.0492900985802,7.452834135150491,7.851850660788343,7.766856166925456,7.855727242133282,0.004900940649049269,0.0029767170948564723,0.0033420617378344137,0.0031825583522206782,0.07000671859935494,0.05455929888530893,0.05781056770032979,0.05641416800964699,0.9779444216446945,0.9390941999347885,0.952231825035502,0.9315913251032863
matahari_5.jpg,matahari,189.20706200787401,317.3813007626015,158.16221702755905,310.96676793353583,0.3482040220169187,0.24422574984543888,0.2703266361696611,0.2514585141058609,7.869586614173229,10.387438774877548,7.429564468503937,10.33312666625333,8.022202058198744,8.301416673772055,8.092017676548712,8.296970092757906,0.0011326337349940323,0.0006459502657984791,0.0007497193949466024,0.000680275401098883,0.03365462427355314,0.02541555165245246,0.027381004272060628,0.026082089661276817,0.9531006473111313,0.9210326549940733,0.9606085879274266,0.922632651262168
matahari_6.jpg,matahari,231.08372293307093,439.59929319858645,244.48788139763778,414.2126604253209,0.20901598123497367,0.19625145386080767,0.19229716614890818,0.14491156079283418,9.248462106299215,13.08196416392833,9.982714074803148,12.813937627875257,8.392973543081004,8.63399430071313,8.483868530885324,8.634639356759175,0.0018101281319750145,0.0015334699898738255,0.0016785746462117924,0.0015465953803753343,0.042545600618336725,0.03915954532261356,0.04097041183844498,0.03932677688770508,0.959165748335902,0.9220949233946528,0.956724761558783,0.9265934231995484
matahari_7.jpg,matahari,191.90987942913387,375.2929505859012,237.2373892716535,418.493272986546,0.20041607183519375,0.1461690471799244,0.1832840454022061,0.14486569458481233,8.393393208661418,11.753611507223017,9.482837106299213,12.48732097464195,8.284304890136237,8.540044659098045,8.379113345676764,8.576183044712256,0.0005429173456003162,0.0004038906955611667,0.0004975468324960087,0.0003882686170729152,0.02330058680806808,0.020097032008761062,0.02230575783281099,0.019704532906742935,0.9737139728525013,0.9485784190273524,0.967475802387727,0.9426590994231449
matahari_8.jpg,matahari,200.63324311023618,360.8978237956475,214.23148375984252,402.6881393762786,0.7082120625653936,0.6844705710661756,0.6993107137659819,0.6822248980304666,5.155142716535433,7.394444788889578,5.711183562992126,7.752185504371008,3.3916289357513154,3.5186940404855958,3.434223235743141,3.530858735791277,0.43268243067247864,0.4155110175804082,0.4290538756858764,0.4154250980707304,0.6577860067472389,0.6446014408767702,0.6550220421374203,0.6445347919784706,0.9622191572217805,0.9324049310911943,0.9596512754848897,0.9245777316038593
matahari_9.jpg,matahari,196.99938484251973,297.274660549321,103.89370078740157,268.9387438774877,0.2594788990264313,0.1969769130124287,0.2453165004382233,0.20059874186298515,8.009719488188978,9.995349990699982,5.981422244094488,9.583793167586334,8.376354947717076,8.624074099945474,8.284292990025104,8.582784486401657,0.00042176469850986587,0.0002936328025300355,0.00042948633260547775,0.0003120648562581767,0.02053691063694503,0.017135717158322714,0.02072405203152795,0.017665357518549595,0.9828411293069986,0.9741184914070924,0.9909587128549807,0.976585747161252
matahari_10.jpg,matahari,180.94525098425197,284.68361336722666,142.43159448818898,309.5906751813503,0.23930669407257946,0.16351008233406927,0.1995960529060614,0.16642898707455883,8.360851377952756,10.924793849587697,7.807455708661417,11.220658441316882,8.136730824567007,8.382634870545546,8.15029552497147,8.405976332741492,0.000819297353926739,0.0005107005067999842,0.0006319800847609508,0.0005000256761007041,0.028623370764582202,0.022598683740430198,0.025139214083995363,0.02236125390269303,0.961467587481637,0.9391535393004772,0.9695473018951637,0.9338261608436492
matahari_11.jpg,matahari,126.84239665354332,201.73445346890696,94.00688976377955,197.47498294996592,0.3586147219226282,0.2966045437169135,0.3833852014258353,0.32050365951532966,5.671505905511812,7.3299646599293204,4.903666338582678,7.0241180482360965,7.22512649275678,7.44908339849868,7.105359840550859,7.361459519479144,0.0020307481410861265,0.0015576949747736683,0.002283995412717389,0.0017522213728784829,0.04506382297460044,0.03946764465703101,0.047791164588419366,0.04185954339070701,0.9167477543630387,0.8682013662408521,0.9382302724285679,0.870981796908281
matahari_12.jpg,matahari,323.4019438976378,483.0765081530162,188.2442175196851,453.5969371938744,0.3723099117647245,0.30239249404220814,0.32996130441469157,0.30093397804440974,10.262918307086615,13.02046004092008,8.197957677165356,12.60493520987042,7.593296597571159,7.813869117308878,7.58404921233049,7.811605195472827,0.007335215598165571,0.006267215398836523,0.006492957688063816,0.00594253064009879,0.08564587321153058,0.07916574637326755,0.08057889108236609,0.07708781122913524,0.8859124640867042,0.8296241576820417,0.9336361012821596,0.840017771776091
matahari_13.jpg,matahari,275.4346087598425,448.6797073594148,204.42421259842519,432.40541881083766,0.24322326094138302,0.19783998997806387,0.25027848864192775,0.20452090621185787,10.138718011811024,13.334552669105339,8.718503937007874,12.996279992559987,8.226792613859633,8.464167944587713,8.174257238878404,8.443202077886113,0.001319368239322416,0.0009228654454580904,0.0010879614044384338,0.0009141933467697302,0.03632310888845304,0.030378700522867834,0.03298425994983719,0.030235630417931262,0.9191404785027036,0.8683654198406714,0.9398913011498784,0.8731417782752262
matahari_14.jpg,matahari,223.82750984251967,485.8022816045631,273.3478715551181,444.94785789571586,0.23361341320664636,0.15788847652552657,0.20800478951504314,0.16730471478342032,9.028420275590552,14.017174034348066,10.107221948818898,13.31217062434125,8.184713391435706,8.566477950030686,8.305853491722345,8.523077602287568,0.0016419039796087404,0.0007997512430017727,0.0009608146047346783,0.0008237782611097494,0.04052041435633082,0.028279873461558712,0.03099700960955231,0.02870153760880677,0.9485844768396425,0.8876125533358168,0.9368167309793174,0.8970623606441038
matahari_15.jpg,matahari,254.9878813976378,395.67226734453476,204.1084522637796,439.55384710769425,0.22827009540519622,0.19534888523663785,0.2398745257894988,0.19833284530106796,9.802103838582678,12.63959327918656,8.8794906496063,13.063674127348257,8.296291762348904,8.503978730904688,8.271300869665147,8.50333198723549,0.004447937484742158,0.004033786727130773,0.004512175955504255,0.004205423935678921,0.06669285932348498,0.06351209906097241,0.06717273223194256,0.06484924005475254,0.9731620477687668,0.9583110187804972,0.9785365382875281,0.9536869100900591
matahari_16.jpg,matahari,394.3159448818897,574.3808047616096,239.77682086614178,582.5886291772583,0.1441858043798765,0.1263250451019293,0.19133108303358198,0.12210149680460486,12.492125984251967,14.628433256866513,9.441313976377955,15.46221092442185,8.641980999053281,8.736821041029106,8.406611544814094,8.794408144826704,0.0003150884597667633,0.00028111476645794134,0.0004391681756996328,0.00026491224164790694,0.017750731245973032,0.01676647746123023,0.02095633974957537,0.01627612489654423,0.890818481244989,0.8411815825505252,0.9333991194604079,0.8389042998759314
matahari_17.jpg,matahari,99.92027559055119,206.58757517515036,106.51470226377953,176.7927955855912,0.538090525559263,0.506604964576901,0.5430645036873141,0.5088114007039611,4.290354330708661,5.857585715171431,4.297920767716535,5.762477524955051,5.295364754718125,5.451866254702313,5.288257166254976,5.454566875182323,0.1408191477271626,0.1313606686981493,0.13988323307457162,0.1316752879026249,0.37525877435066407,0.36243712378583587,0.3740096697607852,0.3628708970179682,0.9891831727180236,0.977728264278526,0.9884693125098027,0.9809403715716952
matahari_18.jpg,matahari,214.89302411417327,394.30156860313724,216.81274606299215,394.28836257672515,0.17607793104430725,0.0959698869588314,0.1174004460194599,0.102971898949399,9.461921751968505,13.84425568851138,10.405511811023624,13.538037076074154,8.36344222958683,8.717501370635718,8.527023862760617,8.689027072849722,0.00047800339741304503,0.0002831905347610063,0.0003374908483215405,0.00029455536622028674,0.02186328880596524,0.01682826594634772,0.018370923992046248,0.017162615366554328,0.9523315089582651,0.9122093120333977,0.9516099516168731,0.9122186809188823
matahari_19.jpg,matahari,92.71628937007874,173.56847913695827,115.59768700787401,218.83216566433134,0.647463799674548,0.623117764837993,0.6422477954573539,0.6153633615173687,3.831323818897638,5.289106578213156,4.255167322834645,5.979663959327919,4.105478915807796,4.225202039813828,4.13127467244246,4.26667988516564,0.32149835832874796,0.313183101473153,0.31996279757940377,0.3113189154644166,0.5670082524344314,0.5596276453796336,0.5656525413886194,0.5579596002081303,0.9837099397903313,0.9696603204456348,0.9796897255676368,0.9617482516672586
matahari_20.jpg,matahari,196.67501230314957,270.45532891065784,90.93989911417323,265.8653357306715,0.18062958318806666,0.14738154110831186,0.23869308601691064,0.15764039981040065,8.737758366141733,10.38750077500155,5.8689099409448815,10.11966023932048,8.333243497693351,8.48444543830388,8.028615435334007,8.448109537636656,0.00042619598178649475,0.0003492422509676069,0.0005937219516040595,0.00037750153000461,0.0206445145689235,0.018688024266026813,0.024366410314284284,0.019429398601207657,0.9445281565735899,0.9240677883201115,0.974378530190899,0.9253588614814935
matahari_21.jpg,matahari,125.56711368110236,218.79887159774324,80.94777312992126,168.26449252898507,0.23871912695891875,0.19833133084597754,0.2705928930115815,0.20420256824858224,6.694328248031496,8.922871845743693,5.390932578740157,8.036456072912145,7.9698682657707085,8.185639055726774,7.815908976520569,8.128411602045983,0.0011884826626098563,0.0009761204344778333,0.0013046950532377632,0.0010012237768911028,0.03447437689951562,0.031242926151015902,0.036120562748076936,0.03164212029702028,0.9779818532760596,0.961700326888242,0.9859026061400529,0.9705458426826803
matahari_22.jpg,matahari,63.14942175196852,199.84964969929945,128.1187253937008,161.16343232686467,0.27495021795395946,0.15820169762206726,0.1887408836342464,0.17088867582699582,4.789185531496064,8.468162936325873,6.793922244094489,7.947485894971791,7.744424856861929,8.204955292591059,8.022482333036702,8.173235357036999,0.0007803145489103482,0.00045256169624497474,0.0005535206382912769,0.00046994625578314337,0.027934110848751713,0.02127349750851925,0.02352701932441245,0.021678243835309707,0.982733085861315,0.9455067817933571,0.9650992214518331,0.9560512619882543
matahari_23.jpg,matahari,117.10051673228345,183.07985615971228,101.3798597440945,211.6321532643065,0.35863470075244674,0.33800998917426706,0.3424385557415658,0.2666112289363,5.71751968503937,7.051336102672204,5.429072342519687,7.924173848347696,7.5858578717279705,7.697592086645727,7.586558967536419,7.86394687988357,0.0014973442422470781,0.0014112802731154467,0.0014873066855508716,0.001072453381809237,0.03869553258771713,0.037567010436225116,0.03856561532700952,0.032748334031050146,0.9680999830972762,0.949735077516005,0.9721214170051764,0.9418873934547007
matahari_24.jpg,matahari,149.63582677165357,222.4207328414657,76.0021530511811,196.6203112406225,0.2500419244751937,0.21724109230669947,0.30364857754611374,0.21888762459570169,7.064714566929134,8.6248372496745,5.1154650590551185,8.298778597557195,7.863779243975726,8.02566528204883,7.612539995815069,8.001466993507627,0.0010057877781771188,0.0008068665154628344,0.001288670912302762,0.000873592856367931,0.031714157377693626,0.028405395886395148,0.035898062793175374,0.02955660427667446,0.9455942084638904,0.9193283030952893,0.9723270050747626,0.9286854397624946
matahari_25.jpg,matahari,284.68042568897636,398.50598301196607,157.75067667322836,432.48496496993,0.14730041375611574,0.12164658760181438,0.1756722228572246,0.12107594956041545,11.152005413385826,13.36456072912146,8.371370570866143,13.930683861367724,8.617997538415155,8.762373978939303,8.409781350151885,8.779877911997088,0.00035380447958161546,0.0002960084040324321,0.0004491962719277001,0.00029378271912970134,0.018809691108086158,0.017204894769583222,0.02119425091688074,0.01714009098953974,0.9399344765955971,0.9159095776277407,0.9669794650574091,0.908733499944033
matahari_26.jpg,matahari,264.9816067913386,612.0433380866762,423.43940698818903,693.1686403372807,0.21865436803731175,0.175316858856742,0.22003369839582193,0.1678665708306475,9.612266240157481,14.392398784797571,11.118294783464568,15.24663649327299,8.355114900900318,8.60910100961926,8.399360828447008,8.64583967991991,0.0015713780817210078,0.0008292329189283589,0.0009608051442665389,0.0008061899687566503,0.03964061152052284,0.02879640461808312,0.03099685700626015,0.02839348461807128,0.9681238116881276,0.9257568046267999,0.9485712564484208,0.9159157538137578
matahari_27.jpg,matahari,187.06600639763778,343.94382788765586,240.54016978346453,429.0678901357803,0.23557394023243958,0.12723632320233969,0.13712626595831892,0.11603741759572801,8.314653051181102,12.009548019096039,10.228407972440944,13.30721061442123,8.365688275398968,8.720323934476504,8.60672942876139,8.770385809530628,0.0004450279896653543,0.00026480268720968967,0.0003021541077261842,0.00025195406581525546,0.021095686517991166,0.016272759053390106,0.017382580583048774,0.01587306100962431,0.9677671174209667,0.9406997032872019,0.9585836358192547,0.9260136610133498
matahari_28.jpg,matahari,296.10832923228344,451.18488436976884,202.6951894685039,479.24614049228103,0.2831032302661082,0.23561210541818456,0.297620960782624,0.2353582477309003,9.910494586614174,12.386694773389548,8.037463090551181,12.81709963419927,8.196871869462399,8.35211233750264,8.068486883342036,8.371580081864652,0.0014056609534117504,0.001109334787334712,0.001478807400974177,0.0011212723770850236,0.03749214522285635,0.03330667781894063,0.03845526493179025,0.03348540543408462,0.9811174732359272,0.9711344375711208,0.9870486415909918,0.9693404598225822
matahari_29.jpg,matahari,484.64782234251976,772.7986235972471,294.6062376968504,659.7096534193067,0.25238889098620854,0.19809606196750726,0.24230599048856136,0.20537295173912382,13.021961122047248,16.60580321160642,10.120140255905515,15.14297228594457,8.353864294036171,8.577660589436098,8.294797533466632,8.513165627669927,0.0015867645871033933,0.0009090212240812599,0.0010523559865479111,0.0009273341133327435,0.03983421377538903,0.030149978840477813,0.032440036784009835,0.03045216106178252,0.9383430777283126,0.9021694796652623,0.9625675858706935,0.916485761055454
matahari_30.jpg,matahari,193.00596702755905,309.4700229400459,165.1818405511811,354.85330770661545,0.31178520448430785,0.2610572215228849,0.31685907949649006,0.27866802563507953,7.7533833661417315,10.033976067952135,6.9578001968503935,10.292454584909173,7.85667326783527,8.073930851973461,7.812544443481144,8.025333216374998,0.003894034643538037,0.0033659101976273274,0.00406189172974049,0.003368693264759584,0.06240220063057101,0.058016464883921766,0.06373297207678683,0.058040445077200985,0.9822489844763296,0.971587799771659,0.9848569702582977,0.9674194982281783
matahari_31.jpg,matahari,187.78229576771653,375.94785789571586,262.6673228346457,454.6508153016307,0.5408899308757527,0.47575692871085773,0.49242256087208175,0.47535070696116355,5.741080216535433,9.131192262384527,7.630536417322834,9.990513981027963,5.2754866849165865,5.561093326993982,5.454098578593132,5.5832987025820024,0.15292614398705356,0.13078668608822125,0.1385107367382704,0.1315008445628522,0.39105772462266175,0.36164441940699327,0.37217030609422674,0.36263045178646014,0.9728842525403846,0.945892316531532,0.9620520824412282,0.934565023675365
matahari_32.jpg,matahari,268.9030511811024,421.56079112158227,187.4027436023622,415.49891499783007,0.18359706786009852,0.15526202681872614,0.22824166737892831,0.15911618434845887,9.561023622047246,12.064480128960259,7.783033956692913,11.750015500031001,8.493511962022145,8.644879714705445,8.308449895982829,8.642722365907279,0.000366878846550662,0.00031421173884569855,0.00046885701681559616,0.00030727329109193533,0.0191540817203713,0.017726018696980397,0.021653106401059323,0.017529212506325987,0.9688061753693751,0.9510773908822439,0.9782541822540497,0.9517823183592726
matahari_33.jpg,matahari,339.22201033464563,465.77946555893107,180.90139025590554,488.237646475293,0.31926993063927306,0.25641419094053974,0.30655288833902333,0.27648334574041544,11.163447342519685,13.200508401016801,8.111897145669293,13.48236096472193,7.997828274594131,8.227486601568435,7.9509372734166455,8.188091854017188,0.0031202780911421197,0.0017881686826675773,0.0021491175184498814,0.0021462540910077792,0.0558594494346491,0.0422867435807911,0.04635857545751251,0.046327681692566694,0.9565685199495833,0.9401963594283904,0.976811586728418,0.9373231122947487
matahari_34.jpg,matahari,149.212906003937,191.29828259656523,123.51783956692913,294.0301940603881,0.3431587730874526,0.3182903041719717,0.47298762484648116,0.33303324401079304,6.625922736220472,7.252650505301012,5.608390748031496,9.158224316448635,7.740291871479405,7.788523235097999,7.435101431116568,7.89972899333702,0.0012864779757879828,0.0012254451937758733,0.0025824788588053736,0.0012030172860643324,0.035867505848441464,0.03500635933335361,0.05081809578098508,0.034684539582706474,0.9759348268629406,0.9693077917373292,0.980122942081701,0.9528246782260756
matahari_35.jpg,matahari,239.12401574803155,374.2313224626449,159.81213090551182,366.0486700973402,0.18961989843855526,0.15741770266779304,0.2372084499840685,0.16447795982377408,8.956323818897639,11.310868621737246,7.108759842519685,10.93527187054374,8.438775791077838,8.595750749266792,8.23749858848937,8.58551594472134,0.00038413663253107774,0.0003255477401896586,0.000494163769089257,0.0003200892383556731,0.0195994038820337,0.01804294156144332,0.022229794625440356,0.0178910379339957,0.9720073124864658,0.9561711424195783,0.9812869427481185,0.9571309351008922
matahari_36.jpg,matahari,137.98425196850394,333.7863475726952,245.394438976378,365.67896335792676,0.3495981800568523,0.22839619021024243,0.24833192310605723,0.2353816390635125,6.3228346456692925,10.999069998139998,9.31446850393701,11.050530101060202,7.613497494203483,8.037548975517286,7.9190564526357425,8.036260287180081,0.00826148246534774,0.005598756501003608,0.00618827385115708,0.005635255426999168,0.09089269753587326,0.07482483879704392,0.0786655823798253,0.07506833837910074,0.9853077333452122,0.9641478717586107,0.9736781183957612,0.9607267600517927
matahari_37.jpg,matahari,267.1726747047244,396.5788951577903,178.2054625984252,414.7125054250109,0.48815712442487874,0.30951666982010473,0.3762708919106189,0.4004350074747707,7.998954232283465,10.333994667989337,6.85199311023622,10.189348378696758,7.531246696882885,7.849068455775862,7.631736580568139,7.761961018892488,0.0020921938816533883,0.0012179397537541434,0.00148528971374349,0.0015111266505005577,0.04574050591820546,0.034898993592282046,0.03853945658339632,0.038873212505535965,0.918123751490828,0.8785460160509483,0.9452380359897491,0.8729876343408541
matahari_38.jpg,matahari,157.00381397637798,414.37249674499355,245.9147391732284,316.7252774505549,0.30087666992855044,0.22249061771796666,0.25654264136358856,0.21952831057909294,6.911663385826772,10.985305970611941,8.576894685039372,10.10180420360841,8.009028284187107,8.310634045226518,8.146739336633711,8.318755840972683,0.0008861828636743214,0.0006355079980294501,0.0007624948111224351,0.000590996221982524,0.0297688236864395,0.02520928396502864,0.027613308587028016,0.02431041385872573,0.9742621372876674,0.931832007881307,0.9595851402921886,0.9478905485618587
matahari_39.jpg,matahari,112.30130413385827,231.83817967635937,119.89333169291338,194.1454522909046,0.45907380275760645,0.42069785140665916,0.4630004067160102,0.4297431941614549,5.6359498031496065,8.278628557257115,5.751353346456693,7.3957467914935835,6.009784811418479,6.218575056421828,5.999759545338959,6.163795660183846,0.12684914877886397,0.11947340095312596,0.1260324492694884,0.11982824009048106,0.3561588813701885,0.3456492455555573,0.35501049177381844,0.3461621586633655,0.9865372569145112,0.9722436370558527,0.9856271204088508,0.9767563235474648
matahari_40.jpg,matahari,172.13650344488192,629.6244652489306,507.6594488188978,643.6655713311427,0.3606449629633559,0.25409610227061696,0.26591522843350096,0.2544901721808579,7.335691437007875,15.153140306280616,13.587475393700789,15.321098642197285,7.719021073368192,8.2622050621511,8.18478933690755,8.251520682077379,0.0031062784903890138,0.0017381445885714017,0.0018635911295260097,0.0017676531726056196,0.05573399761715477,0.04169106125503885,0.043169330890413506,0.04204346765676708,0.9533021988638112,0.8288198868279807,0.8619535183284,0.8249911474654993
matahari_41.jpg,matahari,129.09848671259843,187.78113956227912,89.68362450787401,199.0742141484283,0.29622742072665537,0.21323540964908033,0.25758331343328744,0.2191327110376385,6.266793799212598,7.931179862359726,5.73271407480315,8.1745923491847,7.720612019316016,7.970037330864685,7.720259763389285,7.966238417758246,0.0008896889131668887,0.0006409472797865554,0.0008872973068211762,0.0007407667490640331,0.02982765349749941,0.025316936619317814,0.029787536098529133,0.027217030496805364,0.9316603263945785,0.8998175899053743,0.9519985002000781,0.8937943176832355
matahari_42.jpg,matahari,170.15538877952758,301.4436728873457,117.53303395669295,235.46214892429788,0.16252554016936863,0.13001424671350878,0.2003628471285518,0.17532546725499606,8.329478346456694,11.451980903961804,6.882443405511813,9.11953623907248,8.186532891995986,8.433876752459003,8.037284616866872,8.195048624301448,0.0005069391852650896,0.00038050178400561384,0.0006141641311602937,0.0005668731034901464,0.022515310019297748,0.01950645493178127,0.024782335062707342,0.023809097074230817,0.9601811170584671,0.9297668890830252,0.9724854044060535,0.9451363298497133
matahari_43.jpg,matahari,142.65723425196853,256.8164176328353,116.87007874015748,215.2692665385331,0.2446630875288877,0.1904503946658538,0.24874892136362267,0.19622001033459746,6.806225393700789,9.128526257052513,6.198695866141732,8.354020708041416,7.856197892641546,8.07316246064466,7.795881428782302,8.02554713527233,0.0009378237750616129,0.0007021228624886415,0.0009573104473357384,0.00072666305664932,0.03062390855298541,0.02649760107044865,0.030940433858233765,0.02695668853270594,0.9778601442595458,0.9601358325923288,0.9819229276717684,0.9665912784778199
matahari_44.jpg,matahari,191.3373523622047,490.9454398908798,318.5473056102362,454.84003968007937,0.2987090589592793,0.19597777543743097,0.21394058358813023,0.19937199394797375,8.042568897637796,14.056110112220225,11.38367372047244,13.501705003410006,8.032285610891046,8.491816291104305,8.371398050124023,8.45078892590221,0.0028295219554306293,0.001533262413043519,0.0017055350883162703,0.0016544892039501977,0.05319325103272622,0.039156894834032986,0.041298124513302906,0.040675412769266374,0.9764368087895265,0.9393354183460999,0.9606163297733533,0.9437945373761716
matahari_45.jpg,matahari,373.9687500000001,557.0750821501643,226.32123523622053,541.1014322028645,0.20124160254759843,0.17811873027681735,0.25435586628002227,0.17654183261171025,11.097687007874018,13.374046748093498,8.224286417322837,13.056544113088227,8.562841347924746,8.68912741286945,8.328498090223547,8.67080444740878,0.0005454735640916595,0.00047389598158203083,0.0007479729925280164,0.0004912690090740713,0.023355375485991647,0.021769152063919044,0.027349094912410107,0.022164589079747707,0.9555081998857131,0.9338369980696808,0.9730854516229627,0.9357371454138719
matahari_46.jpg,matahari,366.0674827755905,651.2777605555211,270.0827386811024,501.00316200632403,0.30474770923602085,0.18541986843812097,0.23177034309862787,0.22945092876445763,10.337659940944881,14.529791059582122,9.43793061023622,12.497984995969993,8.259719321078421,8.616103236710504,8.371140302279475,8.48238688183078,0.0006451414880368823,0.0003517062648236525,0.0004538924483122403,0.00042583617934301404,0.025399635588663122,0.018753833336778176,0.021304751777766393,0.02063579849056038,0.9184160973977461,0.8541151106077857,0.9393893063400132,0.8877589709503351
matahari_47.jpg,matahari,74.15612696850394,105.72397544795092,49.26254921259842,116.38471076942155,0.33499633566148945,0.2697118900406963,0.31393736154422686,0.24464194129886294,4.724286417322835,5.9097278194556395,4.185285433070866,6.3601587203174414,7.329581326913242,7.5502444381368585,7.305946174511432,7.641378832793896,0.0015195082270047352,0.001123915137656055,0.0013737091683167742,0.000996655164616672,0.038980870013440375,0.03352484358883804,0.037063582777664306,0.03156984581236773,0.9415368319021395,0.9161775858514078,0.9609928516318834,0.9077224168903787
matahari_48.jpg,matahari,315.1500984251969,441.1636183272367,172.605437992126,455.1935023870048,0.19378400908549573,0.1378171713611571,0.20327384072861293,0.16246040424210198,11.184178149606302,13.385206770413543,8.26968503937008,13.438898877797758,8.686703001561096,8.841260684882752,8.504985642061229,8.814368722147854,0.00032941350062387636,0.0002555328441303544,0.0003675335109459282,0.0002748567094257383,0.01814975208160917,0.015985394712998313,0.01917116352613811,0.01657880301546943,0.9607910685165213,0.9448094928984583,0.978443092616171,0.9430611402743325
matahari_49.jpg,matahari,312.08809055118115,526.2072044144088,289.9991387795276,557.6906813813628,0.20568449098756036,0.16135022445929753,0.18746689791136678,0.15670022005257664,11.595964566929137,15.066774133548268,11.202017716535433,15.538533077066157,8.481949413219898,8.673309611777023,8.494888617999404,8.700593430667757,0.0007341342197332835,0.000525000243998876,0.0005968363377156441,0.0004923261133024839,0.027094911325436802,0.022912883799270575,0.024430234090479855,0.022188422956634028,0.9250828905813532,0.8737144106973982,0.930335709044227,0.8661771749457474
matahari_50.jpg,matahari,912.3346456692916,1646.3418686837374,724.8585137795277,1439.8335916671836,0.13413287011445313,0.07925731798670059,0.15060090305949111,0.09047526885742099,19.65698818897638,28.05170810341621,16.646899606299215,25.260710521421043,8.809760583588659,9.043843087260726,8.663293547490003,8.969132930917281,0.0009581278317830074,0.00045397244988798366,0.0013478461405165001,0.0005749839759336038,0.03095364004092261,0.02130662924744277,0.03671302412654806,0.023978823489354182,0.9149659885597107,0.841265645707593,0.932441473222069,0.8611769753044356
matahari_51.jpg,matahari,190.76716289370077,373.6938433876868,202.5144562007874,345.6320912641826,0.2300223570559732,0.1988836398607458,0.20733392077088267,0.16568645257578019,8.090981791338583,11.753735507471015,8.826464074803148,11.3245706491413,8.254622273648302,8.533945008583991,8.359330251737541,8.518712905480541,0.0019220303333184793,0.0016327493749909688,0.0017783825850854831,0.001638519242070414,0.04384096638212346,0.04040729358656638,0.04217087365807689,0.040478626978572456,0.9653896029530171,0.9319876262768726,0.9631854459964326,0.9370939281437835
matahari_52.jpg,matahari,360.373093011811,545.277016554033,264.75855068897636,595.6201872403745,0.1754349272088141,0.15688731881927281,0.21809523873124748,0.15438896553520998,12.43793061023622,15.112840225680447,10.219426673228346,15.976811953623908,8.437399486520214,8.537188233101537,8.24768314787752,8.569864550679679,0.0013128443004932885,0.0011676062164201948,0.0019126474410175382,0.0011748425753656021,0.03623319335213622,0.034170253385367146,0.043733824907244714,0.03427597665079147,0.9449398993733074,0.9166450481564987,0.9594987274219957,0.9089524487022935
matahari_53.jpg,matahari,181.50781250000003,499.24062248124505,374.0502583661418,541.6394072788146,0.21023597162492524,0.12638969358146393,0.14558976131308438,0.12091605608712555,8.290169783464567,14.486452972905948,12.540661909448822,15.111910223820448,8.451030328731012,8.866344605957792,8.759121961186565,8.895624289185367,0.0004898308746812808,0.0002788064352246257,0.0003241515882445829,0.00027260796043075133,0.02213212313993578,0.016697497873173265,0.018004210292167297,0.01651084372255856,0.9790765862632083,0.9420642685351565,0.9565658022066911,0.9371440391359463
matahari_54.jpg,matahari,183.13305856299218,227.2090644181288,96.34916338582676,291.37212474424945,0.5994365198239275,0.5699878039845315,0.6142182017894717,0.5776870958531548,5.917261318897639,6.791307582615165,4.244832677165354,7.5460970921941835,5.703671354565602,5.8550858662425105,5.636541889556796,5.844324293219876,0.04369451170542968,0.03918032276513432,0.04325561977539971,0.03977601829591406,0.2090323221548038,0.19794019997245207,0.20797985425372265,0.19943925966547826,0.9421485920394351,0.9285100146130247,0.9695760915695604,0.9083209719837338
matahari_55.jpg,matahari,137.13059793307087,378.7074214148429,224.92193651574803,285.02920205840405,0.3125388980457141,0.22831317876574286,0.26214720978376393,0.2225547835971327,6.421075295275591,10.37770475540951,8.120263287401574,9.539339078678157,7.9354885944596525,8.253012543306346,8.095502018717985,8.259625540892271,0.0009452388899894987,0.0006717301549179328,0.0008107696879456261,0.0006305876583481108,0.030744737598319142,0.025917757521011203,0.028474017769637393,0.02511150450188341,0.9771102413189607,0.9365543524923193,0.9623590068909788,0.9522435550664732
matahari_56.jpg,matahari,257.5060900590551,363.70103540207083,146.22908464566927,378.85516771033537,0.136024805131311,0.11432176218887391,0.19837041261115373,0.12211033851271402,10.288078248031496,12.293136586273173,7.523991141732283,12.202678405356808,8.613289642270372,8.741960753787943,8.350948956195245,8.716200422201856,0.0003034842495466241,0.0002557557970221651,0.00042038725434872745,0.0002737381009513087,0.017420799337189558,0.015992366836155462,0.020503347393748355,0.016545032515873418,0.9532601299382147,0.9340179721121382,0.9735199682879471,0.9312635125064803
matahari_57.jpg,matahari,261.7574434055118,456.30987661975325,225.19051427165357,456.05505611011233,0.12641668082500054,0.09550518426460321,0.14077482423830276,0.09943591415479723,10.916892224409448,14.797941595883195,10.12198572834646,14.503441006882015,8.718331135306865,8.944722324637643,8.637692548482335,8.917137052352468,0.00026199820466047183,0.00020306203424732476,0.00030408782741393617,0.0002083552434201403,0.016186358597920406,0.014249983657791497,0.01743811421610537,0.01443451569745727,0.9555154115439438,0.922793056891303,0.9618164999765187,0.9228302960580042
matahari_58.jpg,matahari,143.3678026574803,266.1333002666005,144.36995570866142,255.1397482794966,0.21519585105462435,0.1926304664167626,0.24366028633214407,0.1721816793113822,7.556163877952756,10.318060636121274,7.530757874015748,10.161014322028645,8.27422985246216,8.51000263771896,8.27401294288103,8.49557327703834,0.0004713848539025203,0.0003683258653019879,0.000483577505240948,0.00036175259900894907,0.021711399169618718,0.01919181766540074,0.021990395749984765,0.019019794925522963,0.9711363687100353,0.9463526055836201,0.9710275371935468,0.948567183511051
matahari_59.jpg,matahari,78.57431102362206,225.05580011160023,161.43233267716533,215.77301754603505,0.35309203988078314,0.261235655579652,0.29663299304838653,0.2588623944097731,4.926550196850395,8.510571021142043,7.120324803149606,8.258602517205034,7.769174284397189,8.17317727697976,8.032301994584493,8.15692980422812,0.0014974369548348477,0.0009558163452615577,0.0011278145725236762,0.000991025604098452,0.03869673054451561,0.030916279615464046,0.033582950622654886,0.0314805591452638,0.9881208828146476,0.9659782582521594,0.9755320301515886,0.967382241251149
matahari_60.jpg,matahari,539.6630167322835,771.238142476285,264.6728592519685,702.4637609275219,0.09669602600906009,0.08978204461635085,0.1753293988228492,0.0834852714861727,16.027066929133863,18.870233740467484,10.42937992125984,18.30156860313721,9.001400593839154,9.092496926398905,8.624519279524923,9.081143697300993,0.00020625334219418447,0.00018795697582715148,0.0003801859410359446,0.0001849547998184595,0.01436152297613956,0.013709740180876933,0.01949835739327661,0.013599808815511323,0.9220465913820155,0.8887354235493424,0.9617117457308113,0.8986641934275674
matahari_61.jpg,matahari,172.9587229330709,290.2092504185008,134.3727854330709,260.1643623287247,0.4053113296686722,0.31755973155673617,0.3304627236228582,0.2905391534458619,5.599963090551182,7.521297042594084,5.47527066929134,7.39729679459359,7.485077287820316,7.770801864252092,7.631702067204783,7.8113377857344926,0.0015759134301471733,0.0010389008935994184,0.0011282251568409392,0.0009634909219598339,0.03969777613604033,0.032231985567126,0.0335890630539308,0.03104015016007226,0.9435493014580363,0.904136848576264,0.9555452309716614,0.9140762260510392
matahari_62.jpg,matahari,294.64000984251976,557.3047926095852,376.39333169291336,653.7969495938992,0.1289760606433914,0.09168576212424254,0.10941613240267171,0.08911249510830259,11.532480314960631,16.12778225556451,13.461860236220472,17.598673197346397,8.668681114627166,8.918137726627185,8.789804954415985,8.969403418289373,0.0002895130301979355,0.00021011195844699334,0.0002467517142065534,0.00020208565434180905,0.017015082432886873,0.01449523916487732,0.015708332636106017,0.01421568339341479,0.9456715089173197,0.8972100955678948,0.9303727409174041,0.8794110239890454
matahari_63.jpg,matahari,199.29416830708664,298.4413788827578,110.77226870078742,275.40603881207767,0.2212772260582869,0.17717596025053498,0.23893046203499518,0.18901391219258395,8.999753937007874,11.003224006448015,6.683809055118111,10.63698927397855,8.40059064637461,8.58533424636702,8.22620758039153,8.537544122589672,0.0006262583936300687,0.0004047709750822813,0.0005828991760522586,0.0004937003487994204,0.025025155216902625,0.020118920823003438,0.024143304994392517,0.02221936877589956,0.9717558424725278,0.9578663947257655,0.9843064039443985,0.9611172866273708
matahari_64.jpg,matahari,225.4195374015748,542.5692231384463,390.6222933070866,581.8688077376155,0.3603415169745859,0.23535056395178827,0.22191155008715444,0.19557622922737428,8.534325787401574,13.990637981275965,11.934793307086615,14.535061070122142,8.092730847115705,8.494999936004483,8.416297040233736,8.53714988893709,0.0014809870928335607,0.0007357772171059254,0.0007529965011101897,0.0006716109904412753,0.03848359511315907,0.027125213678530265,0.027440781714633964,0.025915458522690185,0.9580815751914092,0.8988550743214443,0.9269973347991411,0.8915294953242838
matahari_65.jpg,matahari,188.36011318897644,274.2611445222891,107.67236712598425,273.499906999814,0.26816024703074903,0.21248957149426584,0.2634422512373926,0.21453411997019622,7.950787401574804,9.89534379068758,6.248523622047244,9.860251720503442,8.058197892335565,8.28572132533262,7.972354332021552,8.272139932772436,0.0021323838424044043,0.0014317362009390769,0.0016653697247824184,0.001498739310951249,0.046177741850424045,0.037838290142910486,0.04080894172583281,0.038713554615292675,0.9743811966469288,0.9625300952255996,0.9853088525821537,0.9626326499439111
matahari_66.jpg,matahari,58.4441437007874,147.75206150412305,104.69691190944883,147.93074586149174,0.3931114497457726,0.24301966946342243,0.26152098645959954,0.2533052078185017,4.305487204724409,7.549941099882201,6.4087721456692925,7.355260710521422,7.469450490254897,7.977095616482644,7.845331660829634,7.9472094513464775,0.0017542300099248635,0.0009357179108679007,0.0010965231281048504,0.0009819844799339918,0.04188352910064842,0.03058950654829039,0.03311379060308334,0.0313366315984024,0.9837905292362469,0.9589910002757734,0.9709296529942595,0.9589433272254433
matahari_67.jpg,matahari,279.47527066929143,401.79031558063116,152.87942913385825,395.9664579329159,0.14209756545400992,0.12140605812502495,0.17038323009437206,0.11097796274941538,11.03777066929134,13.28489056978114,8.26107283464567,13.57994915989832,8.677598256318078,8.800805565181946,8.47910598353523,8.850099270438484,0.0003040178199497025,0.0002665997643979912,0.0003665079961995861,0.00024184238336856612,0.017436106788778924,0.016327883034796372,0.01914439855935898,0.015551282370549578,0.9503686486105577,0.9285811393116518,0.9730622858510676,0.9296118701982028
matahari_68.jpg,matahari,167.24452509842524,205.97563395126792,73.07701771653544,238.12660425320854,0.4087961935182232,0.3921185044634653,0.4919268170400123,0.38719610330919635,6.810839074803151,7.424204848409698,4.031619094488189,8.045508091016183,6.761454356463489,6.83735620715106,6.347435444935327,6.871878706291027,0.009369467896650639,0.00874880409318138,0.011636871540344646,0.008791207426794541,0.09679601178070633,0.09353504206008238,0.10787433216639,0.09376143891171115,0.9040161692054935,0.8821584115564682,0.9580332071772204,0.8637626471516452
matahari_69.jpg,matahari,104.7237942913386,198.8225556451113,126.00375246062994,206.7250914501829,0.4221577849844327,0.37125483614637816,0.405131383682816,0.3837966673835636,5.655142716535435,8.074958149916302,6.4369463582677175,8.180854361708725,6.2404392166077916,6.494285503675854,6.3278919099448245,6.48213164371363,0.07540498863956718,0.06658801977781276,0.07405584830700916,0.06804515531034905,0.27459968798155465,0.2580465457583433,0.27213204204394814,0.2608546631945633,0.9787070262583482,0.959617296412336,0.9743799283430584,0.9580122181556381
matahari_70.jpg,matahari,224.88736466535437,461.5061690123381,289.25916584645677,484.1220162440324,0.193627659575691,0.14261938359087442,0.17475129557221325,0.14193205360194436,9.179810531496063,13.208072416144834,10.472133366141733,13.707359414718827,8.36084767703722,8.629256335560738,8.45221693351408,8.641205503386242,0.0004689705424332725,0.0003338104512404697,0.00042190660553196116,0.00035030704322677156,0.021655727705003878,0.018270480323200857,0.020540365272603143,0.01871649121034099,0.9561104670833274,0.9101974184715135,0.9435634115982839,0.9057872846031934
