Filename,Label,Contrast0,Contrast45,Contrast90,Contrast135,Homogeneity0,Homogeneity45,Homogeneity90,Homogeneity135,Dissimilarity0,Dissimilarity45,Dissimilarity90,Dissimilarity135,Entropy0,Entropy45,Entropy90,Entropy135,ASM0,ASM45,ASM90,ASM135,Energy0,Energy45,Energy90,Energy135,Correlation0,Correlation45,Correlation90,Correlation135
anggrek_1.jpg,anggrek,441.3271407480315,672.9164858329717,349.14899114173227,576.2338644677291,0.6122315773412157,0.5682944703060414,0.6343527402382878,0.5635262184711324,6.987819881889764,9.61721123442247,5.836737204724409,8.964349928699857,4.751723953811491,4.9298663535784675,4.662403575083165,4.925083020364859,0.1752250955673786,0.16727015721995983,0.1770845108462678,0.16778975662235535,0.41859896747051184,0.4089867445528765,0.4208141048566074,0.4096214796886942,0.9757816670327066,0.9630314266467891,0.9808409685834049,0.968342960329156
anggrek_2.jpg,anggrek,191.43343996062993,286.2201624403249,120.36232775590551,250.65918531837065,0.3012812908562268,0.24378430834228698,0.33586084952445827,0.2559760516089339,7.409940944881889,9.469340938681878,5.79933562992126,8.897389794779588,7.8801391651175905,8.095151759172266,7.6860548823935675,8.061569180715765,0.0008519605662258199,0.0006593082192302397,0.0009914362480092148,0.0006757606050397171,0.029188363541415265,0.025676997862488515,0.031487080652375744,0.02599539584310493,0.9825220784701599,0.9737393386451705,0.9889600736407297,0.9770019471294279
anggrek_3.jpg,anggrek,448.2855561023622,638.7235414470831,336.9683809055118,514.4678529357059,0.7187912356274858,0.6957797720697457,0.7253767756540839,0.7030217817916116,4.329601377952756,5.83693967387935,3.6359498031496065,5.212350424700849,3.5044542142292654,3.6555823671928076,3.476126461587231,3.6171252812666514,0.3662261915588285,0.3603403788740742,0.3675726999891499,0.3602844984225524,0.605166251173038,0.6002835820460811,0.6062777416243729,0.6002370351973897,0.9628721428987709,0.9473420814512321,0.9720916417591743,0.9575860219047644
anggrek_4.jpg,anggrek,539.8357529527559,830.7131254262509,502.1491141732283,902.8780457560915,0.5004855940490598,0.4511452490189404,0.5153307235801999,0.4485947985359918,10.272022637795276,13.59761919523839,9.644685039370078,14.46214892429785,5.623298476779129,5.824149604361497,5.569562392501902,5.859514624455912,0.10089375464395461,0.09628881226886393,0.10141984749301533,0.09544060721204708,0.3176377726970686,0.3103043864802171,0.31846482928734116,0.3089346325876189,0.9622162191202855,0.9418505597218855,0.9648838393267402,0.9367967071062869
anggrek_5.jpg,anggrek,634.7185654527559,818.9892739785481,322.47969980314963,759.498666997334,0.5958892676636789,0.5889505365121803,0.7219369011959612,0.5507060715699854,7.530327263779529,8.87246574493149,4.652805118110237,8.875565751131504,5.788550808850957,5.863339599381179,5.444189306295111,5.943145648563286,0.010545810886543647,0.010635738984913396,0.013803835285893233,0.00961258510030195,0.10269279861092329,0.10312971921281176,0.11748972417149184,0.09804379174788147,0.9415952499858106,0.9249405919249196,0.9705213328605528,0.9303938476974843
anggrek_6.jpg,anggrek,233.087906003937,456.9636059272118,354.9138164370079,463.3065906131812,0.7193258990500837,0.639065521440721,0.6723189646887915,0.6395169255578365,3.7051550196850394,6.406100812201625,5.038447342519685,6.357864715729432,3.9144269326103664,4.170135016969902,4.038080488982488,4.162850513197695,0.25163847929014216,0.24355496717689445,0.2480920695483969,0.24330486400448278,0.5016358034372568,0.4935128845095075,0.498088415392686,0.4932594287030738,0.9881080135130161,0.9767321927090713,0.9819099130483935,0.976409218749202
anggrek_7.jpg,anggrek,381.2914000984252,632.2486204972411,408.90508120078744,676.4373488746978,0.6251421554076744,0.5595954012968489,0.6263294274739615,0.5510796010625097,6.493663877952756,8.995349990699983,6.355499507874016,9.341558683117366,5.547805845786902,5.7658780384497685,5.531807234248462,5.797616247039518,0.023249386159416848,0.020020668040592077,0.022742333448534085,0.019957841453285986,0.1524774939439157,0.14149440992700762,0.15080561477787915,0.14127222463487288,0.9674662728589102,0.9463367557779495,0.9653055210905186,0.9425871265013815
anggrek_8.jpg,anggrek,822.6173720472441,978.8431396862795,323.91996801181097,1017.8686837373675,0.3753184977759231,0.2815576629530485,0.46287236302218926,0.27118777805346955,11.94820374015748,14.460970921941843,6.56748277559055,14.648521297042594,7.212373795748454,7.482033902018069,6.786320734362577,7.504128119183251,0.001953965089570804,0.0013529300417147554,0.0030628889993131545,0.0013332813571200954,0.044203677330860204,0.036782197347558714,0.05534337358088278,0.036514125446463805,0.9249942265824412,0.9109565065313668,0.9704281019689953,0.9074048058766336
anggrek_9.jpg,anggrek,316.4105561023623,397.97674995349996,126.98714320866145,406.15971231942456,0.2957606715464414,0.2302663883934268,0.3648778186256633,0.2135214250012541,9.280511811023624,11.1997643995288,5.894500492125985,11.550747101494201,7.962391868768262,8.169085408405575,7.610446074152012,8.21525945509423,0.0007723355900813367,0.0005586334565315916,0.0010073544317010512,0.0005092436249724628,0.027790926398400913,0.02363542799552383,0.03173884735936469,0.02256642694297134,0.97062423049494,0.9630844725975142,0.9882056552399046,0.9623273992719367
anggrek_10.jpg,anggrek,471.57984744094483,716.5964411928825,322.22748523622056,601.2164424328848,0.28587941280250795,0.22617253450388414,0.33175913404866475,0.23751881497226154,9.787647637795276,12.90743381486763,8.070497047244096,12.051088102176205,7.600897567396908,7.861019224755758,7.443985841079874,7.8172616043659815,0.0009136201133730393,0.0006755876243477951,0.0010867618170783222,0.0007133685294712646,0.030226149496305997,0.025992068489210225,0.03296607069516053,0.026708959722745933,0.9561806591358938,0.9333913005086095,0.9701864653847508,0.9441087713363502
anggrek_11.jpg,anggrek,266.39468503936996,367.50492900985796,191.14843750000006,402.8654597309195,0.8229987617594995,0.8092331503464856,0.8346651923850494,0.8115833095553773,4.531373031496062,5.665881331762662,3.6559424212598435,5.753921507843017,2.0961239537616607,2.166619059453962,2.050738745198642,2.159365558530437,0.6109438218632296,0.6042995730978747,0.6153774267387402,0.6055503945591559,0.7816289540845002,0.7773670774466042,0.7844599586586559,0.778171185896237,0.9654332950613155,0.95261666959546,0.9751974886292168,0.9480575478580996
anggrek_12.jpg,anggrek,177.56280757874015,404.3503007006014,254.43251722440942,345.8132556265113,0.4030408636542985,0.27260811688985365,0.32738950514167076,0.28394208665769843,6.180548720472441,10.088040176080352,7.714505413385827,9.421786843573688,7.223436298833034,7.654206091700685,7.429120265444913,7.601426189198369,0.004155569285259664,0.00341902872410122,0.0037710201763176965,0.003485045844169437,0.06446370517787249,0.058472461245454854,0.06140863275075986,0.059034276858190085,0.9838254654709265,0.9633020940585686,0.9770368782472676,0.9686157020470065
anggrek_13.jpg,anggrek,209.08692175196856,273.9253518507037,128.2566437007874,319.8113956227912,0.3372702642598343,0.2972077346509594,0.3941897083126944,0.2798751412542049,6.771961122047246,7.889515779031557,4.975762795275591,8.637113274226547,7.5164417487751205,7.6602394675797125,7.244435460214803,7.732005994837046,0.0010592242864173231,0.0008931858027396379,0.0013600331155740437,0.0008608403353578978,0.03254572608526845,0.02988621425908002,0.036878626812478305,0.029340080697876376,0.9808183183381484,0.9747904648213357,0.9881969567259452,0.9705714225895675
anggrek_14.jpg,anggrek,420.5145792322835,547.0544981089963,246.86970964566927,524.4550189100378,0.5073975979497787,0.4658280026725022,0.5683144646913615,0.4616491286804979,7.839382381889763,9.666935333870669,5.5642224409448815,9.621489242978484,5.71343442199388,5.870192303261145,5.502917801783724,5.894600914296279,0.0919472472489867,0.08810125940668526,0.09391411263291277,0.08828552036172829,0.3032280449578942,0.2968185631100003,0.3064540954742044,0.29712879423194294,0.9729309932668495,0.9646530640015739,0.9840835616630359,0.9661129469161075
anggrek_15.jpg,anggrek,406.0077509842521,484.4255068510137,144.4562623031496,508.87246574493156,0.33567194166248515,0.280457676413877,0.39785342511929334,0.260588569354635,8.85679133858268,10.024738049476099,5.008058562992126,10.563457126914255,7.8158750395892564,7.955491320903583,7.437358402049359,8.019752027656452,0.0007984843240194297,0.0006309105556396989,0.001074058300460351,0.0005925126860483743,0.028257464925563115,0.025117932949183915,0.03277282869177378,0.024341583474547714,0.9624713637723992,0.955164561110164,0.986625579896952,0.9529014497670649
anggrek_16.jpg,anggrek,367.7278543307086,454.1910843821688,201.77312992125985,565.504557009114,0.2842204004962981,0.22114652138615648,0.31467114246502653,0.2174165234277242,10.32935531496063,12.030256060512123,7.553641732283465,13.363568727137455,8.442602273969918,8.61841314461999,8.219809242644171,8.673668018140082,0.00044117568703887406,0.0003257053448200765,0.0005354019497101494,0.0003268662374636424,0.021004182608206252,0.01804730852011115,0.023138754281727212,0.018079442399135056,0.9661314856047424,0.9580800683287461,0.9814196223062704,0.9478108242478737
anggrek_17.jpg,anggrek,271.3516855314961,721.3917787835577,546.1152189960629,740.5601091202182,0.2910043289551479,0.18519999480768357,0.24570604195177137,0.1977472870556889,9.26470226377953,15.985863971727944,12.798166830708661,15.597991195982388,7.871285398400671,8.368500241163481,8.115484618284507,8.324647260437537,0.0006901808847563011,0.0003768038412138577,0.0005397178152754742,0.0004068236792930897,0.026271293929997074,0.019411435835966842,0.02323182763528247,0.020169870581961843,0.9749504452195732,0.9332552096988873,0.9495812034144994,0.9314792933343481
anggrek_18.jpg,anggrek,579.9454970472441,763.4227168454337,312.97920767716533,825.1354702709407,0.24734619741817226,0.19321739507234403,0.2560185639169314,0.18318460719383794,13.079601377952756,15.786533573067148,9.868479330708661,16.61516523033046,8.310483062675388,8.50438038342926,8.144831134714746,8.56424930870249,0.0004708834490911169,0.0003529382717516752,0.0005148424603489833,0.0003299933439720559,0.021699849056874033,0.01878665142465988,0.022690140157103113,0.018165718922521508,0.9463498877012855,0.9292139366515064,0.9710862021879794,0.9234853538559754
anggrek_19.jpg,anggrek,219.97053395669292,276.04098208196416,155.88742618110234,376.1666563333127,0.38435535375857,0.3083525609558959,0.4145675690772924,0.32846853364162487,6.384411909448819,7.946741893483788,5.4736712598425195,8.827453654907313,7.129416726583347,7.374024079362255,7.052118478493058,7.399338100876236,0.002517004850904233,0.0018443335913269881,0.002801518969737158,0.002111425389693113,0.05016976032336843,0.04294570515577766,0.052929377190149875,0.045950249071067206,0.9793853001577166,0.974134549396591,0.9853360060066456,0.9647515548169037
anggrek_20.jpg,anggrek,323.1481914370079,476.14105028210065,253.2428026574803,496.29084258168524,0.4308489823884374,0.33392243371500846,0.3772715852157119,0.30212938935841205,6.479515255905512,8.308822617645237,5.810716043307087,8.956351912703827,7.327611601174026,7.567283919701396,7.308110810100565,7.6831030924029085,0.0015602147293161774,0.0011421030964078173,0.0013810845492784737,0.000989422649686641,0.039499553533124614,0.03379501585156926,0.03716294591765397,0.031455089408339645,0.9699728130841948,0.9557525373108305,0.9764994907050208,0.953879501068364
anggrek_21.jpg,anggrek,242.57055856299212,328.769483538967,187.34473425196853,354.37435674871347,0.6892572406600579,0.6501548053184745,0.7141860675018492,0.6518925944813723,5.1596333661417315,6.590923181846362,4.2858021653543314,6.658689317378633,4.7213947678919705,4.892570866226811,4.637625276045852,4.881613216513458,0.06568240309332181,0.06268903690389682,0.06886616470986848,0.06282136905522491,0.2562857840250251,0.2503777883597042,0.26242363595886037,0.2506419140032746,0.9736918885865965,0.9643668977768155,0.9798041639444289,0.9615884328925578
anggrek_22.jpg,anggrek,284.13890255905517,443.43393886787777,249.39979084645668,401.1389422778846,0.612142825589965,0.5408175073113185,0.6891037037147318,0.5732417175684256,6.413385826771655,8.759377518755038,5.206262303149606,7.72732345464691,5.000081069256657,5.241251285880529,4.861220608002721,5.157135087070555,0.023048530960343178,0.01978331738919042,0.029107277758012546,0.02214451152195751,0.15181742640534773,0.14065318122669826,0.17060855124527768,0.14881032061640587,0.9713252808727805,0.9552418578488309,0.9747904512907348,0.9595094570189079
anggrek_23.jpg,anggrek,369.88699557086625,436.4379068758137,227.4411909448819,554.0857461714924,0.4377018059591422,0.3648805285927928,0.4590105028366907,0.3403571227147766,7.61669537401575,9.053692107384213,6.047859251968504,10.269390538781078,6.241077065850849,6.443385316636909,6.100033070186956,6.513687867789174,0.006755288901202804,0.0058202678870482635,0.0074002411798768895,0.005325181770705782,0.08219056455094347,0.0762906802109423,0.08602465448856443,0.07297384305835744,0.966543242091451,0.9605531125828879,0.9794812819649452,0.9499126925583607
anggrek_24.jpg,anggrek,410.2397883858268,531.0318680637362,354.6592642716536,704.007812015624,0.3429768802241606,0.2772216930941578,0.3225852195745958,0.25382482668302275,7.918922244094489,10.205654411308823,7.80013533464567,11.5999751999504,7.948855757405063,8.22280849291942,8.024683766293148,8.324118319585455,0.0006591789306625488,0.0004945287341129584,0.0006271287566989199,0.00043576334905165323,0.025674480143959077,0.02223800202610294,0.0250425389427454,0.020874945486195964,0.9622497435674237,0.9512293169443765,0.9673756494930965,0.9353481220297392
anggrek_25.jpg,anggrek,117.3994217519685,231.93409386818777,180.77608267716533,268.10626821253646,0.471508903016274,0.2635903929853916,0.2503094657264841,0.2154357516763764,3.460322342519685,5.825841651683303,5.31040846456693,6.623721247442496,6.7576450222185525,7.221027057352898,7.061755681465334,7.31543291755481,0.0018480475803725044,0.0010534235836901214,0.0012859217002613693,0.0009760320221241845,0.042988923926664,0.03245648754394291,0.035859750421069155,0.031241511201031625,0.9891459515469245,0.9783293175530032,0.9831034702108097,0.9749496203413404
anggrek_26.jpg,anggrek,389.91892224409446,992.2603385206771,724.763841043307,828.2991505983014,0.8290260999624063,0.7514273924827921,0.7846210520879182,0.7715903283163126,3.3227116141732287,8.009114018228036,6.0405388779527565,6.811023622047244,2.674267317699045,2.9194009289500404,2.81124050117439,2.8661233314789265,0.4021019517869113,0.39041256859871276,0.39785500005570323,0.39400667492512376,0.6341150934861205,0.6248300317676102,0.6307574811729967,0.6276995100564631,0.9808772445599806,0.9510539602526463,0.9641927208329719,0.9591418082795428
anggrek_27.jpg,anggrek,167.30862450787401,252.01500403000807,100.48794291338584,219.43858887717778,0.29241818070444087,0.23677678558608273,0.33046190072083914,0.24481388778391003,7.239234744094488,9.15766631533263,5.568036417322835,8.634199268398536,7.8903594768197465,8.096388330010955,7.687442654326464,8.07541916514484,0.0008120279302082042,0.000622236534943651,0.000940075366478858,0.0006302071008258824,0.028496103772414294,0.024944669469520956,0.030660648500624672,0.02510392600423054,0.9846659533924869,0.9767823458748898,0.9907468507986094,0.9797834415653703
anggrek_28.jpg,anggrek,542.1301058070867,707.3672267344535,264.93823818897636,696.254820509641,0.2542639422121893,0.19660348809628025,0.30713720034443176,0.19941152048098842,12.120140255905511,14.792485584971171,8.339443897637796,14.327980655961312,7.778171807042821,7.988681503446426,7.471014192171004,7.945713508234129,0.0007743979721357879,0.0005871445185757257,0.00105755735193111,0.0006065894703554551,0.027828006973834613,0.02423106515561637,0.03252010688683403,0.024629037138212594,0.950291573228614,0.9349414039510303,0.9756966455695175,0.935966240256946
anggrek_29.jpg,anggrek,703.1412401574803,985.1685783371566,587.2747293307086,930.008556017112,0.7070408052746312,0.6740619272782438,0.7284367550781423,0.6870971354014939,6.992987204724409,9.345774691549384,5.7704232283464565,8.757765515531032,3.616167785997619,3.7449899101138597,3.5226635979224437,3.72245873628695,0.3478159956808195,0.3386168158659091,0.34998796590610765,0.3403731541792553,0.5897592692623148,0.5819079101248832,0.5915978075568804,0.5834150788068948,0.965900322004434,0.9523566397996632,0.9715266245692199,0.9550242125073599
anggrek_30.jpg,anggrek,268.9750861220473,390.5725711451423,171.4464812992126,340.1881703763408,0.6601908913381344,0.6210046767652714,0.6811631257004789,0.6411301953747709,5.385273129921261,7.218364436728873,4.038385826771654,6.489614979229959,4.4309609572648405,4.590077687085657,4.318714119260315,4.52881209727245,0.1865295451782311,0.17920476017032383,0.18931889420175327,0.17991527836239374,0.43189066345341515,0.4233258321557094,0.43510791098502594,0.42416421155301837,0.9802472025553812,0.9713794995546781,0.987419539245387,0.9750715836158113
anggrek_31.jpg,anggrek,152.55862450787401,352.96410192820383,201.27349901574803,241.73451546903095,0.5594276639990529,0.34612565568266174,0.3512489778905802,0.3086412353997207,4.5783095472440944,8.264244528489057,6.306594488188976,7.162874325748652,6.971612518692503,7.5733758945239185,7.413295579400349,7.526375483969636,0.002951641462364956,0.001487793477167957,0.0015362665002673754,0.0014149686058687635,0.05432901124045012,0.038571926023572595,0.039195235683273745,0.0376160684531061,0.9857575211687549,0.9668561125161284,0.9811423651863194,0.977303042497371
anggrek_32.jpg,anggrek,232.9718873031496,352.03403806807614,189.6202632874016,378.56841713683434,0.3908697272154944,0.3379783713989434,0.3996380333394238,0.3329368649358855,7.331754429133857,9.716473432946866,7.090735728346457,10.291772583545168,7.243682780946351,7.491243211806063,7.2392809511473475,7.529509929341385,0.007200629086316766,0.0064169205776566434,0.00819839627960506,0.006486007144002632,0.08485652058808897,0.08010568380368925,0.09054499588384253,0.08053575071980537,0.9794630841056634,0.9688435945757355,0.9832141802388005,0.9664952623066383
anggrek_33.jpg,anggrek,85.67784202755905,230.2692045384091,159.70238681102362,198.26728253456508,0.38163995684190766,0.253392499066039,0.36537915752647676,0.35828412037038193,4.401636318897638,8.048360096720193,6.119463582677165,6.836691673383347,7.438370770961775,7.969076010351056,7.672043235131337,7.745354740441213,0.0010127544669151839,0.0006043138132528358,0.000934614784268631,0.0009111315885227095,0.0318238034639982,0.02458279506591624,0.030571470103163686,0.030184956327990762,0.9920656629912322,0.9786650872442214,0.9852923582738615,0.981627541514305
anggrek_34.jpg,anggrek,233.00910433070865,320.3709467418935,106.9942790354331,284.8593217186435,0.3544719287321105,0.2936375048254848,0.3728226976491928,0.2868803101332556,7.039616141732283,8.699175398350798,5.165415846456694,8.452848905697811,7.506148854998414,7.722975649451426,7.346356641470129,7.710425393111857,0.001594183486218535,0.0012880027000056482,0.001773811286880387,0.0012112069608229987,0.0399272273795531,0.03588875450619105,0.04211663907389082,0.03480239877972492,0.9787989047572121,0.9709316378903005,0.9902981140125858,0.9741557651676438
anggrek_35.jpg,anggrek,481.4410679133859,736.6132432264865,395.3466412401575,687.9594519189037,0.49723798575719913,0.3901995486461087,0.5156386311176336,0.4711294832530047,7.716904527559056,10.606299212598426,6.894746555118111,9.669043338086674,6.617097636618473,6.9304153895422616,6.537754565716703,6.741750563431119,0.007137096366477892,0.00599977571707887,0.007447059144606572,0.006670389185530059,0.0844813373857084,0.07745821917058815,0.08629634490873048,0.0816724505909432,0.9550479976416583,0.9314343825387855,0.9630985781174158,0.935959932275747
anggrek_36.jpg,anggrek,1022.7872785433071,1462.1717403434807,1036.132874015748,1476.8423336846674,0.6758199702069543,0.6007086735035438,0.6775273894493381,0.6056580975928088,12.955339566929135,17.688883377766754,12.968873031496063,17.67871535743071,3.6609625990212042,3.8298069520834845,3.6682890214348225,3.840805481817945,0.1285836347917813,0.1122395886679057,0.12868748045845704,0.11336371138239207,0.3585856031574348,0.3350217734236175,0.35873037292436927,0.33669527971504454,0.9343171773884671,0.9063020158025994,0.9335034235435128,0.9053622122666619
anggrek_37.jpg,anggrek,166.7093380905512,231.6301072602145,96.78789370078741,227.50852501705003,0.4018325707084969,0.32341629513370407,0.40810493477270543,0.3399921792849145,5.477669783464567,7.225990451980903,4.53531003937008,6.797755595511191,7.292336970245758,7.593535087876379,7.217593414511908,7.523651647453356,0.0017299260672740094,0.0013589766779012753,0.0017892886127569131,0.0014199023996039188,0.041592379918369775,0.036864300860063454,0.0422999836023244,0.03768159231778719,0.9847163768827077,0.9787719815701806,0.9911235466338982,0.9791489425718202
anggrek_38.jpg,anggrek,205.30327263779532,303.33889267778534,109.72527066929132,279.02325004650015,0.2685967133708951,0.2136389501802453,0.3196689276530371,0.2191086003943465,8.292076771653544,10.356190712381427,5.889886811023622,9.95201190402381,8.323409049162041,8.52260645362558,8.037822427244667,8.49459719236635,0.00043234717817091896,0.00032908423433562105,0.0005564458150400676,0.0003392689530744553,0.020792959822279244,0.018140678993235647,0.02358910373541283,0.018419254954380085,0.9810594394495062,0.9718990584381958,0.9898197953961033,0.9741507105791907
anggrek_39.jpg,anggrek,623.9418061023623,747.7237274474548,324.7882627952756,697.750759501519,0.8589292407738857,0.843101438345385,0.8785456156382551,0.845616909895396,3.856053149606299,4.6268212536425075,2.2117372047244093,4.376588753177507,1.9724182699957566,2.0458820677088583,1.9010757552596678,2.0256007892950203,0.5979179946641142,0.593318628078139,0.6035760376574464,0.594187469731502,0.773251572687773,0.7702717884475186,0.7769015623986391,0.770835565948732,0.9648763439793488,0.9581263170227942,0.9817084217545232,0.9609248803696357
anggrek_40.jpg,anggrek,310.62992125984255,540.3183086366173,392.36601870078744,534.0825841651683,0.7187738278612861,0.6531392236755947,0.7141691704443924,0.6732640444462866,3.8369832677165356,6.073904147808296,4.3639271653543314,5.866203732407465,4.025152214317315,4.246305205688769,4.018795760593781,4.1992829671422545,0.2536512525417629,0.2444829240207182,0.25156740657719595,0.2444761124254718,0.5036380173713685,0.4944521453292707,0.5015649574852653,0.4944452572585481,0.9843179763511402,0.9727429936183096,0.9801915631330064,0.9730575622327652
anggrek_41.jpg,anggrek,294.90514271653547,436.741707483415,279.0706815944882,440.6451732903465,0.6707845838219049,0.6243440901977306,0.6836486746954912,0.6338913688053954,4.833538385826771,6.428234856469714,4.403604822834646,6.701097402194804,4.254689288455086,4.392318658874508,4.21079065610191,4.420472107386335,0.2265352954778175,0.22094670787394774,0.22518508232817247,0.22163421386796894,0.4759572412284716,0.47004968660126534,0.47453670282515814,0.4707804306340366,0.9846869706012061,0.9773651827553081,0.9855200364887966,0.977162339487755
anggrek_42.jpg,anggrek,784.3158218503936,1089.594209188418,543.5199926181103,1116.6475912951823,0.4821112165429009,0.4041026040474166,0.46147065518033,0.39689507426864745,11.290231299212598,14.341806683613365,9.355376476377955,14.464442928885855,7.112753422160623,7.375963845739696,7.086884115382805,7.378318727978117,0.004052855090573462,0.00319030404320341,0.00362747460114061,0.003069767253056732,0.06366203806487397,0.05648277651818659,0.060228519831892015,0.055405480352188376,0.9280647355277004,0.9000540711780867,0.9499966628250378,0.8975699560973666
anggrek_43.jpg,anggrek,488.2537524606299,637.3461466922935,198.8798597440945,590.5481430962863,0.2630292492408597,0.20670222140119102,0.29955095225308237,0.21753477713212832,10.949987696850393,13.188294376588754,6.893147145669292,12.433070866141733,8.294493761048596,8.498160326697397,7.981018937185786,8.42849092860066,0.0004485264707834103,0.0003254266537053131,0.0005525216128557257,0.00035669579678176033,0.021178443540152102,0.01803958574095628,0.02350577828653469,0.01888639184126392,0.9549635684321643,0.9412087329429061,0.9816680438304848,0.9455200350519948
anggrek_44.jpg,anggrek,316.33476870078744,527.8702337404675,316.29263041338584,461.1742203484407,0.6931248464093299,0.62930626249641,0.6810321587941316,0.6540617909872068,4.914985236220472,7.558993117986237,5.003752460629921,6.807799615599231,3.934179841254553,4.158738309806356,3.9727028363103227,4.096755778539954,0.24031296121674278,0.2320071951818527,0.23932891927063155,0.23487253577520362,0.4902172591991665,0.4816712521854016,0.4892125501973877,0.4846364985999338,0.9836614657419571,0.9727797456105939,0.9836586930447777,0.9762190046088248
anggrek_45.jpg,anggrek,539.7807578740158,880.3952507905017,628.3692790354331,954.0530101060202,0.7402334111288064,0.7024562513882419,0.7436479239129717,0.6989780642736455,5.30634842519685,7.67753735507471,5.464505413385828,8.275962551925105,3.4414570822394364,3.5909397103576786,3.4246295346772597,3.6183340775787145,0.34985217223852416,0.34078058905699304,0.348799212674109,0.3391930414588091,0.591483027853314,0.5837641553375755,0.5905922558534856,0.5824028171796639,0.9737747761125582,0.9573382677293014,0.9694857767554345,0.9537689985802951
anggrek_46.jpg,anggrek,381.2391117125984,510.30913261826527,273.21512057086613,637.4411928823858,0.3011978166481829,0.2514246872803706,0.3297496488187004,0.2362652059435393,9.401513287401574,11.458862917725835,7.926488681102362,12.662843325686651,7.677212360152831,7.868751061372,7.528796213772085,7.926208595643976,0.0008835566377187442,0.0007355023700065381,0.0010854089701343465,0.0006536940347735244,0.029724680615924946,0.027120146939250498,0.03294554552795183,0.025567440911704955,0.9646962191070894,0.9528395079863069,0.9747194403112592,0.9410930409961789
anggrek_47.jpg,anggrek,150.20810777559055,285.5586831173662,149.60796013779526,236.1675243350487,0.3519991336920349,0.2762735256458424,0.37206384107572416,0.278478676127583,6.310716043307087,8.845681691363382,5.909756397637795,8.25978051956104,7.505959556894506,7.800044068823231,7.4236618592840244,7.761023822987587,0.0010230512404384184,0.0007306185484712712,0.0011015371762188838,0.0007549473217862673,0.03198517219647908,0.02702995650146835,0.03318941361667729,0.027476304733101708,0.986201256441571,0.9736615968970077,0.9861487623533226,0.9782161704272706
anggrek_48.jpg,anggrek,386.2081077755905,462.0977741955485,196.20226377952756,585.721681443363,0.3085339294986809,0.26390762382098737,0.35420326851553824,0.24749147803073912,9.760150098425196,11.628185256370514,7.464812992125984,12.733647467294936,7.246121368696738,7.4181792474642565,7.015831002672961,7.482920968165932,0.0015785793900689362,0.0013400679662665049,0.0019204636797945471,0.0012551229144866375,0.039731340149420286,0.036606938772130414,0.04382309527856912,0.035427713932550564,0.9646666553787172,0.9575983964130588,0.9820084516164123,0.946255895160596
anggrek_49.jpg,anggrek,260.97354822834643,390.2732965465931,182.49766240157484,371.84822369644746,0.2946689474423314,0.25037239450084425,0.32016423198722277,0.22804862978975637,8.255782480314961,10.557505115010231,6.512918307086616,10.253084506169014,7.748262311658504,7.95549120301287,7.554658293707089,7.975684415288508,0.0008258931923137284,0.0007005967883843512,0.0009409211323305462,0.0006167222948867127,0.028738357508976194,0.02646878894819994,0.030674437767146543,0.024833894074162286,0.9758460065006105,0.9638172204093362,0.9831067210703794,0.9655279276867463
anggrek_50.jpg,anggrek,149.95318651574806,213.14594829189662,86.5423843503937,206.85671771343544,0.400387058838123,0.3231536528304012,0.4038881961576898,0.3354539780959386,5.3682947834645685,7.081716163432327,4.464382381889763,6.693409386818774,7.327837274913541,7.627260574010146,7.246551523928916,7.556011038016116,0.0017282496723196577,0.0013672912831596633,0.0017657206945273264,0.0013904514758003414,0.041572222364454584,0.03697690202220385,0.04202047946570013,0.03728875803510143,0.9861917770099906,0.9803800367952803,0.9920282772320799,0.9809582024288637
anggrek_51.jpg,anggrek,496.7827263779527,567.3173786347573,236.21684301181102,702.223758447517,0.35980450319697976,0.3048529484502837,0.3923796514745047,0.28142199497083464,10.330954724409448,11.756215512431025,7.289923720472441,13.257052514105029,7.033049542736187,7.2106048216207475,6.79585582855124,7.294272949982583,0.0026913537103441395,0.0022738023652003657,0.003070186804436109,0.0018849936639671158,0.05187825855157572,0.04768440379411664,0.05540926641308391,0.04341651372423995,0.9534897035467473,0.9470742767435288,0.9779054276245054,0.934487177657239
anggrek_52.jpg,anggrek,337.50658218503935,430.5307830615662,140.45890748031496,418.69353338706685,0.3061133353284009,0.24365646648675368,0.4120740438417783,0.23186125784727696,9.84737942913386,11.804017608035217,5.602731299212598,11.567239134478271,7.207825180238903,7.399865937209567,6.71015522307409,7.383081513151603,0.0015134383906463126,0.0011504772839045338,0.0023473956860023096,0.001121406917623185,0.03890293550165993,0.03391868635287242,0.04844992968005536,0.03348741431677258,0.9689265174840719,0.9604680583602694,0.9871047738058248,0.9615524173154387
anggrek_53.jpg,anggrek,115.63625738188975,172.23733647467296,84.40415846456693,178.79849959699922,0.3208559590963695,0.283116031318465,0.4061285003269979,0.27267348760948545,5.845780019685039,7.125798251596503,4.441313976377952,7.524521049042098,7.881340656638719,8.016440739829642,7.58287556633352,8.09370008693635,0.0012534268842951746,0.0011621323385247056,0.0018153105764219342,0.0010594913619612098,0.03540376935151361,0.03409006216663011,0.04260646167451522,0.03254982890832469,0.9894009960264208,0.9842053055414484,0.9922966213762435,0.9836034190108649
anggrek_54.jpg,anggrek,315.2509842519685,404.1621303242607,186.2722687007874,457.6170872341745,0.343974961873977,0.2920849641926553,0.4352089622962905,0.291797713754103,6.6578494094488185,8.104470208940418,4.855437992125984,8.437844875689752,7.591948537671212,7.779125615757556,7.291794260907871,7.775634666685413,0.0009113174354278395,0.000743236528943143,0.0012740109708735043,0.0007551183804705014,0.03018803464003312,0.02726236469830053,0.03569329027805512,0.027479417396853622,0.970738202184562,0.9624882944637202,0.9827756680284052,0.9575275848037511
anggrek_55.jpg,anggrek,247.44531250000003,191.16008432016866,148.23129921259843,427.477896955794,0.5367389173679412,0.48576987051449316,0.6944996218812807,0.5101780251378965,5.7403420275590555,6.048174096348193,3.6910679133858264,7.280612561225123,5.523532205375366,5.651246383917099,5.2013768720631255,5.64637692505582,0.01307601687469,0.01155585980339299,0.017674018197157488,0.012315929275667839,0.11435041265640453,0.1074981851167404,0.1329436655021874,0.11097715654884946,0.9764795709086364,0.9818729740900223,0.9860813879196559,0.9594602783088164
anggrek_56.jpg,anggrek,254.2135211614173,308.1388182776366,114.85574557086613,345.3106206212413,0.3238322401919047,0.29490895568619957,0.42403428859056946,0.2872191879489965,7.327448326771654,8.405046810093621,4.690883366141732,8.791679583359166,7.485010138443654,7.614174298456462,7.0976115800558155,7.638843797150358,0.0020723723088071173,0.0019608437753672577,0.0029179413827577654,0.0019198223652817819,0.04552331610073147,0.04428141568838171,0.05401797277534363,0.043815777583899866,0.9766090017034776,0.9716206953208608,0.9894932827072564,0.9681973951838326
anggrek_57.jpg,anggrek,355.7564591535433,459.7050654101308,196.3407972440945,511.86725773451553,0.2860509400778505,0.22883166592095058,0.3403857931111156,0.2359028243448644,9.465243602362204,11.361708723417447,6.357775590551181,11.526877053754108,7.961324218775935,8.1637131113492,7.645850664868596,8.15661682783986,0.0006157478135268772,0.0004639092296350629,0.0008384699386586273,0.0004939944159756879,0.024814266330618708,0.021538552171282612,0.028956345395415965,0.02222598515197218,0.9672484751292546,0.9576942452999158,0.9819055242261084,0.9528937292329689
anggrek_58.jpg,anggrek,306.957000492126,479.5480190960382,235.03371062992122,384.17589435178877,0.5182192942790463,0.4609064687846354,0.5489567527040218,0.48612195880510667,7.2936146653543314,10.128588257176514,5.923228346456693,8.597991195982393,5.743036917378513,5.950099593368764,5.620328489208622,5.877285129990613,0.1215274367804595,0.11559728804868978,0.12094865669223527,0.11863174802051756,0.3486078553051545,0.3399960118129179,0.34777673397200576,0.34442959806108064,0.9814645586659224,0.9709617846197607,0.9857860953729538,0.9767379948894306
anggrek_59.jpg,anggrek,206.40944881889766,553.8538657077315,427.28198818897636,491.46816293632594,0.4292444009378842,0.28943350144043745,0.3617774933077162,0.3181955887063228,5.702878937007874,10.580135160270322,8.630167322834644,9.860127720255441,6.8017035941812525,7.3335278369399735,7.108077425053427,7.24642320079937,0.0028623573482498524,0.0016688408353566662,0.002048058905688124,0.0017087186508677687,0.053501003245264966,0.0408514483875011,0.04525548481331433,0.041336650213433704,0.9804937977523882,0.9472910563728542,0.9594080136744194,0.9532315734093469
anggrek_60.jpg,anggrek,266.3334153543308,532.4284208568417,279.2512918307086,373.7313534627069,0.32753459112985056,0.2500786903190972,0.3035131755628579,0.22671855102973576,6.900098425196852,10.699237398474798,7.740834153543307,9.71734143468287,7.687927973792439,8.061326624491363,7.824614160627052,8.066834063781418,0.0008065522112489541,0.0005504245616960452,0.000714238855235523,0.0005194475637881773,0.028399862873770255,0.023461128738746676,0.02672524752430785,0.02279139231789443,0.9754296595796513,0.9508615694790467,0.9742524982615923,0.9655088198626577
anggrek_61.jpg,anggrek,374.3264025590552,507.7099014198029,226.16953740157484,531.7980035960072,0.29676903442172153,0.2271244809321062,0.3301690416235763,0.23695178918443277,9.269315944881892,11.92962985925972,7.359867125984254,11.320478640957283,7.894411121228734,8.151672990915166,7.732729612482784,8.08310412351112,0.0010867201910185074,0.0007878040432130217,0.001155280203626814,0.0008190597322356528,0.032965439342112636,0.028067847142469293,0.03398941311094992,0.02861921963009566,0.9651111820031865,0.9528283703151228,0.9788961756907371,0.9505875825177117
anggrek_62.jpg,anggrek,559.0003075787403,777.4083328166657,353.0059670275591,806.6850393700788,0.26139655714771726,0.19351473340272946,0.2872255329484536,0.19467166399030683,12.971395177165357,16.162254324508652,9.870140255905513,16.148738297476598,8.109805978005706,8.346951034796454,7.889711586953492,8.341552872704355,0.0006184667520702232,0.00042444464577688537,0.0007228440970553819,0.0004369357737413472,0.024868991778321515,0.020602054406706274,0.0268857601167492,0.020903008724615393,0.9479506096469731,0.9275737487622104,0.9671444701500357,0.924850353437086
anggrek_63.jpg,anggrek,450.1765501968505,710.6996713993428,294.4292568897638,566.1671523343048,0.2897903800931927,0.22533308553103143,0.27813638498247883,0.17761829396039053,11.099286417322837,14.270506541013084,8.801550196850393,13.702771405542812,7.995502102718663,8.22008488964715,7.845267835347141,8.264869268540183,0.0006283737543061026,0.0004685662542631428,0.0006628249950835839,0.0004039464337841194,0.025067384273316246,0.02164639125265786,0.025745387841001423,0.020098418688646116,0.9585587857506234,0.9344053786225712,0.9728847918875773,0.9477458141936331
anggrek_64.jpg,anggrek,855.9502337598425,997.7562775125551,522.8544537401574,1131.4516089032177,0.7162763509798621,0.6917280859724692,0.7460746581573434,0.6862587672182008,7.465120570866143,8.614235228470458,4.936761811023622,9.543369086738174,3.5352664734653985,3.632062854985305,3.4314880290210406,3.655106362328382,0.3609091606000594,0.3544692834937161,0.3636450863599969,0.35210604626677666,0.6007571560955886,0.5953732304140958,0.6030299216125158,0.5933852427106497,0.9585621802933499,0.9518449863599041,0.9746853218797946,0.9453924080581322
anggrek_65.jpg,anggrek,362.75682824803147,461.25798251596507,151.11767962598427,424.21780643561294,0.4821228152206466,0.4435925739008595,0.5566825879600956,0.4467015281163651,7.400652066929133,8.891189782379566,4.52220718503937,8.38731477462955,6.008228072972537,6.146022005789263,5.706811590010376,6.103790362038558,0.08281770060854575,0.08123227685478249,0.08562695634912755,0.08098104354185025,0.28778064668866415,0.28501276612597987,0.29262084059261323,0.2845716843641515,0.9750558200797728,0.9682474302517933,0.9895687591137713,0.9707969612636622
anggrek_66.jpg,anggrek,130.072281003937,216.3673507347015,109.54096948818899,195.6783433566867,0.4029746859354623,0.3036701025888329,0.39266147799080686,0.30310315333077953,5.071665846456693,6.824291648583298,4.748277559055119,7.031806063612127,6.5705553827672825,6.823945457690717,6.5349039913474,6.893941227860864,0.002534194521514043,0.0019050997863915252,0.0027731451336926124,0.001854987279941699,0.05034078387862115,0.04364744879590931,0.0526606602094259,0.04306956326620574,0.987863300583885,0.9797026672906499,0.989745027819597,0.9816451505549315
anggrek_67.jpg,anggrek,229.24397145669292,478.29115258230513,245.99317175196853,335.60667121334245,0.31857831417541843,0.24452842346436268,0.29339849504016935,0.22214584638554918,6.820989173228346,10.595945191890383,7.688914862204726,9.595263190526381,7.722041913868653,8.099155184470115,7.8578009629286125,8.097957769539772,0.0007539179507069952,0.0005121554666198177,0.0006597976452788845,0.0004822221188865467,0.027457566365338994,0.02263085209663608,0.02568652653199503,0.021959556436470812,0.978834526635853,0.9558340267844235,0.9773087252072071,0.9690111379642788
anggrek_68.jpg,anggrek,196.75695127952756,226.85398970797942,96.10285433070865,270.82212164424334,0.33799507070168155,0.2802879137877271,0.3896426550524087,0.2715102208986796,6.110789862204724,7.316510633021267,4.6140501968503935,7.814371628743258,7.477694775693344,7.671737768432241,7.274936061924945,7.7174894021533085,0.0011494014687248124,0.0009077949831763016,0.0014543350619904366,0.0008821015844028092,0.033902823904872766,0.030129636293461985,0.03813574520040793,0.029700195022976012,0.9814989139964561,0.9786349131551081,0.9910386226280857,0.9744953098759717
anggrek_69.jpg,anggrek,380.7894315944882,655.4074028148057,469.2740526574804,680.2161324322649,0.7046381725145606,0.6427051181609491,0.6836000446838242,0.6317319178073879,5.308870570866142,8.411308822617645,6.2404650590551185,8.751069502139003,3.9787871604236766,4.203501665707637,4.050453471594963,4.230642405746156,0.21981582201689792,0.21203259958755022,0.21959585856427574,0.21141843932891163,0.4688452004840168,0.4604699768579383,0.46861056172932736,0.4598026090931973,0.979997268012038,0.965659572374921,0.9753935950742443,0.9643597054826039
anggrek_70.jpg,anggrek,209.08692175196856,273.9253518507037,128.2566437007874,319.8113956227912,0.3372702642598343,0.2972077346509594,0.3941897083126944,0.2798751412542049,6.771961122047246,7.889515779031557,4.975762795275591,8.637113274226547,7.5164417487751205,7.6602394675797125,7.244435460214803,7.732005994837046,0.0010592242864173231,0.0008931858027396379,0.0013600331155740437,0.0008608403353578978,0.03254572608526845,0.02988621425908002,0.036878626812478305,0.029340080697876376,0.9808183183381484,0.9747904648213357,0.9881969567259452,0.9705714225895675
anggrek_71.jpg,anggrek,278.45263287401576,708.6391592783186,570.542999507874,684.9045198090396,0.39485194421710607,0.2789110045659122,0.3799691450451137,0.2816413563270445,8.732898622047244,15.479384958769916,12.559608759842522,15.153264306528614,6.4802163385423395,6.945703106822885,6.677776308572707,6.929309923188317,0.006822687168323555,0.0038724956859672545,0.006081470842140905,0.0039272479189759665,0.08259955912911131,0.06222937960455057,0.07798378576435556,0.0626677582092735,0.9754466758421447,0.9372894360804657,0.9497108445446147,0.9393896514117976
anggrek_72.jpg,anggrek,254.80437992125982,516.9338458676917,304.6630167322835,424.6579453158907,0.4152619852630023,0.3578053850577697,0.4383391523463577,0.3620281277624166,6.734498031496063,9.896707793415588,6.688361220472441,8.951329902659806,6.972653486838211,7.226212556906745,6.887827167519794,7.18896881243035,0.011400507420155463,0.010889326757263472,0.012305567701955716,0.011176186404700915,0.10677315870646266,0.10435193700772148,0.11093046336311643,0.10571748391208009,0.9801622256159084,0.9597355474416451,0.9762879636734259,0.9669228165678471
anggrek_73.jpg,anggrek,316.4105561023623,397.97674995349996,126.98714320866145,406.15971231942456,0.2957606715464414,0.2302663883934268,0.3648778186256633,0.2135214250012541,9.280511811023624,11.1997643995288,5.894500492125985,11.550747101494201,7.962391868768262,8.169085408405575,7.610446074152012,8.21525945509423,0.0007723355900813367,0.0005586334565315916,0.0010073544317010512,0.0005092436249724628,0.027790926398400913,0.02363542799552383,0.03173884735936469,0.02256642694297134,0.97062423049494,0.9630844725975142,0.9882056552399046,0.9623273992719367
anggrek_74.jpg,anggrek,459.67015255905517,581.6321532643066,255.4715182086614,652.7981275962552,0.2670222177746504,0.2085896863034532,0.3183295647427941,0.23092674284861814,10.497785433070867,12.553971107942218,7.382689468503936,12.529047058094118,8.241158310227412,8.435229337484213,7.947609312921601,8.376728739144927,0.0005473088949107588,0.0004081325665286336,0.0007005268527138617,0.0004556907247610763,0.023394633891359762,0.02020229112077721,0.026467467818321072,0.021346913705757944,0.9575706172440399,0.9463197855350044,0.9765158838377911,0.9397514130879003
anggrek_75.jpg,anggrek,358.93491633858275,517.5509331018662,188.37967519685043,456.89131378262755,0.2850477475480351,0.21094531290967705,0.30286485330641466,0.22111358897491534,9.9341781496063,12.56190712381425,7.338213582677167,11.843139686279374,8.176505704595373,8.421624662472588,7.968811156053187,8.365212890625383,0.0005811319606037651,0.00040028116512305943,0.0006498073909233758,0.00041969728678746836,0.02410667875514512,0.020007027893294383,0.02549131991332296,0.02048651475452739,0.967012063447511,0.9522878660509507,0.9826565035596028,0.9578789773162527
anggrek_76.jpg,anggrek,207.36023622047247,327.46531093062185,210.74095718503935,387.08934217868443,0.6140519799097791,0.5794195842433338,0.6284389565908719,0.5625485182070732,5.87130905511811,7.793167586335171,5.53414124015748,8.658193316386633,4.803022850057637,4.9557543000203195,4.773686184541411,5.005764196835729,0.15872272986001051,0.15652567488407335,0.16194111300576117,0.15395158956974248,0.398400213177667,0.39563325806114097,0.4024190763442523,0.3923666519592898,0.9853166792323355,0.976848940523229,0.9850284622840282,0.9726329481800476
anggrek_77.jpg,anggrek,334.86811023622045,518.9505859011718,274.6454232283465,461.8897637795275,0.5815740137771828,0.5304938997199351,0.6087950630990984,0.547242763675831,6.534448818897638,9.1246822493645,5.285925196850394,8.162068324136648,4.929368958789542,5.122251869429935,4.80245608876405,5.062331861115716,0.15325914489719603,0.14574678861057141,0.15368278466049123,0.14713421292426315,0.3914832626016035,0.3817679774556418,0.392023959293933,0.38358077757398523,0.9809527010513297,0.9704546976416888,0.9843649606482888,0.9737033291842667
anggrek_78.jpg,anggrek,219.5591781496063,386.76892553785103,250.46136811023624,362.0416640833281,0.5275208312416182,0.46159293864875744,0.5050786268354148,0.4599460261574285,5.505536417322835,8.171244342488684,5.988927165354331,7.834583669167338,5.7486907653143575,6.028249524504513,5.817873818500963,6.013118797722161,0.08065841119475207,0.07447697529160323,0.07704048788224528,0.074986426493406,0.28400424502945737,0.27290470001742956,0.2775616830224325,0.2738364959120789,0.985293140976359,0.9739278180751314,0.9831271975634608,0.9755946884377118
anggrek_79.jpg,anggrek,124.81219242125985,183.95287990575983,94.85789862204724,196.65825531651063,0.32501915706311574,0.28820258560607287,0.4063339035254805,0.2771640716760764,6.0907357283464565,7.420422840845682,4.72281003937008,7.906565813131625,7.938962545268283,8.078453384895038,7.654507252767734,8.162343780642018,0.001571397002657287,0.0015027639950499693,0.0021930765297077472,0.0013420284141082875,0.039640850175762965,0.038765500061910325,0.04683029499915356,0.036633705983810695,0.9885804362318306,0.9831624066946567,0.9913578936887423,0.9819993052147881
anggrek_80.jpg,anggrek,579.9454970472441,763.4227168454337,312.97920767716533,825.1354702709407,0.24734619741817226,0.19321739507234403,0.2560185639169314,0.18318460719383794,13.079601377952756,15.786533573067148,9.868479330708661,16.61516523033046,8.310483062675388,8.50438038342926,8.144831134714746,8.56424930870249,0.0004708834490911169,0.0003529382717516752,0.0005148424603489833,0.0003299933439720559,0.021699849056874033,0.01878665142465988,0.022690140157103113,0.018165718922521508,0.9463498877012855,0.9292139366515064,0.9710862021879794,0.9234853538559754
anggrek_81.jpg,anggrek,223.87081692913384,332.33207266414536,122.81317667322837,282.9185938371877,0.4449073785384273,0.39121812181090354,0.5115927816236829,0.42264600701370314,6.624753937007874,8.550189100378201,4.635519192913387,7.300514601029203,7.06604390095128,7.265428043783381,6.78491807286761,7.142448965397134,0.011099388287643761,0.010283129376476373,0.012045255352717742,0.011086188394709234,0.10535363443015984,0.10140576599225694,0.10975087859656406,0.10529097014801048,0.9804139679182564,0.970934109045559,0.9893097890632853,0.975254658590941
anggrek_82.jpg,anggrek,219.97053395669292,276.04098208196416,155.88742618110234,376.1666563333127,0.38435535375857,0.3083525609558959,0.4145675690772924,0.32846853364162487,6.384411909448819,7.946741893483788,5.4736712598425195,8.827453654907313,7.129416726583347,7.374024079362255,7.052118478493058,7.399338100876236,0.002517004850904233,0.0018443335913269881,0.002801518969737158,0.002111425389693113,0.05016976032336843,0.04294570515577766,0.052929377190149875,0.045950249071067206,0.9793853001577166,0.974134549396591,0.9853360060066456,0.9647515548169037
anggrek_83.jpg,anggrek,379.84510334645677,610.1499782999567,446.22440944881885,850.6660673321348,0.25455863848716975,0.20947369363458895,0.25191854187979945,0.19219586788193305,11.247785433070868,14.64163928327857,11.919291338582678,17.01773203546407,8.258331306250549,8.487158753650402,8.309540147492044,8.597599879062424,0.0004792029847731573,0.00036141624766354504,0.0004537978436308435,0.0003262550390188511,0.021890705442565283,0.019010950730133015,0.021302531390209087,0.018062531356895995,0.9648761983893679,0.9436690228324389,0.9588901494968063,0.9214547430142823
anggrek_84.jpg,anggrek,219.24557086614172,330.43908487816975,216.80155019685043,347.59873519747043,0.5933368975513355,0.549212357333672,0.6215620974559621,0.5435588995818943,4.76156496062992,6.440448880897763,4.494955708661417,6.732965465930933,4.904294891299202,5.095955247773876,4.832062279164825,5.113802982245787,0.13252438333489946,0.1267417055883154,0.13254368268990446,0.12607658521783657,0.3640389860096024,0.35600801337654664,0.36406549230860163,0.3550726478030046,0.9867704917306288,0.980004046050678,0.9869231545213633,0.9789656592699564
anggrek_85.jpg,anggrek,323.1481914370079,476.14105028210065,253.2428026574803,496.29084258168524,0.4308489823884374,0.33392243371500846,0.3772715852157119,0.30212938935841205,6.479515255905512,8.308822617645237,5.810716043307087,8.956351912703827,7.327611601174026,7.567283919701396,7.308110810100565,7.6831030924029085,0.0015602147293161774,0.0011421030964078173,0.0013810845492784737,0.000989422649686641,0.039499553533124614,0.03379501585156926,0.03716294591765397,0.031455089408339645,0.9699728130841948,0.9557525373108305,0.9764994907050208,0.953879501068364
anggrek_86.jpg,anggrek,251.5623769685039,380.6764833529667,241.2885703740157,395.62496124992253,0.6786039717296791,0.6039675407443519,0.6521498891716393,0.6131109656013627,4.33427657480315,6.293322586645173,4.251906988188976,6.352842705685411,4.624990216524006,4.8668288713921335,4.640979633666185,4.842153269226056,0.16824816681859925,0.16185671685622002,0.16701069974405575,0.16094321158820257,0.410180651443482,0.402314201658629,0.4086694259961904,0.40117728199413605,0.985954724232279,0.9787334741184001,0.9865168716446161,0.9778983760601061
anggrek_87.jpg,anggrek,216.79675196850397,416.9371938743878,291.8391978346457,434.7996775993553,0.4566223900310261,0.38035008725699887,0.42981099180057125,0.38317413503773745,6.674581692913387,10.224440448880898,7.930487204724409,10.278008556017113,6.57807565890894,6.901396582817041,6.707493608413513,6.897580868017955,0.05419251506227623,0.04958254934799905,0.05082895346454755,0.050213823163091795,0.23279285870119862,0.22267139319634,0.22545277435540143,0.22408441079890362,0.9842267312415854,0.9694671094094326,0.9786273250417689,0.9681590148828154
anggrek_88.jpg,anggrek,494.02386811023626,703.4323268646538,365.794906496063,605.6138632277265,0.6588192802964081,0.6281043479884527,0.687059424736156,0.6325042312482787,6.165600393700789,8.12251224502449,4.647514763779528,7.411122822245645,4.1416711747050305,4.271858671156897,4.0049721100439974,4.26368218776991,0.27634471888816825,0.2681035412910928,0.27842331429291767,0.27052889588450146,0.5256849996796259,0.517787158291023,0.527658331018205,0.5201239235840834,0.9754376780680923,0.9650734058057824,0.9818130806335787,0.9699302564986936
anggrek_89.jpg,anggrek,643.6429625984251,919.559489118978,472.6280142716535,916.956041912084,0.2678169546748367,0.21661246330713052,0.31653052895078493,0.20874334517721288,13.203371062992126,16.564635129270258,10.852669783464567,16.70692541385083,7.7881787056421725,7.994989099688263,7.59433269580688,8.019472374659944,0.0007834989424861662,0.0005932584250313269,0.0009941551865525605,0.0005757547010165011,0.027991051114350213,0.024356896867855044,0.03153022655409505,0.02399488906030826,0.9409770550436664,0.915462201240902,0.9565102190763223,0.9157022006848341
anggrek_90.jpg,anggrek,339.4187992125984,586.6995473990949,329.93645423228344,502.61789323578637,0.3965307825222351,0.34182736727701835,0.41276654264043133,0.3244264322902032,7.704601377952756,10.650691301382604,7.25166092519685,10.113956227912453,7.480238179365278,7.72680498533359,7.42669058919698,7.731620726830084,0.0027445177571019204,0.0025486475425799755,0.0028067808821164515,0.0021826492285881827,0.05238814519623614,0.0504841315918178,0.05297906078930101,0.04671883162695941,0.9690039207397204,0.9461024614397,0.969728013137765,0.9538289259769378
anggrek_91.jpg,anggrek,284.13890255905517,443.43393886787777,249.39979084645668,401.1389422778846,0.612142825589965,0.5408175073113185,0.6891037037147318,0.5732417175684256,6.413385826771655,8.759377518755038,5.206262303149606,7.72732345464691,5.000081069256657,5.241251285880529,4.861220608002721,5.157135087070555,0.023048530960343178,0.01978331738919042,0.029107277758012546,0.02214451152195751,0.15181742640534773,0.14065318122669826,0.17060855124527768,0.14881032061640587,0.9713252808727805,0.9552418578488309,0.9747904512907348,0.9595094570189079
anggrek_92.jpg,anggrek,117.3994217519685,231.93409386818777,180.77608267716533,268.10626821253646,0.471508903016274,0.2635903929853916,0.2503094657264841,0.2154357516763764,3.460322342519685,5.825841651683303,5.31040846456693,6.623721247442496,6.7576450222185525,7.221027057352898,7.061755681465334,7.31543291755481,0.0018480475803725044,0.0010534235836901214,0.0012859217002613693,0.0009760320221241845,0.042988923926664,0.03245648754394291,0.035859750421069155,0.031241511201031625,0.9891459515469245,0.9783293175530032,0.9831034702108097,0.9749496203413404
anggrek_93.jpg,anggrek,337.73788139763775,462.73240746481497,249.60107037401576,457.9711079422159,0.6043048082745072,0.5642259550047586,0.629977548441526,0.5636364858200446,5.9905880905511815,7.80500961001922,4.833722933070866,7.684667369334739,5.102735028902553,5.271485253324684,5.028410246072252,5.261160399914787,0.15992066542238556,0.15469947927929828,0.15913464810328057,0.15575745802120905,0.399900819482013,0.39331854682851947,0.39891684359435187,0.3946611939641508,0.9810038369446472,0.9739642424577294,0.9859085459615454,0.9742315935754204
anggrek_94.jpg,anggrek,247.18510088582676,443.6702213404426,248.80880905511816,418.42160084320176,0.5110950213943861,0.3918389338844958,0.4815105470739224,0.4173615857731626,5.619156003937007,8.239134478268955,5.616141732283466,7.808047616095233,6.6531679889844035,7.0148303842309385,6.67507404176888,6.932486926635255,0.0047254962673987854,0.003201390183547927,0.004133350429786799,0.0035062571210144598,0.06874224514371628,0.05658082876335346,0.06429113803462184,0.05921365654149775,0.9768467013337826,0.9583594079405239,0.976551819823728,0.9607263174413251
anggrek_95.jpg,anggrek,240.13822588582678,319.57765515531037,158.69937253937007,331.00638601277205,0.3148692283237946,0.32755898708456566,0.422294883186471,0.2395675113250503,6.740095964566929,7.751875503751008,4.776144192913385,8.286316572633147,7.433898310209326,7.528775751454649,7.104621703371353,7.616178221037957,0.001012896373937279,0.0009809465957824593,0.001496506044769902,0.0008120155740590483,0.03182603295947013,0.03132006698240697,0.03868470039653793,0.028495886967403704,0.9777007731985745,0.9702693996760369,0.9853299557571799,0.9692076633813412
anggrek_96.jpg,anggrek,558.5195004921261,683.7517515035029,356.5816929133859,876.484158968318,0.2494720096838818,0.20319283623455497,0.2857366286779483,0.18894183873535508,12.2009719488189,14.544609089218177,9.665108267716537,15.956909913819828,8.239621680380651,8.431440813039885,8.05395863777735,8.486556257648406,0.0005037983098427136,0.0003906211544830553,0.0006237646142284475,0.00036589260356895077,0.022445451874326647,0.019764138091074333,0.024975280063063307,0.019128319413083596,0.9484910782571052,0.9367202238523218,0.967022945117044,0.9188889119204917
anggrek_97.jpg,anggrek,223.15434301181102,468.1912083824167,256.53131151574803,367.87513175026356,0.4292465747304714,0.33053831366512465,0.40015864035771714,0.3562222903714321,6.795706200787402,10.71510943021886,7.474224901574802,9.318990637981276,7.230950979492448,7.616220344649705,7.334081013705142,7.507203537108725,0.013250759289604513,0.011308551230159678,0.01283265390017108,0.011706285735096113,0.115111942428249,0.10634167212414744,0.11328130428350072,0.10819559018322379,0.9779163872725025,0.953417551348953,0.974444313849759,0.9633981741424474
anggrek_98.jpg,anggrek,349.7588582677165,456.17632835265675,162.46758120078744,477.222270444541,0.2733863682044601,0.20201138305005417,0.3032425557743067,0.2143690802863657,9.71998031496063,12.21724843449687,6.904466043307088,11.86719573439147,8.157490478094147,8.414513896225738,7.923051572979914,8.355391921526737,0.0004951306289331329,0.0003487655930609772,0.0005989800797960973,0.0003790352921396524,0.02225153093459263,0.01867526688058238,0.024474069538924198,0.019468828730554194,0.9677741090256797,0.9577086819882762,0.9849471176173589,0.9557562694221509
anggrek_99.jpg,anggrek,254.24538631889763,316.4972409944819,145.62235482283464,360.98852997706,0.4118797390069359,0.3615754378961745,0.5274790193972602,0.36271988790987597,6.743663877952756,7.780519561039121,4.181163877952756,7.974083948167897,6.80945110716925,6.9810806418429046,6.412474223671596,6.97822956286283,0.003439860273275234,0.0031117804191092275,0.005525127200156744,0.003025109404425517,0.058650322021922725,0.05578333460012253,0.07433119937251614,0.05500099457669395,0.9760953165571802,0.9701856990772867,0.9862366455187028,0.9659928997479806
anggrek_100.jpg,anggrek,634.7185654527559,818.9892739785481,322.47969980314963,759.498666997334,0.5958892676636789,0.5889505365121803,0.7219369011959612,0.5507060715699854,7.530327263779529,8.87246574493149,4.652805118110237,8.875565751131504,5.788550808850957,5.863339599381179,5.444189306295111,5.943145648563286,0.010545810886543647,0.010635738984913396,0.013803835285893233,0.00961258510030195,0.10269279861092329,0.10312971921281176,0.11748972417149184,0.09804379174788147,0.9415952499858106,0.9249405919249196,0.9705213328605528,0.9303938476974843
lili_1.jpg,lili,604.7650098425198,910.2071424142848,605.8818282480316,1043.2600285200572,0.32737582215457983,0.2711605885765932,0.4053347321387531,0.2636740862355109,10.663631889763781,13.73730547461095,9.833599901574805,15.111104222208446,7.8814911735284685,8.103590934835344,7.682969769525952,8.149181374449737,0.0010396032754956138,0.0008212815731230075,0.0015034992228187586,0.000808496377982278,0.03224287945416187,0.028658010627449482,0.038774981918999765,0.02843407072478856,0.944366498414988,0.9162658344137556,0.9444231736561159,0.9040215077089347
lili_2.jpg,lili,361.1903912401575,624.4065968131937,400.36552657480314,668.761609523219,0.2816042778562243,0.21168421050057495,0.26804159538268046,0.20246030726353736,9.261995570866143,12.80203360406721,9.619586614173228,13.163370326740655,8.2061160303805,8.499710887184914,8.241109348090685,8.522367537961767,0.0005010528819885765,0.00035153712814710644,0.0004771954734339157,0.00032611088844224935,0.022384210550934702,0.018749323405048687,0.021844804266321904,0.018058540595581065,0.9664643748945977,0.9421682665632055,0.9629688114369374,0.9380601390544546
lili_3.jpg,lili,337.5201771653543,453.82918965837933,130.7145669291339,378.4110608221217,0.333723109367911,0.29544207556691415,0.45059662888055146,0.29327585494455427,8.229822834645669,9.779341558683118,4.56323818897638,8.88015376030752,7.817439983440243,7.970787857261899,7.344706376695313,7.929008802871572,0.0008315051420141903,0.0007018518594046302,0.0013493806284487573,0.0007240760343012409,0.02883583087088337,0.0264924868482487,0.036733916595549095,0.026908660953329524,0.9688765667457341,0.9580084065847793,0.9879000949201253,0.964982348625809
lili_4.jpg,lili,479.8155142716536,640.6554033108066,281.4208907480315,673.7167834335668,0.26341547830235973,0.20048872717190439,0.289492653509946,0.2153463823317891,11.357468011811026,13.935829871659744,8.908095472440946,14.184388368776737,7.836518292240115,8.06149507786993,7.67425217209059,8.059005530233714,0.0007129616920366656,0.0005379699518776557,0.0008395427557456681,0.000543766727064733,0.026701342513751357,0.023194179267170798,0.02897486420581929,0.02331880629587915,0.9559860747172176,0.9412530436463055,0.9742157484433711,0.9382232845994538
lili_5.jpg,lili,531.0208538385828,976.2902845805693,578.1816560039372,922.0551181102361,0.22733202375391992,0.16154191495477327,0.2246612529167471,0.17268414027505874,12.46942667322835,18.02182404364809,13.16849163385827,17.516709033418064,8.329874121690565,8.653659341145914,8.37310234462213,8.630931804264634,0.0003982535430891175,0.00026863517053960764,0.00039088951468918575,0.0002799654058605035,0.0199562908149064,0.0163900936708613,0.01977092599473241,0.016732166801120035,0.9509916009442039,0.9097371585893885,0.9466103230141636,0.914743060326926
lili_6.jpg,lili,366.95318651574803,508.6559613119226,126.2498154527559,374.60270320540644,0.33178942392216415,0.26484655237344523,0.3765911457545579,0.2788407086870882,9.000553641732282,11.016182032364064,5.616449311023622,9.721681443362888,7.803599280003532,7.999372421086388,7.489802636681987,7.930627224012254,0.0009081122288221139,0.0006842020628055144,0.00107680183622086,0.0007165705942795109,0.03013490051123637,0.026157256408222834,0.032814658861869336,0.02676883625187152,0.96613118060873,0.9529701974872284,0.9883738843564389,0.9653664163724095
lili_7.jpg,lili,256.769500492126,414.09938619877244,284.4232898622047,485.54733709467416,0.5031551965109027,0.4353323524971443,0.5398105043180103,0.46092909961694584,6.36226624015748,8.8252836505673,6.354761318897639,9.111104222208443,6.1518903061185695,6.4061037781487045,6.087982251894946,6.377580939642924,0.028516390162663132,0.02651527040297555,0.02888754324871931,0.026245197570685292,0.16886796665638848,0.16283510187602535,0.16996335854742137,0.1620036961636533,0.9797400913138662,0.9672430723092653,0.9774631910693755,0.9615914192834615
lili_8.jpg,lili,513.3267716535433,801.6508153016307,508.19106791338584,923.0194060388121,0.3126278938913422,0.2584481629712373,0.3841582062057373,0.25800312803308234,10.541215551181102,13.572943145886292,9.721087598425196,14.926281852563706,7.96207116723715,8.17845616551434,7.779218610136196,8.212561454066861,0.0009542357951903404,0.0007609901139574119,0.0013705172063664442,0.0007619876359474958,0.030890707262708317,0.027586049263303578,0.03702049711128207,0.027604123531593895,0.9528200835943642,0.9263047137625811,0.9534084245390563,0.915142080686224
lili_9.jpg,lili,647.3300935039372,856.6507533015067,421.85285433070874,942.3739847479695,0.24809940490906315,0.1923357206086702,0.30081800393326125,0.1971455820079327,12.389886811023626,15.298778597557195,9.556963582677167,15.584351168702337,8.098472393772257,8.310618333126584,7.863893547510002,8.30577572675407,0.0005386506744693179,0.00040452495809821434,0.0007018513182534181,0.00040829785918980357,0.023208849055248688,0.020112805823609355,0.026492476634950874,0.02020638164515863,0.9405435438168723,0.9210993730216973,0.9612161464871712,0.9132054528748857
lili_10.jpg,lili,496.0802165354332,876.5471510943023,567.400529035433,896.469650939302,0.2502210063796072,0.18156171013198275,0.264059687230662,0.18895827085101113,11.463459645669293,16.463698927397857,12.057886318897637,16.403434806869615,8.197345499832506,8.513449427145972,8.192655880950825,8.500382107110124,0.00047876023486421993,0.00031916283065004593,0.0004989772552787293,0.0003282174088683226,0.021880590368274343,0.017865128901019604,0.022337798801106822,0.01811677148026995,0.9540180135866462,0.9186137198757728,0.9474907879258571,0.9167668688875357
lili_11.jpg,lili,509.03844734251976,779.724843449687,511.908156988189,989.1739723479445,0.2525996015816889,0.19555683220186332,0.2662476694430825,0.18446744509867663,11.839874507874018,15.343914687829377,11.212906003937007,17.020088040176077,8.356130918526716,8.600354150408187,8.299888593611705,8.666593822845464,0.00041433633892658424,0.00030011381245404937,0.0004425493470127565,0.0002764173796684129,0.020355253349604478,0.017323793246689635,0.021036856871043178,0.01662580463220992,0.9530381237144296,0.9280159422761343,0.9527571002923028,0.9086782944949565
lili_12.jpg,lili,267.39191683070874,564.3282906565812,378.86626476377955,554.1920143840289,0.331606639938236,0.24927879660537444,0.31400179604923306,0.24602799158720437,7.500061515748032,11.506541013082025,8.97576279527559,11.603509207018416,7.883238063226591,8.23125363494797,7.999700437012873,8.235380642170245,0.000761255489796136,0.0005219846139363676,0.0006961901741186294,0.0004900446901768006,0.027590858808600648,0.02284698260025528,0.02638541593605508,0.022136953046361204,0.9755846535191057,0.9483602531675288,0.9653387451593023,0.9492922983153789
lili_13.jpg,lili,474.84904035433067,649.1352842705686,354.1723671259843,724.3452166904335,0.2683666835020262,0.21827556712810536,0.33912472110836217,0.23062174778141648,9.467642716535433,12.030690061380124,7.476993110236221,11.827639655279311,7.898510137398491,8.136320482085027,7.678808102777058,8.07836079284727,0.000633904343980563,0.0004916783967116201,0.0008487004889048844,0.0005117864411437174,0.02517745705945227,0.022173822329756773,0.029132464518212057,0.022622697477173614,0.9562531576271002,0.9399333272534246,0.9673821983568539,0.9329753605887613
lili_14.jpg,lili,553.9487573818898,674.9296918593839,348.6844242125985,806.2993365986733,0.2643521439761948,0.20365653202784836,0.29445528995761006,0.2162988663465535,10.74710875984252,13.133672267344537,8.549581692913389,13.93006386012772,8.32266323749767,8.555373717069406,8.183570113483377,8.555626771317549,0.00045572588703771154,0.00032911114244325336,0.0005241894028709935,0.00034818514673919424,0.02134773728144769,0.018141420629136335,0.02289518296216463,0.018659719899805416,0.9486978016037931,0.937498336243311,0.9676985332951585,0.9253349559007662
lili_15.jpg,lili,434.96696604330714,813.532581065162,410.9122170275591,676.490172980346,0.23517037147364725,0.16640804700739503,0.2357138412299808,0.17905286944538087,11.836675688976378,16.957839915679827,11.593811515748033,15.59464318928638,8.23658388188105,8.554483455479705,8.226382065828581,8.492484059161345,0.0004896795071910457,0.0003216595186367878,0.0004920105665406646,0.00035316699066655,0.02212870324241901,0.017934868793408772,0.02218131119976149,0.01879273771079004,0.9597010531075894,0.9245221445075363,0.9618806806405025,0.9372344768646053
lili_16.jpg,lili,645.8649114173228,863.0704941409883,303.94992618110234,817.5652551305104,0.24436961858051365,0.18405264863859866,0.2816881044766642,0.18622575106034506,13.7433562992126,16.690309380618764,9.307209645669293,16.471324942649886,8.129401948778678,8.334703592861722,7.831566012003554,8.334584874009492,0.00052392640185671,0.00037772256088873274,0.0006761131686325873,0.0003841343785359777,0.022889438653158577,0.019435085821491314,0.02600217622878107,0.019599346380325487,0.9403584865127186,0.9204441443301852,0.9720198596428353,0.924635870059485
lili_17.jpg,lili,290.7249630905512,570.5975571951144,348.1707062007874,539.6878293756588,0.28905831605658194,0.20912978404367916,0.28751302769951187,0.20848465173468989,8.72570127952756,12.775497550995103,9.432763287401574,12.740343480686963,7.953956353895666,8.281405856659966,7.986004585815095,8.276196501974386,0.0006702382179178422,0.0004421905427604023,0.0006421122461385548,0.0004435321041266424,0.025888959382675894,0.021028327150784065,0.025339933822694855,0.021060201901374125,0.973026332793147,0.9470009139503179,0.9676580837276875,0.9498713991338475
lili_18.jpg,lili,204.349593996063,301.17998635997276,197.8396284448819,397.07880215760434,0.327687257349558,0.24859763273019622,0.3313173056032418,0.2442074232712187,7.393393208661417,9.709467418934839,6.888102854330708,10.350052700105401,7.624456142835877,7.912744454751908,7.571204838201883,7.926167721033194,0.0011018020693267948,0.0007680900103569691,0.0010168016551853416,0.000694254163013875,0.033193404003307565,0.02771443685801624,0.031887327501459596,0.026348703251087614,0.9811529304030258,0.9722805815948407,0.9818776922125024,0.9634547779981748
lili_19.jpg,lili,373.3061023622048,677.4921569843141,378.26291830708664,607.1091822183645,0.5030634892944061,0.38125671000042327,0.4461156672395613,0.3994597293478678,7.197588582677167,11.278752557505115,7.971579724409448,10.36468472936946,6.462738887453874,6.886668723917818,6.616337087781677,6.806590129675202,0.006696677516890192,0.005227616816446354,0.0060674333995152365,0.005413263539032503,0.08183322990625624,0.07230226010607382,0.07789373145199321,0.07357488388731921,0.9657250902102433,0.9376195485496686,0.9651951972644126,0.9440940206588083
lili_20.jpg,lili,363.3841043307086,526.6549073098147,197.861343503937,434.8479756959514,0.2776226380002885,0.24052344034248768,0.3644988999986885,0.2338547454209016,8.935531496062993,10.827515655031311,6.131766732283465,10.343170686341374,8.261845614860885,8.407957410459034,7.930474422062669,8.414915468624544,0.0004511640493007549,0.0003780320041265044,0.0006501385073082646,0.0003657426869692849,0.021240622620364847,0.01944304513512491,0.025497813775072257,0.019124400303520236,0.966609793330684,0.9514279703738335,0.9817841775327485,0.9598942696674668
lili_21.jpg,lili,825.728592519685,1179.549941099882,898.5478592519686,1070.1294562589126,0.4526460572030101,0.3226248867965267,0.39045248970735735,0.33364256961570654,13.367495078740157,19.20794841589683,15.366879921259844,18.110732221464446,5.869093924681728,6.28072394056313,6.038187763565295,6.203035685267993,0.016929515304343112,0.011665131706480166,0.014429259266233379,0.011458029612072615,0.13011347087962535,0.10800523925477026,0.12012185174327517,0.10704218613272345,0.9315554913298527,0.9020484771013078,0.9254432230501789,0.9111344642444567
lili_22.jpg,lili,337.5201771653543,453.82918965837933,130.7145669291339,378.4110608221217,0.333723109367911,0.29544207556691415,0.45059662888055146,0.29327585494455427,8.229822834645669,9.779341558683118,4.56323818897638,8.88015376030752,7.817439983440243,7.970787857261899,7.344706376695313,7.929008802871572,0.0008315051420141903,0.0007018518594046302,0.0013493806284487573,0.0007240760343012409,0.02883583087088337,0.0264924868482487,0.036733916595549095,0.026908660953329524,0.9688765667457341,0.9580084065847793,0.9879000949201253,0.964982348625809
lili_23.jpg,lili,600.6753198818899,778.9260338520676,350.96881151574814,809.0879781759562,0.2788005057279326,0.24437266946784963,0.32322571827806257,0.21109556363042237,11.248646653543311,13.304730609461217,8.2544906496063,14.161076322152644,8.386160985972932,8.524059852633314,8.158424887447053,8.618743399004138,0.0009166796287694142,0.0008308877675477465,0.0010693053612669727,0.000727347291386256,0.03027671760229986,0.028825123894751024,0.032700234880914426,0.026969376918762063,0.9475604922276413,0.9318993834008363,0.9692776670103617,0.9292637642068285
lili_24.jpg,lili,221.09934793307087,430.62279124558256,323.41910679133866,524.509579019158,0.40411514157953354,0.30225796218901135,0.36727153835137366,0.29394802846376633,6.383550688976378,9.588257176514354,7.688053641732285,10.314526629053255,7.355081058946859,7.708692993736646,7.493169204272994,7.7509356735979535,0.0016529613747704058,0.0010515150300559142,0.0013723619976536833,0.00100486213744453,0.040656627685660376,0.03242707248667252,0.037045404541638946,0.03169956052446989,0.9799343029578268,0.9609330785359089,0.9706509896791123,0.9524179985602251
lili_25.jpg,lili,374.84996309055117,667.9118978237957,458.75,622.4603509207019,0.6721050868985184,0.612223847594187,0.6560867440186138,0.6141768404804123,5.360174704724409,8.330522661045322,5.9827755905511815,8.121582243164488,4.272123504367657,4.477611009281648,4.290715986920454,4.483113894531442,0.26150069945403565,0.2511984554008168,0.2588734839334913,0.25232995093679444,0.5113713909225228,0.5011970225378607,0.5087961123411727,0.5023245474161048,0.9811663633190425,0.9664742423666891,0.9769474311880353,0.968755677314168
lili_26.jpg,lili,825.728592519685,1179.549941099882,898.5478592519686,1070.1294562589126,0.4526460572030101,0.3226248867965267,0.39045248970735735,0.33364256961570654,13.367495078740157,19.20794841589683,15.366879921259844,18.110732221464446,5.869093924681728,6.28072394056313,6.038187763565295,6.203035685267993,0.016929515304343112,0.011665131706480166,0.014429259266233379,0.011458029612072615,0.13011347087962535,0.10800523925477026,0.12012185174327517,0.10704218613272345,0.9315554913298527,0.9020484771013078,0.9254432230501789,0.9111344642444567
lili_27.jpg,lili,1139.3893331692914,1851.1370202740404,1141.5848917322837,1449.7998015996031,0.7395399411576346,0.698442428596194,0.7431942849519307,0.7096374034911475,8.736897145669293,12.995411990823984,8.70435531496063,10.660735321470643,3.387199576647321,3.559791300481637,3.3664287927212087,3.523277646544474,0.3517467255881778,0.33612672805356775,0.35090432009477296,0.34425417204731124,0.593082393591462,0.5797643728736424,0.5923717752347532,0.5867317718065992,0.9447560028072434,0.910513077391045,0.9446634485479054,0.9299143600806947
lili_28.jpg,lili,460.53235728346465,729.266166532333,344.23874261811034,610.1187302374606,0.28904914352042066,0.23961817609488104,0.3207014670205556,0.24449070202812523,10.501353346456696,13.56686713373427,8.715120570866143,12.61200322400645,8.213018616351366,8.413271871550403,8.046461601061669,8.378667840955261,0.0005311806888262216,0.00041211496645821743,0.0006121906775063552,0.0004247271809070247,0.023047357523721057,0.02030061492808081,0.0247424872942547,0.02060891023094197,0.9578632393894648,0.9328996261439584,0.9683088452562696,0.9438623029488125
lili_29.jpg,lili,525.8379675196851,777.255440510881,392.67962598425197,738.979601959204,0.2950368434033861,0.23925858356057217,0.34046357154115947,0.24565374772302012,11.285433070866144,14.613243226486453,9.27312992125984,14.040796081592166,7.653716144527266,7.8901035670137505,7.476959342495382,7.855465026405219,0.00239215883705205,0.0019085151940531422,0.0028028850613365294,0.0021052019287992945,0.04890970084811448,0.0436865562164511,0.05294228046973921,0.045882479540662297,0.9539677993470957,0.9320582094275852,0.9655318885696419,0.935398505934705
lili_30.jpg,lili,363.3841043307086,526.6549073098147,197.861343503937,434.8479756959514,0.2776226380002885,0.24052344034248768,0.3644988999986885,0.2338547454209016,8.935531496062993,10.827515655031311,6.131766732283465,10.343170686341374,8.261845614860885,8.407957410459034,7.930474422062669,8.414915468624544,0.0004511640493007549,0.0003780320041265044,0.0006501385073082646,0.0003657426869692849,0.021240622620364847,0.01944304513512491,0.025497813775072257,0.019124400303520236,0.966609793330684,0.9514279703738335,0.9817841775327485,0.9598942696674668
lili_31.jpg,lili,204.349593996063,301.17998635997276,197.8396284448819,397.07880215760434,0.327687257349558,0.24859763273019622,0.3313173056032418,0.2442074232712187,7.393393208661417,9.709467418934839,6.888102854330708,10.350052700105401,7.624456142835877,7.912744454751908,7.571204838201883,7.926167721033194,0.0011018020693267948,0.0007680900103569691,0.0010168016551853416,0.000694254163013875,0.033193404003307565,0.02771443685801624,0.031887327501459596,0.026348703251087614,0.9811529304030258,0.9722805815948407,0.9818776922125024,0.9634547779981748
lili_32.jpg,lili,290.7249630905512,570.5975571951144,348.1707062007874,539.6878293756588,0.28905831605658194,0.20912978404367916,0.28751302769951187,0.20848465173468989,8.72570127952756,12.775497550995103,9.432763287401574,12.740343480686963,7.953956353895666,8.281405856659966,7.986004585815095,8.276196501974386,0.0006702382179178422,0.0004421905427604023,0.0006421122461385548,0.0004435321041266424,0.025888959382675894,0.021028327150784065,0.025339933822694855,0.021060201901374125,0.973026332793147,0.9470009139503179,0.9676580837276875,0.9498713991338475
lili_33.jpg,lili,645.8649114173228,863.0704941409883,303.94992618110234,817.5652551305104,0.24436961858051365,0.18405264863859866,0.2816881044766642,0.18622575106034506,13.7433562992126,16.690309380618764,9.307209645669293,16.471324942649886,8.129401948778678,8.334703592861722,7.831566012003554,8.334584874009492,0.00052392640185671,0.00037772256088873274,0.0006761131686325873,0.0003841343785359777,0.022889438653158577,0.019435085821491314,0.02600217622878107,0.019599346380325487,0.9403584865127186,0.9204441443301852,0.9720198596428353,0.924635870059485
lili_34.jpg,lili,434.96696604330714,813.532581065162,410.9122170275591,676.490172980346,0.23517037147364725,0.16640804700739503,0.2357138412299808,0.17905286944538087,11.836675688976378,16.957839915679827,11.593811515748033,15.59464318928638,8.23658388188105,8.554483455479705,8.226382065828581,8.492484059161345,0.0004896795071910457,0.0003216595186367878,0.0004920105665406646,0.00035316699066655,0.02212870324241901,0.017934868793408772,0.02218131119976149,0.01879273771079004,0.9597010531075894,0.9245221445075363,0.9618806806405025,0.9372344768646053
lili_35.jpg,lili,572.5051673228346,839.0665881331763,402.7372047244095,765.9297538595077,0.27042041801669436,0.20634358796611096,0.3069869560403701,0.21987984760277213,11.070127952755906,14.390290780581562,8.820620078740157,13.384028768057536,8.055357091057253,8.312803092518369,7.870390617341555,8.235851253264167,0.0006106202397951671,0.00043249785798970197,0.0007394358660787635,0.0004832869111457115,0.024710731267916113,0.020796582844056423,0.027192570052842806,0.02198378746134777,0.9475841940496368,0.9229927769233557,0.9629583607373988,0.9297032030521883
lili_36.jpg,lili,264.6198941929134,397.1399962799926,161.04416830708664,331.3264926529853,0.30852337764825405,0.257393015445568,0.3742514973598824,0.2701671563296314,7.4533095472440944,9.486948973897949,5.493971456692913,8.812511625023252,7.901362942580185,8.096823129062404,7.63821513493375,8.060346937779327,0.0006998684041313397,0.0005660389521535444,0.0009216104247638183,0.0005661888687532102,0.026455026065595546,0.023791573133223966,0.03035803723503577,0.023794723548577115,0.975473536312857,0.9632261697336781,0.9851784341494368,0.9693219184880555
lili_37.jpg,lili,178.14099409448818,541.6998573997148,397.7312992125984,498.05815611631215,0.30078186842733756,0.1900385478997433,0.24581818902895802,0.19800911412206945,7.518208661417322,13.766197532395063,11.390132874015746,13.277078554157107,7.817662137804048,8.345305523457883,8.14824819924043,8.304844594832709,0.0006972459623630185,0.0003800212820836081,0.0005113969578525094,0.0004030815303245088,0.02640541539841815,0.01949413455590189,0.022614087597170696,0.020076890454562648,0.9835539468164312,0.9500308749866245,0.9633233824277717,0.9540543255771599
lili_38.jpg,lili,494.0501968503937,687.0183520367041,294.27399114173227,642.8032736065471,0.2468001424019311,0.1871194960204439,0.2888162945251106,0.1922964474012157,11.625984251968504,14.585715171430344,8.699557086614172,14.23312046624093,8.207244571127244,8.43707440967832,7.983794281402939,8.419091187488743,0.00046548152178335606,0.0003376986727933404,0.000586136548249659,0.0003467148108578565,0.02157502078291829,0.018376579463908412,0.024210257087640748,0.01862027955906829,0.9546009887381586,0.9369686942155737,0.9730566974297363,0.9410226773177288
lili_39.jpg,lili,509.03844734251976,779.724843449687,511.908156988189,989.1739723479445,0.2525996015816889,0.19555683220186332,0.2662476694430825,0.18446744509867663,11.839874507874018,15.343914687829377,11.212906003937007,17.020088040176077,8.356130918526716,8.600354150408187,8.299888593611705,8.666593822845464,0.00041433633892658424,0.00030011381245404937,0.0004425493470127565,0.0002764173796684129,0.020355253349604478,0.017323793246689635,0.021036856871043178,0.01662580463220992,0.9530381237144296,0.9280159422761343,0.9527571002923028,0.9086782944949565
lili_40.jpg,lili,496.0802165354332,876.5471510943023,567.400529035433,896.469650939302,0.2502210063796072,0.18156171013198275,0.264059687230662,0.18895827085101113,11.463459645669293,16.463698927397857,12.057886318897637,16.403434806869615,8.197345499832506,8.513449427145972,8.192655880950825,8.500382107110124,0.00047876023486421993,0.00031916283065004593,0.0004989772552787293,0.0003282174088683226,0.021880590368274343,0.017865128901019604,0.022337798801106822,0.01811677148026995,0.9540180135866462,0.9186137198757728,0.9474907879258571,0.9167668688875357
lili_41.jpg,lili,863.4782234251968,1618.462086924174,1000.1383489173229,1359.6801413602827,0.7270200157591085,0.6557432994062805,0.7136213821294036,0.668281817547376,7.986712598425198,13.642941285882571,9.04890501968504,11.6502573005146,3.546158870101331,3.7934945326114926,3.5603923867680694,3.710609461445111,0.2813866280808734,0.265448262683989,0.2775434283168372,0.26933523493186246,0.5304588844395703,0.5152167142901994,0.5268239063642017,0.5189751775681207,0.9571238398487142,0.9197952870784686,0.950351385351285,0.9326206702322858
lili_42.jpg,lili,647.3300935039372,856.6507533015067,421.85285433070874,942.3739847479695,0.24809940490906315,0.1923357206086702,0.30081800393326125,0.1971455820079327,12.389886811023626,15.298778597557195,9.556963582677167,15.584351168702337,8.098472393772257,8.310618333126584,7.863893547510002,8.30577572675407,0.0005386506744693179,0.00040452495809821434,0.0007018513182534181,0.00040829785918980357,0.023208849055248688,0.020112805823609355,0.026492476634950874,0.02020638164515863,0.9405435438168723,0.9210993730216973,0.9612161464871712,0.9132054528748857
lili_43.jpg,lili,601.7928149606299,788.6237212474425,516.0349409448819,907.3735507471015,0.6397318564009113,0.6033101262603595,0.6647194331974113,0.6001855523565802,7.642839566929133,9.561783123566247,6.577263779527559,10.568417136834274,4.332504044128818,4.473524882920767,4.2257749344987765,4.494665552802429,0.22742346125561394,0.22190486522457328,0.23117761152514493,0.2197632450941013,0.4768893595537795,0.4710677925995082,0.480809329698525,0.4687891264674356,0.9689736743971719,0.9594108108483299,0.9734327782401457,0.9532989489280899
lili_44.jpg,lili,513.3267716535433,801.6508153016307,508.19106791338584,923.0194060388121,0.3126278938913422,0.2584481629712373,0.3841582062057373,0.25800312803308234,10.541215551181102,13.572943145886292,9.721087598425196,14.926281852563706,7.96207116723715,8.17845616551434,7.779218610136196,8.212561454066861,0.0009542357951903404,0.0007609901139574119,0.0013705172063664442,0.0007619876359474958,0.030890707262708317,0.027586049263303578,0.03702049711128207,0.027604123531593895,0.9528200835943642,0.9263047137625811,0.9534084245390563,0.915142080686224
lili_45.jpg,lili,256.769500492126,414.09938619877244,284.4232898622047,485.54733709467416,0.5031551965109027,0.4353323524971443,0.5398105043180103,0.46092909961694584,6.36226624015748,8.8252836505673,6.354761318897639,9.111104222208443,6.1518903061185695,6.4061037781487045,6.087982251894946,6.377580939642924,0.028516390162663132,0.02651527040297555,0.02888754324871931,0.026245197570685292,0.16886796665638848,0.16283510187602535,0.16996335854742137,0.1620036961636533,0.9797400913138662,0.9672430723092653,0.9774631910693755,0.9615914192834615
lili_46.jpg,lili,285.5130413385827,587.9441998883998,399.3935162401575,576.1460722921446,0.3404398899069066,0.2581580336853097,0.322949991831114,0.25033318037787156,7.487573818897637,11.480934961869924,8.985051673228348,11.595387190774382,7.854800019009018,8.21031801531517,7.975204901199209,8.215195304711518,0.0008039259852933769,0.0005525157060606142,0.0007379524646744609,0.0005133990055939688,0.02835358857875625,0.023505652640601456,0.027165280500566543,0.022658309857400413,0.9739411356912895,0.9462261824801146,0.9634773953245458,0.9473093824604596
lili_47.jpg,lili,205.25393700787401,265.96887593775193,106.31951279527559,292.6726393452787,0.3228817849683273,0.272827037962185,0.3781485939480421,0.26736919989182134,7.4886811023622055,8.864281728563457,5.223794291338582,9.215760431520863,7.572122532728526,7.737585867063478,7.2908603756315395,7.764402066578555,0.001132711310832778,0.0009188619034439384,0.0015336421664054268,0.000945006974024116,0.03365577678248978,0.03031273500434988,0.03916174365890041,0.03074096573018024,0.9812780764697034,0.9757233364367341,0.9902790558014252,0.9732880609183535
lili_48.jpg,lili,531.0208538385828,976.2902845805693,578.1816560039372,922.0551181102361,0.22733202375391992,0.16154191495477327,0.2246612529167471,0.17268414027505874,12.46942667322835,18.02182404364809,13.16849163385827,17.516709033418064,8.329874121690565,8.653659341145914,8.37310234462213,8.630931804264634,0.0003982535430891175,0.00026863517053960764,0.00039088951468918575,0.0002799654058605035,0.0199562908149064,0.0163900936708613,0.01977092599473241,0.016732166801120035,0.9509916009442039,0.9097371585893885,0.9466103230141636,0.914743060326926
lili_49.jpg,lili,479.8155142716536,640.6554033108066,281.4208907480315,673.7167834335668,0.26341547830235973,0.20048872717190439,0.289492653509946,0.2153463823317891,11.357468011811026,13.935829871659744,8.908095472440946,14.184388368776737,7.836518292240115,8.06149507786993,7.67425217209059,8.059005530233714,0.0007129616920366656,0.0005379699518776557,0.0008395427557456681,0.000543766727064733,0.026701342513751357,0.023194179267170798,0.02897486420581929,0.02331880629587915,0.9559860747172176,0.9412530436463055,0.9742157484433711,0.9382232845994538
lili_50.jpg,lili,315.85230068897647,482.59464318928644,201.3912401574803,408.1930683861368,0.30628502385445067,0.24757334855705396,0.35283531806881946,0.25191074760162324,8.720903051181104,10.955731911463824,6.649114173228346,10.580321160642322,7.7761679502639796,7.975098258729932,7.5438492219458215,7.967874264978057,0.0011715219353290274,0.0009154810919207057,0.0014221902833454105,0.000954513224049078,0.03422750261601082,0.03025691808364999,0.03771193820722306,0.030895197426931552,0.9706025987533886,0.9550077658824516,0.981343107556543,0.9619448953453854
lili_51.jpg,lili,658.5655757874015,1152.9446958893918,585.4205216535433,970.0826461652924,0.21721294347765568,0.1503830681870485,0.230717421449795,0.15618599001951267,15.798228346456693,21.954057908115818,14.821481299212598,20.421414842829687,8.348595447084826,8.650029692716297,8.29133126125187,8.609481602774196,0.00041403549603974204,0.0002679451697796074,0.0004482540093009874,0.00027816448465682597,0.020347862198268937,0.01636903081369228,0.021172010043946875,0.016678263838206482,0.9394401506494336,0.8938513974077982,0.946058684423551,0.9106848365556877
lili_52.jpg,lili,651.6996801181102,1100.5762911525824,786.0110113188978,1044.2936945873892,0.7631014625861559,0.7199884032497803,0.7593824529391979,0.7289991914308148,5.737942913385827,8.99466798933598,6.4530634842519685,8.488746977493957,3.1354073045219812,3.3070947954714813,3.1511762658609617,3.2925928493716334,0.3967372835868719,0.3851646207849424,0.39387189132044287,0.38634101826452777,0.6298708467510398,0.6206163233310436,0.6275921377140116,0.6215633662503991,0.9683614650148666,0.9467371953666239,0.9618306646354842,0.9494610128513451
lili_53.jpg,lili,493.7894931102363,721.8170996341994,365.3921013779528,741.734205468411,0.26379544275623185,0.1962250387914315,0.3071664921362389,0.21073003206667532,10.986589566929137,14.23733647467295,8.944266732283467,13.895281790563583,8.088992516017694,8.336829197624363,7.897214835050827,8.293010194797104,0.0005579084034144633,0.00039506675826545283,0.0007059382404897626,0.0004334396417568333,0.02362008474613212,0.01987628632983166,0.02656949831084062,0.0208192132838115,0.9544176575901432,0.9331867435499495,0.966302242239959,0.9313514481636153
lili_54.jpg,lili,437.7591043307086,802.216194432389,505.7161048228347,824.9125178250357,0.24893634442631513,0.17887299043347854,0.25712399218669535,0.18554420547114625,11.330954724409448,16.34689069378139,11.99415600393701,16.317440634881272,8.194940008031779,8.526650936923502,8.216790078262306,8.505202868070262,0.00047339993361627343,0.00031586082144202237,0.00047420028922089114,0.00032567074868169207,0.021757755711843844,0.017772473700698573,0.021776140365567336,0.01804635000995193,0.9594320673985411,0.9255189151137003,0.9532037808511489,0.9234142802003816
lili_55.jpg,lili,285.5130413385827,587.9441998883998,399.3935162401575,576.1460722921446,0.3404398899069066,0.2581580336853097,0.322949991831114,0.25033318037787156,7.487573818897637,11.480934961869924,8.985051673228348,11.595387190774382,7.854800019009018,8.21031801531517,7.975204901199209,8.215195304711518,0.0008039259852933769,0.0005525157060606142,0.0007379524646744609,0.0005133990055939688,0.02835358857875625,0.023505652640601456,0.027165280500566543,0.022658309857400413,0.9739411356912895,0.9462261824801146,0.9634773953245458,0.9473093824604596
lili_56.jpg,lili,218.42304379921262,456.91896583793164,258.22084153543307,304.11259222518447,0.5515619741793567,0.4654358499458705,0.5533823371242823,0.47081348228805736,4.397453248031496,7.179366358732716,4.7360974409448815,5.735383470766942,6.735164133775185,7.041207670056497,6.706298546058612,6.9340164897730325,0.0030387685897442116,0.002312084914330408,0.002902931404007339,0.002378667104658904,0.055125026891097405,0.04808414410520799,0.0538788585997081,0.0487715809120322,0.9798673523879933,0.9578564572922716,0.9761856119533558,0.9719525041154712
lili_57.jpg,lili,437.7591043307086,802.216194432389,505.7161048228347,824.9125178250357,0.24893634442631513,0.17887299043347854,0.25712399218669535,0.18554420547114625,11.330954724409448,16.34689069378139,11.99415600393701,16.317440634881272,8.194940008031779,8.526650936923502,8.216790078262306,8.505202868070262,0.00047339993361627343,0.00031586082144202237,0.00047420028922089114,0.00032567074868169207,0.021757755711843844,0.017772473700698573,0.021776140365567336,0.01804635000995193,0.9594320673985411,0.9255189151137003,0.9532037808511489,0.9234142802003816
lili_58.jpg,lili,329.75633612204723,677.4634509269017,425.4740403543307,625.3067146134292,0.36480266164109365,0.2665347370468439,0.35272472084692497,0.2831461813814211,7.861651082677165,11.702895405790809,8.001845472440944,11.028458056916115,7.480048613315878,7.8389606263061165,7.4795327062602865,7.7762762211852134,0.0017011056971332691,0.0011669431237678269,0.0015279829143642662,0.0012016315185212677,0.041244462623887694,0.03416054923106224,0.03908942202648008,0.034664557093972335,0.9697166763686282,0.9374520792442927,0.9607099555704016,0.942267444318818
lili_59.jpg,lili,506.71069143700794,663.4078988157978,280.43590059055117,694.8603757207516,0.2721894258843953,0.2349089499668482,0.31438754856878853,0.20204856687312298,10.782910925196852,12.743629487258977,7.895792322834645,13.691549383098767,8.428832320086562,8.570395391410347,8.213375871640183,8.684283376527791,0.00046136621814259264,0.00039424798299035504,0.000574017688562721,0.00032993376173372723,0.02147943710022664,0.019855678859972404,0.02395866625174951,0.01816407888481349,0.9535936728722887,0.9391574306227303,0.9742480191706921,0.9362744029320179
lili_60.jpg,lili,308.6460383858268,417.009486018972,162.763656496063,406.09188418376834,0.31234008163379695,0.2667831499710841,0.3725530701473014,0.24625312823140794,8.843873031496063,10.590613181226361,6.429995078740157,10.923553847107694,7.533584710570732,7.699965807124459,7.2816325261049,7.7644841539568015,0.0014257303905232809,0.0011597413609608044,0.0017334056274557865,0.001067442707766561,0.037758845195838296,0.03405497556834837,0.041634188204596786,0.032671741731449835,0.971201647688671,0.96104412477109,0.9847577295804757,0.9620655800238546
lili_61.jpg,lili,607.9368233267717,821.1733523467047,343.10765255905505,834.4971789943579,0.2519931553906487,0.18818797339679064,0.2624130459752834,0.1728624231679021,13.100332185039374,15.94661789323579,9.985359251968504,16.625023250046496,8.303171306814988,8.5129394055161,8.138701991872125,8.576398795953924,0.0004874354841483122,0.00035153520613941846,0.00053453915501581,0.0003165354461405183,0.02207794112113519,0.018749272149590726,0.023120102833158202,0.017791443059530565,0.9440719876681836,0.924434933478689,0.968398418693995,0.9232125377631539
lili_62.jpg,lili,462.28629429133855,774.8903217806437,453.92704232283467,804.1658503317005,0.2813367689525084,0.21817365939505687,0.29993510052454586,0.2142575165501583,11.204478346456693,14.9242978485957,10.268208661417322,15.394444788889576,8.191230211857008,8.440925110463882,8.075670445585285,8.463915735765855,0.0005749221093168748,0.0004163087872334837,0.0006506758618985988,0.00041472697490624056,0.023977533428542537,0.020403646420027077,0.025508348866569133,0.020364846547574096,0.9571253185367341,0.9282819270677214,0.9579425117886889,0.9255749854875748
lili_63.jpg,lili,522.6345349409448,757.7577035154071,413.54213828740154,761.499410998822,0.3231130407161332,0.254638737003109,0.32826908829566626,0.24902357713944046,9.982221948818898,13.059954119908241,8.798412893700787,12.75243350486701,7.89044538052519,8.163935304060303,7.825965770068755,8.142795934531136,0.0006809720650691302,0.0004848610354422024,0.0007135671619976052,0.0004856817327249882,0.02609544146147235,0.02201956029175429,0.026712677926363077,0.02203818805448824,0.9516003366742847,0.9298179472486549,0.9615844245839129,0.9294749593154837
lili_64.jpg,lili,169.10107037401576,339.5162130324261,221.93288631889763,344.1957963915928,0.3918773701630655,0.3334540708512895,0.39616286751977386,0.3016733733767475,5.869156003937009,8.311054622109246,6.336060531496063,8.812201624403249,7.1503375786964405,7.400492775343854,7.17618164111299,7.495298845897966,0.0018144156161359203,0.0014454343497316174,0.001768392330729974,0.0012267733010882973,0.04259595774408553,0.038018868338387156,0.042052257141917765,0.03502532371139912,0.9845951023583475,0.9691180967069446,0.9798806837798532,0.9686951220825794
lili_65.jpg,lili,509.3828125000001,777.6424452848906,510.4267962598425,987.5320230640461,0.25275262382984365,0.19346551363651615,0.26766555315518936,0.18080060031068834,11.816375492125987,15.330212660425323,11.177903543307085,16.998945997891997,8.349613547048598,8.596594876230984,8.29706210040679,8.661658586134669,0.00042440227702721046,0.0003058106432413497,0.0004555612748920811,0.00027870649082484847,0.020601026115880987,0.017487442444261245,0.02134388143923408,0.016694504809213372,0.9530226673266232,0.9282344729310168,0.9529100473101234,0.9088632570769545
lili_66.jpg,lili,232.4125246062992,356.8910037820076,134.96948818897636,299.34571269142543,0.30876256821810943,0.25904823373201846,0.3738858187687147,0.26987506365111436,7.3731545275590555,9.389732779465561,5.410063976377952,8.71517143034286,7.928307592677132,8.129763411951375,7.667676192733717,8.079457809413706,0.000693910201296965,0.0005661831027301463,0.0009104886984188031,0.0005674343297350492,0.02634217533342615,0.02379460238646879,0.030174305268204655,0.02382088012091596,0.9784719746629694,0.9669687613297293,0.9875828315467965,0.9722963288520368
lili_67.jpg,lili,491.92027559055117,644.7468534937071,249.50725885826773,601.6936573873148,0.31041383322748395,0.24104775179089039,0.3340652115730395,0.2356996086786613,10.054502952755906,12.189100378200756,7.288385826771654,12.366358732717465,7.714586944531789,7.936448992182718,7.505936188324442,7.959203530581006,0.0009753137182055615,0.0007382546850157872,0.001127704831093256,0.0006924763059024538,0.031230013099670027,0.027170842552555988,0.03358131669683689,0.026314944535424236,0.9542721029815843,0.940236435191503,0.9767885702069351,0.9442272646619704
lili_68.jpg,lili,493.7894931102363,721.8170996341994,365.3921013779528,741.734205468411,0.26379544275623185,0.1962250387914315,0.3071664921362389,0.21073003206667532,10.986589566929137,14.23733647467295,8.944266732283467,13.895281790563583,8.088992516017694,8.336829197624363,7.897214835050827,8.293010194797104,0.0005579084034144633,0.00039506675826545283,0.0007059382404897626,0.0004334396417568333,0.02362008474613212,0.01987628632983166,0.02656949831084062,0.0208192132838115,0.9544176575901432,0.9331867435499495,0.966302242239959,0.9313514481636153
lili_69.jpg,lili,600.6753198818899,778.9260338520676,350.96881151574814,809.0879781759562,0.2788005057279326,0.24437266946784963,0.32322571827806257,0.21109556363042237,11.248646653543311,13.304730609461217,8.2544906496063,14.161076322152644,8.386160985972932,8.524059852633314,8.158424887447053,8.618743399004138,0.0009166796287694142,0.0008308877675477465,0.0010693053612669727,0.000727347291386256,0.03027671760229986,0.028825123894751024,0.032700234880914426,0.026969376918762063,0.9475604922276413,0.9318993834008363,0.9692776670103617,0.9292637642068285
lili_70.jpg,lili,465.5140255905513,763.2631905263811,448.44143700787413,681.6712753425506,0.7352116017946185,0.671516160371935,0.7287115030288891,0.6946399996555113,5.262795275590552,8.150164300328601,5.364788385826772,6.994729989459978,3.2517480127474547,3.4879277734966276,3.2698087954351216,3.386365435129628,0.28266658022573865,0.27366538947846325,0.28260108540480755,0.2748439223085899,0.5316639730372359,0.5231303752206168,0.5316023752813822,0.5242555887242308,0.9766080894667297,0.9617012506460787,0.9774659808357183,0.9657953407944281
lili_71.jpg,lili,331.5668676181102,668.8296236592473,473.4410679133859,610.1854423708849,0.63788869682266,0.5694744620540978,0.6168907518167628,0.5819387377571257,5.444697342519685,9.61504123008246,7.123523622047244,8.847603695207392,4.352776813360408,4.6487852202483335,4.443289839892303,4.587994584248812,0.19427830811228028,0.1847681286657756,0.19241107281042688,0.18642489737084375,0.4407701306943113,0.4298466338890833,0.43864686572506917,0.43176949564651246,0.9821366003596593,0.9640329320454046,0.9745574349900032,0.9671879223465938
lili_72.jpg,lili,384.21616633858275,727.2520305040612,483.9657972440946,753.7332134664271,0.29343262910158174,0.20623047437034098,0.25316624445174035,0.20328408174269924,9.728838582677167,14.43970487940976,11.47896161417323,14.703515407030816,8.323715184672292,8.677369664024727,8.48395081722008,8.687246101218143,0.0005203408844317691,0.0003281078544301053,0.00043020532818409396,0.00033292056168091505,0.022810981663044867,0.018113747663863082,0.020741391664594107,0.018246110864535352,0.964528403894005,0.932837366026561,0.9553610552637728,0.9303896712693932
lili_73.jpg,lili,479.38029035433067,732.3662967325936,451.48437500000006,684.2984685969371,0.6166395857834888,0.5769616162151805,0.6324765976818908,0.5705690930254774,6.524237204724409,8.891437782875567,6.086122047244096,8.527869055738112,4.473085752375072,4.633235206082576,4.409551975025522,4.6696829746491275,0.18669710709782747,0.17763778958644777,0.1873491679722618,0.18054208350961187,0.43208460641155394,0.4214709830895216,0.4328385010281107,0.42490243999018396,0.9740933969068589,0.9603796412178545,0.9756009440913093,0.9629800675415532
lili_74.jpg,lili,474.84904035433067,649.1352842705686,354.1723671259843,724.3452166904335,0.2683666835020262,0.21827556712810536,0.33912472110836217,0.23062174778141648,9.467642716535433,12.030690061380124,7.476993110236221,11.827639655279311,7.898510137398491,8.136320482085027,7.678808102777058,8.07836079284727,0.000633904343980563,0.0004916783967116201,0.0008487004889048844,0.0005117864411437174,0.02517745705945227,0.022173822329756773,0.029132464518212057,0.022622697477173614,0.9562531576271002,0.9399333272534246,0.9673821983568539,0.9329753605887613
lili_75.jpg,lili,417.2352362204725,675.267592535185,506.9245201771654,733.1738483476968,0.7265792928756121,0.6947326636851928,0.7268571833290113,0.6700172761134406,4.616510826771654,6.790687581375162,5.333599901574803,7.608097216194433,3.5201090979150953,3.6596151483065866,3.5078056308914656,3.7214112879207124,0.3094585370689297,0.3028950267708956,0.31018205096712925,0.3018924460565766,0.5562899757041553,0.5503589980829745,0.5569398988823921,0.5494474006277367,0.979505464769178,0.9669208792131293,0.9751160558699316,0.9640842437052027
lili_76.jpg,lili,343.8048720472442,457.8711017422035,202.8048720472441,485.9171678343357,0.3571584022920496,0.27910791783656286,0.3510848477236329,0.282756632477678,6.942052165354332,8.876247752495505,5.5359251968503935,8.935333870667742,7.722959677291158,7.969376775171512,7.602215874034494,7.970719393378507,0.0008683839389163157,0.0006323443733749642,0.0008874903003712258,0.0006229188476728991,0.029468354872919454,0.025146458465854872,0.029790775424134663,0.024958342246088762,0.9681287685370311,0.9573772279497371,0.9811220142109534,0.9547685462676683
lili_77.jpg,lili,221.09934793307087,430.62279124558256,323.41910679133866,524.509579019158,0.40411514157953354,0.30225796218901135,0.36727153835137366,0.29394802846376633,6.383550688976378,9.588257176514354,7.688053641732285,10.314526629053255,7.355081058946859,7.708692993736646,7.493169204272994,7.7509356735979535,0.0016529613747704058,0.0010515150300559142,0.0013723619976536833,0.00100486213744453,0.040656627685660376,0.03242707248667252,0.037045404541638946,0.03169956052446989,0.9799343029578268,0.9609330785359089,0.9706509896791123,0.9524179985602251
lili_78.jpg,lili,387.3668799212599,1137.1419802839605,931.9090797244095,1089.3785727571455,0.7078058311905584,0.6516146922921271,0.6846424728306824,0.6608676711002685,4.744463582677166,9.571641143282285,7.554995078740157,8.944943889887782,3.8440486173672106,4.103653856580353,3.931605041581399,4.046185132836714,0.25473277704367914,0.2445736024214314,0.2512444205186262,0.24598661250146608,0.5047105874099326,0.49454383265938257,0.5012428757784256,0.49597037462076915,0.9826177768639139,0.9487620905267342,0.9580082831870009,0.9509142379220688
lili_79.jpg,lili,373.59879429133866,590.7095294190588,243.6656619094488,497.07576415152823,0.3149975289263298,0.2699972746850413,0.35104211247015626,0.2588088445546732,10.183439960629924,13.397358794717587,8.23271407480315,12.236282472564943,7.350564938878539,7.578346002892582,7.190409384692106,7.549837029257869,0.0022138271205253356,0.0017747319269206079,0.0025667404240081915,0.0017990491681894758,0.04705132432275776,0.04212756730361496,0.05066300843819079,0.04241519973063284,0.9646458557390974,0.9440549961052467,0.9769386578718916,0.9529156701851552
lili_80.jpg,lili,1126.8268331692914,2026.6065472130945,1583.8889640748034,1964.0866761733525,0.5497353162859959,0.3763419741813457,0.4938276391409692,0.39049966988158213,14.774421751968504,25.453344906689807,19.837290846456696,24.87630975261951,5.563578369382213,6.102142992284339,5.720814352952992,6.061676607417944,0.029635005375967784,0.016903582880263904,0.02328090276297741,0.01739133845928427,0.1721482075886002,0.130013779578412,0.1525808073218169,0.1318762240105633,0.8976599334029092,0.815894255854251,0.8563483164936563,0.8215592037299869
lili_81.jpg,lili,601.6428395669292,837.6713993427986,478.7748523622048,737.9794159588319,0.7335825215124188,0.7083245624369974,0.7650197165217223,0.7156770452395631,6.098425196850394,8.129704259408518,4.879798228346457,7.09715419430839,3.29548530498316,3.431346689163676,3.1895334307056062,3.363313778141178,0.31849440426175774,0.31037973986171785,0.3212724007235125,0.3124018437881256,0.5643530847454966,0.5571173483761908,0.5668089631644091,0.55892919389501,0.9704452541969666,0.9589427484993838,0.9764809482838104,0.9638290068073576
lili_82.jpg,lili,572.5051673228346,839.0665881331763,402.7372047244095,765.9297538595077,0.27042041801669436,0.20634358796611096,0.3069869560403701,0.21987984760277213,11.070127952755906,14.390290780581562,8.820620078740157,13.384028768057536,8.055357091057253,8.312803092518369,7.870390617341555,8.235851253264167,0.0006106202397951671,0.00043249785798970197,0.0007394358660787635,0.0004832869111457115,0.024710731267916113,0.020796582844056423,0.027192570052842806,0.02198378746134777,0.9475841940496368,0.9229927769233557,0.9629583607373988,0.9297032030521883
lili_83.jpg,lili,217.4643823818898,341.4900489800979,172.38152066929135,330.9600719201438,0.40209756670747065,0.33453830831429776,0.40343652140412767,0.3032867523500119,6.566498523622048,8.734267468534936,6.0435531496063,9.101308202616405,7.44143352166507,7.701192321975204,7.405924820637227,7.772469840921618,0.007370497468045718,0.006101348057367823,0.006366177954523878,0.00606881999925572,0.08585160142970961,0.0781111263352912,0.07978833219540234,0.07790263152972254,0.9794657210789066,0.9678379553070224,0.9838334040719884,0.9688284745738202
lili_84.jpg,lili,253.66523129921265,317.63221526443056,121.4352854330709,348.2987165974332,0.4195236088065303,0.3247138390739248,0.4853749031703143,0.36752498849365806,6.560531496062994,8.05939611879224,4.2779281496063,7.977927955855913,7.2293526917613296,7.488761996626687,6.918137630564587,7.401138174099984,0.0017472519686250315,0.0012403042352119797,0.0022373515206014797,0.0015156741206904202,0.04180014316512602,0.03521795330810664,0.047300650319012316,0.038931659619009566,0.9767189960867876,0.9707831094699685,0.9888149716953019,0.9679639449460092
lili_85.jpg,lili,265.99144931102364,387.12542625085257,207.7444020669291,393.31328662657324,0.5633228280588548,0.5404222429800534,0.5856699390870103,0.5296716239207857,5.050996555118111,6.8921817843635695,4.388841043307086,7.091078182156365,4.981907807031394,5.157657994144953,4.9404851304872714,5.186844421966284,0.16716251944466778,0.16082140050695876,0.16910529847671024,0.16088303737150592,0.4088551325893657,0.40102543623436004,0.41122414627148324,0.40110227794355136,0.985240314015158,0.9785072573775743,0.9884716637225471,0.978163714738883
lili_86.jpg,lili,366.95318651574803,508.6559613119226,126.2498154527559,374.60270320540644,0.33178942392216415,0.26484655237344523,0.3765911457545579,0.2788407086870882,9.000553641732282,11.016182032364064,5.616449311023622,9.721681443362888,7.803599280003532,7.999372421086388,7.489802636681987,7.930627224012254,0.0009081122288221139,0.0006842020628055144,0.00107680183622086,0.0007165705942795109,0.03013490051123637,0.026157256408222834,0.032814658861869336,0.02676883625187152,0.96613118060873,0.9529701974872284,0.9883738843564389,0.9653664163724095
lili_87.jpg,lili,638.6492372047246,1065.3599727199455,631.7739296259842,1044.214458428917,0.2686520399944041,0.1870873527271724,0.25738724387490586,0.18569750355415088,12.60962106299213,17.8991257982516,12.991818405511811,18.07929815859632,8.409397235057003,8.75518277111973,8.45972070307337,8.758023341973503,0.000429601750316782,0.00026392432969626315,0.0003989838912295012,0.0002629556378214995,0.02072683647633623,0.016245748049759454,0.019974581127760883,0.016215906937988373,0.9413936520262088,0.9018631227312265,0.941735948103603,0.9038041534080241
lili_88.jpg,lili,475.0848302165355,572.0286440572881,209.50399852362204,654.4523529047059,0.2852122606538844,0.21054220214667368,0.3207255997303545,0.18804881504548293,11.691621555118111,13.210986421972844,7.370263287401574,14.874201748403497,8.366986275170976,8.551335466521637,8.051668261805801,8.671351641584847,0.0005199416526762742,0.00034341664566520905,0.0006462634995582492,0.00030405200620680864,0.022802229116388472,0.018531504139308527,0.025421713151521655,0.01743708709064701,0.9559578709328289,0.9468851345357627,0.9805751314223929,0.9392314138447213
lili_89.jpg,lili,313.11663385826773,432.9352718705438,232.85906742125982,502.1071362142725,0.551021279982749,0.4862344697532238,0.5884593724904392,0.48390309066720444,6.777436023622047,8.383966767933536,5.521222933070867,8.889701779403559,5.781936317183414,5.9755072756643255,5.64372862380943,5.998202619271268,0.009634039348645103,0.008171942315736577,0.010059234412902419,0.00796090010556858,0.09815314232690212,0.09039879598610026,0.1002957347692434,0.08922387632001078,0.971226934844292,0.9602880247418086,0.9786313237745126,0.9539428603618715
lili_90.jpg,lili,658.5655757874015,1152.9446958893918,585.4205216535433,970.0826461652924,0.21721294347765568,0.1503830681870485,0.230717421449795,0.15618599001951267,15.798228346456693,21.954057908115818,14.821481299212598,20.421414842829687,8.348595447084826,8.650029692716297,8.29133126125187,8.609481602774196,0.00041403549603974204,0.0002679451697796074,0.0004482540093009874,0.00027816448465682597,0.020347862198268937,0.01636903081369228,0.021172010043946875,0.016678263838206482,0.9394401506494336,0.8938513974077982,0.946058684423551,0.9106848365556877
lili_91.jpg,lili,272.58015501968504,418.0982081964164,174.65569635826773,387.0701841403683,0.38980734672208983,0.3036271618978361,0.3696254236781008,0.3065740040709226,6.175012303149606,8.764089528179056,5.724101870078741,8.530535061070122,7.266419352787974,7.595534124874823,7.293190963906364,7.599799288158032,0.002908098711705236,0.0023622127968417387,0.003104622908464569,0.002500999049986196,0.053926790296709076,0.04860260072096697,0.055719143105979016,0.050009989501960464,0.9752952091915633,0.9620469628987248,0.9842185109161682,0.9648634202616347
lili_92.jpg,lili,359.3998523622048,468.87581375162756,173.56379183070865,480.54491908983823,0.34818809702715603,0.26564905839633207,0.3912254259416862,0.2875980683733874,8.349778543307089,10.124992249984501,5.567359744094489,10.196478392956788,8.030169607688684,8.290533640769016,7.794782474074953,8.241938238835239,0.000766447394711196,0.0005332840971342555,0.0008649119471090506,0.0005837310329217967,0.02768478634035661,0.023092944748001616,0.029409385357552963,0.02416052633784696,0.9670554897009068,0.957052390858858,0.9840882096333796,0.9559809882257279
lili_93.jpg,lili,505.6506520669291,1007.5519871039744,635.3145915354332,869.4656209312419,0.36533445474454346,0.25251624358693303,0.3110559993052062,0.26788546790105217,11.163447342519685,17.118978237956476,13.017839566929137,16.160642321284644,7.390441756923847,7.802442185912472,7.558527896370457,7.757176811547829,0.0027998785245617365,0.0017070445821715007,0.002078290777675306,0.0018522637950477712,0.05291387837384193,0.04131639604529297,0.04558827456348075,0.04303793437245532,0.9525129725361127,0.9051220228962671,0.9402377273087285,0.9181314550650375
lili_94.jpg,lili,267.39191683070874,564.3282906565812,378.86626476377955,554.1920143840289,0.331606639938236,0.24927879660537444,0.31400179604923306,0.24602799158720437,7.500061515748032,11.506541013082025,8.97576279527559,11.603509207018416,7.883238063226591,8.23125363494797,7.999700437012873,8.235380642170245,0.000761255489796136,0.0005219846139363676,0.0006961901741186294,0.0004900446901768006,0.027590858808600648,0.02284698260025528,0.02638541593605508,0.022136953046361204,0.9755846535191057,0.9483602531675288,0.9653387451593023,0.9492922983153789
lili_95.jpg,lili,553.9487573818898,674.9296918593839,348.6844242125985,806.2993365986733,0.2643521439761948,0.20365653202784836,0.29445528995761006,0.2162988663465535,10.74710875984252,13.133672267344537,8.549581692913389,13.93006386012772,8.32266323749767,8.555373717069406,8.183570113483377,8.555626771317549,0.00045572588703771154,0.00032911114244325336,0.0005241894028709935,0.00034818514673919424,0.02134773728144769,0.018141420629136335,0.02289518296216463,0.018659719899805416,0.9486978016037931,0.937498336243311,0.9676985332951585,0.9253349559007662
lili_96.jpg,lili,614.0072588582677,776.259470518941,311.4641978346457,823.2896645793292,0.23930182343155137,0.17566845535546544,0.2901932553071802,0.1763093693268485,13.125984251968504,15.829065658131316,9.081200787401574,15.915989831979665,8.318024376706969,8.53314342134391,8.035012695038088,8.533243819041388,0.0004736761792859523,0.00032440222360759685,0.0005958316359992095,0.0003254208876822491,0.021764102997503764,0.01801116941255056,0.024409662758817653,0.018039425924409266,0.9431955349643942,0.9280493617160103,0.9711531236209073,0.9236835777843683
lili_97.jpg,lili,674.9480807086615,1019.3708847417695,588.0495201771653,962.281418562837,0.7505227018686271,0.7006682133328457,0.7508090002886718,0.7084350725988366,6.469242125984252,9.473804947609896,5.8781373031496065,8.946431892863787,3.1240144500582523,3.2970709110894467,3.1098230897111634,3.273167687667746,0.3312661535601391,0.3202525571149474,0.33409362827026434,0.32135535323212755,0.5755572548062783,0.5659086119816056,0.5780083288935068,0.5668821334564422,0.966585440195561,0.949648798148518,0.9708811207193059,0.952468697439537
lili_98.jpg,lili,234.35519192913387,317.29716659433325,268.87321604330714,480.34695269390545,0.5009413604038746,0.3832742893322556,0.44025855498773714,0.37497962359723536,6.066806102362204,8.465620931241862,7.095164862204726,9.86223572447145,6.680618239999241,7.053073377665843,6.86600804696713,7.121983635656981,0.004264411971206755,0.0030190012639929797,0.003574386238127946,0.003074195558769938,0.06530246527663987,0.05494543897352154,0.059786170960582065,0.05544542865529978,0.9787208842775799,0.9710811571904384,0.975543802492897,0.9562246699348742
lili_99.jpg,lili,535.1310285433071,698.488002976006,453.4611835629922,832.8613677227354,0.6071503621774261,0.5709925479606903,0.6323712537042825,0.5623322086368401,7.738435039370079,9.6749333498667,6.664923720472442,10.975695951391902,4.634387118360856,4.782319605117399,4.52742564984663,4.809582490651877,0.19124742766087094,0.18633705393147038,0.1952564921365194,0.18337315086186998,0.4373184510867006,0.43166775873519947,0.44187836803414515,0.4282209136203765,0.9713326320015032,0.9626334646888026,0.9757602454793637,0.9554449846328816
lili_100.jpg,lili,326.09239665354323,567.6948353896707,358.79681348425197,576.8149296298593,0.737193127377656,0.6756825725812,0.7535903166575322,0.6942121989720893,4.495447834645669,6.679645359290719,4.264825295275591,6.373488746977495,4.504934885274496,4.710541715409736,4.431024988803563,4.647348342585987,0.06791828256508074,0.0637838451571255,0.06829163237183897,0.06474461643820677,0.26061136307743904,0.2525546379639968,0.26132667749741695,0.25444963438410906,0.9611685611619235,0.9318127971923904,0.9569536180878498,0.9307173605655039
matahari_1.jpg,matahari,320.96456692913387,673.0663401326801,508.919844980315,675.3072726145452,0.6851920973404282,0.616918841568335,0.663044714704527,0.6085458440731373,4.794168307086614,8.63233926467853,6.647822342519685,8.815611631223263,4.144488721142275,4.420302140640109,4.261786732716471,4.452285471043157,0.20865709956517567,0.19910073988416316,0.2068893164885939,0.19916657056948558,0.45678999503620443,0.4462070594288745,0.4548508728018381,0.4462808203020667,0.9830079455215872,0.9644261455283438,0.9731088460761788,0.9643077045943118
matahari_2.jpg,matahari,417.6690452755906,850.9812759625518,603.5635457677165,809.2807365614731,0.5847898685879616,0.3824614329443434,0.423897823453812,0.39660284113168165,7.134350393700787,12.333870667741333,9.66529281496063,11.543493086986171,6.397032600188337,6.990222786036988,6.801853559267409,6.92495489620045,0.005841051965307056,0.003256127040495136,0.0036387685080057665,0.003536759383023383,0.07642677518584083,0.057062483651652736,0.06032220576210527,0.059470659850243655,0.9610117669630662,0.919864749276695,0.9430605700905057,0.9237911156778472
matahari_3.jpg,matahari,364.3328617125984,463.03459606919216,370.0319266732283,523.1861243722487,0.7053679325328259,0.6669376097764327,0.7155319673327643,0.6570249383033028,4.579293799212598,5.855229710459421,4.538078248031496,6.533759067518135,4.012259580798921,4.161401373540618,3.9809999255861133,4.195056757157323,0.21503424598646073,0.20826338106269118,0.21537326564643372,0.20662014521375438,0.46371785170129126,0.45635882928096305,0.4640832529260604,0.45455488690999063,0.9539883295726361,0.941323058513289,0.9536862236263729,0.9337005012863832
matahari_4.jpg,matahari,396.5611466535433,568.1822183644368,236.29459891732284,566.0223200446401,0.285207996737715,0.20020242390483123,0.30279879039754404,0.20627930198258076,11.008858267716535,14.143530287060575,8.41947588582677,14.028396056792115,8.421533801856121,8.73725030958214,8.295182861527662,8.703751868988327,0.000477032753381913,0.00028742087368234504,0.0004896189601949516,0.0003161068384260893,0.021841079492138503,0.016953491489435,0.02212733513541456,0.017779393646187414,0.96336520921482,0.9471525472195019,0.9780297442888432,0.9473507092926514
matahari_5.jpg,matahari,157.11644931102362,373.75640151280305,303.6077140748032,403.0526381052763,0.5305781950761428,0.36443441279436517,0.42663401624533315,0.4128746544299292,4.935593011811024,8.826771653543307,7.390071358267718,8.743133486266974,6.859676108827578,7.34690063724714,7.1810548596283095,7.290649977613027,0.0060393339170467415,0.0038268364713305776,0.004314872216170215,0.004321703478796628,0.07771315150633605,0.06186142959333043,0.06568768694489262,0.06573966442564662,0.9852765094247895,0.9648049710071407,0.9713599155528293,0.9620469435421931
matahari_6.jpg,matahari,241.3152066929134,373.48124496248994,230.4314099409449,433.4167028334057,0.4584648059744672,0.2950041115143611,0.33692171463014675,0.3082543787496381,6.922490157480316,9.63512927025854,7.2767593503937,10.175956351912705,7.384352005404231,7.800427626565584,7.597202428741224,7.815741310703639,0.0018580510793834086,0.000986078356309481,0.001149386331975789,0.001070181568721994,0.043105116626491205,0.03140188459805368,0.033902600666848394,0.032713629708761974,0.9776982361545066,0.965335273269284,0.9785975173698663,0.9597755142848059
matahari_7.jpg,matahari,311.88176673228344,541.1644863289728,330.6360728346457,485.6111352222705,0.4020117702508475,0.3613600132652611,0.36074461360652776,0.26766326220407655,6.916338582677165,10.01736003472007,7.598794291338582,10.238700477400956,7.415449172013741,7.712919800224345,7.558892485168871,7.81968915719126,0.004163061976026296,0.003679228202898095,0.003812750301281852,0.0034556468145734358,0.06452179458156986,0.060656641869609756,0.06174747202341042,0.058784749846992085,0.9707823545711576,0.9491449750506313,0.9689753073600895,0.9543663559510497
matahari_8.jpg,matahari,199.7504921259843,364.014632029264,256.85906742125985,427.31948663897333,0.32420440635258696,0.23420820231656814,0.2834449493487346,0.21948562792812226,7.291707677165356,10.514725029450057,8.448388287401576,11.260834521669045,7.683109914278035,8.013881458664297,7.811259853877798,8.074858611618001,0.0010621608157278819,0.0007184829919290935,0.0009150051259086896,0.0006777825571275173,0.03259080876148798,0.026804533048144927,0.030249051653046737,0.026034257376148014,0.9817488726025404,0.9667434567574688,0.9764978855672336,0.960959775634648
matahari_9.jpg,matahari,819.3703248031495,1272.8399156798314,926.5052288385825,1342.154318308637,0.7963063740363517,0.7470935502755202,0.7718697932959627,0.7436351039150004,6.353592519685039,9.416392832785665,7.078432578740157,9.953561907123817,2.894359009915179,3.0751952369684723,2.9690940809658994,3.0909008937661007,0.41011339029513993,0.39820624250337716,0.4082308195744321,0.3968946317829396,0.6404009605670028,0.6310358488258628,0.6389294323901756,0.6299957394958633,0.9600071281218361,0.9380936378586179,0.9547685288405939,0.9347224342548555
matahari_10.jpg,matahari,100.10568405511813,150.63227726455455,61.29349163385827,139.73587947175895,0.3843848476954477,0.28759113083716137,0.3468537694037763,0.2960008359855416,4.874261811023623,6.587141174282349,4.2596579724409445,6.264120528241056,7.791117835520469,8.139043470641553,7.791108486941786,8.069761078670481,0.0007421794018392727,0.0004956819387257722,0.0007075976066014632,0.0005322884971518595,0.02724296976908488,0.022263915619804443,0.026600706881612438,0.023071378310622438,0.9907450094018835,0.9860627404915022,0.9943328214445596,0.9870711462444006
matahari_11.jpg,matahari,178.54306102362204,284.9273358546717,182.99686269685037,355.67102734205463,0.3515239931512416,0.23817889838580295,0.29748788224982076,0.23915700731365416,7.215182086614172,10.30485460970922,7.967212106299213,11.00812201624403,7.446874481219445,7.799548723023653,7.561268513249161,7.83767144033796,0.001600694180392267,0.0009113545414145203,0.0011772114608682343,0.0009137724270860529,0.04000867631392305,0.030188649214804564,0.03431051531044432,0.030228668959880668,0.9837702887884258,0.9740481978395537,0.9833224669860792,0.9676029419739539
matahari_12.jpg,matahari,471.0795398622048,734.5128030256062,361.6696604330708,602.8889577779155,0.38712898389772576,0.318065748994353,0.39990167309030317,0.3433835213188065,8.810716043307087,11.988529977059954,7.547244094488189,10.449128898257795,6.488162400266493,6.780298549670782,6.378804365933126,6.660084959856539,0.003381035082382666,0.002559981621916248,0.0036119140231444524,0.002920081294313496,0.058146668712684355,0.0505962609479816,0.06009920151836006,0.054037776548572905,0.9563988995280815,0.9321231932314072,0.9664893685147194,0.9442824449973203
matahari_13.jpg,matahari,663.4292568897638,973.1976563953128,450.888779527559,889.4143468286937,0.5083109758538203,0.4028975783694814,0.4546621000651885,0.40112396040664405,10.326648622047244,14.010354020708043,9.051550196850393,13.377642755285512,6.667618712848415,6.982678478684998,6.715736829794535,6.980189319935184,0.013153973024254643,0.01140210495437421,0.011876457895982198,0.010931609004392292,0.11469077131249333,0.1067806394173317,0.10897916266875149,0.10455433517742004,0.9366278864806158,0.9068309659590614,0.956903538856836,0.9148501487090525
matahari_14.jpg,matahari,475.2248400590551,765.8154876309754,430.421936515748,762.235042470085,0.3685033411107289,0.2779809953523935,0.35247258745490584,0.2828379562043928,9.688545767716535,13.708475416950835,9.646838090551181,13.69489738979478,7.495141388003576,7.862622777070662,7.538432156471862,7.8489805061449855,0.0019869102238204476,0.0012969323477242032,0.0015896954401330677,0.0013246073364240473,0.0445747711583632,0.03601294694584439,0.03987098494059393,0.03639515539771808,0.9564845533759778,0.9299468445689121,0.9605612527281937,0.9302745144903339
matahari_15.jpg,matahari,312.21561269685037,735.8756897513796,489.2330831692914,720.2537665075331,0.36953034764741277,0.2589288282181923,0.33381620010885626,0.2588111251155333,8.30185777559055,13.585653171306344,10.109928641732283,13.335792671585345,7.516028523234026,7.953707929774036,7.6559310605015485,7.934301539487179,0.0017101215232703903,0.0011068092692326497,0.001419698396037417,0.001117140060555774,0.041353615600940995,0.033268743126734585,0.037678885281247604,0.03342364523141924,0.9713017854153689,0.9320176983248588,0.9548806345334232,0.9334592729168342
matahari_16.jpg,matahari,102.98209891732282,185.3220286440573,112.24741633858268,189.68032736065473,0.3832749038490265,0.31442352210234153,0.39020822854810744,0.31098693734853516,5.302842027559055,7.434124868249738,5.312376968503937,7.56215512431025,7.644297476437393,7.923434295001487,7.628394771381492,7.93964864326865,0.005490583246791493,0.005164699894778919,0.005600018158044129,0.005102740132940121,0.07409846993556272,0.0718658465112526,0.0748332690589161,0.07143346647713605,0.9907633808073938,0.9833647704031417,0.9899541596189243,0.9829741217034973
matahari_17.jpg,matahari,745.4128937007873,994.7125054250109,510.9461737204726,1112.3303986607975,0.2641018116004553,0.20841230784423947,0.2829885212995975,0.20015553645582018,12.917322834645669,15.629735259470522,10.195435531496065,17.013764027528055,7.955999085443972,8.154204631511712,7.771200062945372,8.21784133632061,0.000648439407230377,0.00048301590806170027,0.0007481659860780663,0.00047036333145144437,0.025464473433204484,0.021977622893791317,0.027352623020070056,0.021687861384918624,0.931446589180874,0.9084346437778933,0.9528270526757014,0.8976037644446068
matahari_18.jpg,matahari,646.2918922244096,948.6758633517268,652.5979330708662,876.6758633517265,0.6635200323771255,0.6242816877717472,0.6623596729633262,0.6030457947035155,6.956508366141733,9.569781139562279,7.072219488188977,9.435984871969744,4.24626213960983,4.4085944688755525,4.2537067514660745,4.4555764487013,0.2038063940019482,0.195042626305725,0.20390105733824757,0.1949449517970274,0.4514492153077112,0.4416363054660758,0.4515540469736126,0.44152570910087147,0.9660375028653484,0.9501977006196524,0.9657161978871004,0.953977459011224
matahari_19.jpg,matahari,214.20287893700788,473.5044330088661,295.18996062992125,428.1546283092566,0.2993007031981264,0.18279228007519838,0.2529086237743148,0.20291762740261876,8.234498031496063,13.663029326058655,10.313853346456693,12.576849153698308,7.773832927756717,8.280217080238685,8.007222721574685,8.197063678709117,0.0008060962166846208,0.0004217557570213411,0.0006026564177151792,0.0004719470657863754,0.028391833626671963,0.020536692942665843,0.02454906144265355,0.021724342700905255,0.9803930793838059,0.9565337853233551,0.972867806678458,0.9606970508880871
matahari_20.jpg,matahari,486.68860728346453,769.5404550809103,597.2592273622047,908.7397854795711,0.7502182742866235,0.7264823906105258,0.7693093259744093,0.7066299117393093,4.47699311023622,6.544609089218179,5.120570866141732,7.5754231508463015,3.359016703566253,3.490303124236542,3.358289086015646,3.548235698022256,0.3523968868006096,0.3431211369831756,0.35057059072858376,0.34063179683182476,0.5936302610216309,0.5857654282929095,0.5920900191090741,0.5836366993531377,0.9755714459936802,0.9614945149268811,0.9700362944670534,0.9545293999631844
matahari_21.jpg,matahari,413.59633366141736,571.04154008308,203.1904527559055,522.2884245768493,0.3229162416049356,0.25205194794250907,0.3559641428134016,0.2642446652985795,9.366387795275593,11.689193378386754,6.691437007874017,11.142414284828572,7.649702301217434,7.878846678158723,7.421645117357821,7.842510269805612,0.000936917462213831,0.0006810019200049558,0.00110900716186198,0.0007389735158911078,0.030609107504365934,0.026096013488748734,0.03330175914065171,0.02718406731692496,0.9618712954065022,0.9475314075505806,0.9813116554003117,0.9520135568385439
matahari_22.jpg,matahari,264.16707677165357,445.5934651869304,183.14105561023626,344.0730361460723,0.3462153706011384,0.2739335972837469,0.3582767038644947,0.2770063673442952,7.912032480314961,10.894227788455577,6.712782972440946,9.873395746791495,7.420988130429214,7.721262331098383,7.326825765719077,7.66920620324383,0.0020065160979931334,0.0015985952983747992,0.002033544655468218,0.0016170254300952522,0.04479415249776619,0.03998243737411214,0.04509484067460731,0.040212254725335315,0.9758702012829845,0.959394122778503,0.9833333110264091,0.9686451258039972
matahari_23.jpg,matahari,184.07695620078738,492.79564759129516,326.6362573818898,417.4997829995659,0.3649641697331579,0.23851919120628023,0.2969758445584209,0.24556012303698202,6.5313115157480315,11.191704383408766,8.660494586614174,10.561845123690246,7.237836345945397,7.728296103306856,7.510827695751226,7.6987042702490776,0.0012842263843707376,0.0007426791467136159,0.000984861222652133,0.0007644824019265495,0.035836104480966365,0.02725214022262501,0.03138249866808143,0.02764927488970641,0.9831616167330938,0.9550355329891569,0.9701856831606436,0.961904361764735
matahari_24.jpg,matahari,175.3536540354331,317.9355198710398,237.00006151574803,369.8621737243475,0.4436726763180563,0.41578102686232243,0.40540190691139666,0.2896599650089615,5.375799704724411,7.1727943455886916,6.070558562992126,8.573811147622296,6.793620182732749,6.975205629429656,6.89150728380614,7.222471157210983,0.002766057350962359,0.00254431725925886,0.0025093626847409946,0.0017899061776175508,0.05259332040252221,0.05044122579060564,0.05009353935130752,0.04230728279643531,0.9838753240547276,0.9706825214273255,0.9781112339244807,0.9658922748993106
matahari_25.jpg,matahari,309.97422490157487,397.7841775683552,135.78623277559055,395.3155806311613,0.3418796271026458,0.2825873237038865,0.3908836286490785,0.29102440125086637,8.21905757874016,9.955545911091821,5.627276082677165,9.75726951453903,7.299334722966965,7.513589808278118,7.041854061467157,7.475662786616036,0.0015889404947755214,0.0012538889855509268,0.0019634198814296065,0.001342899083590963,0.039861516463570744,0.035410294909121086,0.04431049403278648,0.03664558750505936,0.9711725051793588,0.9630511770591282,0.9873805796868138,0.9632803330203803
matahari_26.jpg,matahari,403.01451771653547,584.1810403620808,258.02989665354335,618.2152644305289,0.2556611277813413,0.20138267921020486,0.2615084297264735,0.20591236816129246,11.378075787401574,14.243164486328974,9.405142716535433,14.922561845123694,8.151285197585016,8.381178150889513,8.044798155398025,8.410466824383349,0.0006919991867327485,0.0005099470797862794,0.0007213190695912642,0.0005345276361084063,0.026305877418036232,0.022582007877650724,0.026857383893284622,0.023119853721604865,0.9627474771484539,0.9459561318386189,0.9762660714407103,0.9428072730092997
matahari_27.jpg,matahari,222.07062007874015,685.8345216690434,580.5324803149606,794.4929009858018,0.35321297708585264,0.27006656471662505,0.33060152182006664,0.2586398343918739,7.089566929133858,11.367908735817473,9.115772637795274,12.168268336536672,7.788231444871476,8.108284375950978,7.854318889439359,8.135753662546184,0.0015041974053674673,0.0010756650566559238,0.0012702646254901886,0.0010244704598777413,0.038783983876949354,0.03279733307230824,0.03564077195418456,0.032007350091467136,0.9797095239182522,0.9370172199520125,0.9466044789683653,0.9270383849900515
matahari_28.jpg,matahari,168.87690698818898,314.1294562589125,216.80179625984255,351.3009486018972,0.38011717899895536,0.2281794299393764,0.27358605404635117,0.21577953394995497,6.369525098425197,9.835327670655339,8.015255905511811,10.56835513671027,7.668139973433241,8.156387068324536,7.972266068703233,8.213447491293682,0.0009086306624761688,0.00048582972731696573,0.0006156740218753877,0.0004567978011893774,0.03014350116486419,0.022041545483857655,0.024812779406495105,0.02137282857249778,0.9843723567174499,0.9709163975536925,0.9799404561009094,0.9674720759022924
matahari_29.jpg,matahari,107.40932578740158,157.40467480934961,76.39456200787401,172.07576415152835,0.39632351624092776,0.3118527296136872,0.3958921881335092,0.3125157785056635,5.519685039370079,7.116870233740468,4.811392716535433,7.492218984437969,7.460808544078249,7.70312657533771,7.391768311892056,7.740628475349592,0.0024187181553074043,0.0019224862679373819,0.002563423583878418,0.00199734846738588,0.04918046517985982,0.04384616594341382,0.050630263517765915,0.04469170468203109,0.9901217297902806,0.9854690401768357,0.9929674113755298,0.9841160585338447
matahari_30.jpg,matahari,496.62573818897647,728.4268088536178,337.08224655511816,630.3225246450493,0.41453651952158865,0.31761442619268077,0.4054372767597829,0.33201443368536776,9.045398622047246,12.092752185504372,7.541277066929135,11.091078182156364,7.3027044617355195,7.627589536629523,7.260482883743924,7.551018574424011,0.0034723153552752425,0.002179379893510857,0.002547651091395934,0.0022217582410240773,0.058926355353739995,0.04668382903651817,0.0504742616726182,0.04713553055842352,0.9542682298489935,0.9332188431682924,0.9689998797519037,0.9422131963893591
matahari_31.jpg,matahari,145.98093011811022,239.6952073904148,132.61398868110237,224.85671771343544,0.4186230976993607,0.33352712748231284,0.41098404732521643,0.36585748163751275,5.284571850393701,7.4552669105338225,5.135888287401575,6.964597929195859,7.156399377091392,7.449572531248631,7.147028256287161,7.355783701665178,0.006903683912348293,0.006061806593202126,0.007102109663203702,0.0062821839947108495,0.08308841021675822,0.07785760459455535,0.08427401534995055,0.07926022959032386,0.9871650092845967,0.9789820231470393,0.9883725717285733,0.9802824498451097
matahari_32.jpg,matahari,531.4056963582677,975.3383346766693,779.1919906496064,1007.3852067704136,0.6853089547639822,0.6087035142843767,0.6433141093238375,0.6014548182477475,6.00990403543307,10.082832165664332,8.104884350393702,10.288796577593157,4.227585512440315,4.521041295996017,4.3804422249544555,4.549655643254619,0.23964669450334997,0.22736247140297616,0.2349103395106205,0.22779274357606313,0.4895372248392863,0.4768254097706792,0.4846754991854039,0.4772763807020657,0.9729948244203321,0.9504710832202763,0.9603981639801232,0.9488437024391163
matahari_33.jpg,matahari,300.0470595472441,430.0115320230641,211.5231299212599,404.09913819827636,0.31935691480241474,0.25545610123388485,0.3483770027368325,0.26140680247427506,7.626291830708661,9.850207700415401,6.3759842519685055,9.6249612499225,7.742673169990896,7.9679969314189165,7.58627717516614,7.973200145681005,0.0008580379709587544,0.0006664388677528053,0.0010201090348469764,0.0006644149936573168,0.029292285178161747,0.025815477290819268,0.03193914580647041,0.025776248634301245,0.9723876126854298,0.960425441777505,0.9805272327926424,0.9628115523643215
matahari_34.jpg,matahari,137.95687746062993,185.73253146506295,85.0297121062992,211.51869303738607,0.435744180405334,0.3239416264220954,0.4106165346031948,0.35357511653623963,6.0441067913385815,7.7759315518631045,5.116941437007874,8.060698121396243,7.4174274260531945,7.714296913346773,7.410242930787745,7.6836849020485625,0.00408163194256076,0.0025649538558051633,0.0030417353925528165,0.0031248923555569227,0.06388765093944807,0.05064537348865307,0.05515193008909857,0.0559007366280349,0.9875335373000043,0.9832035758195028,0.9923162793231949,0.9808734338304874
matahari_35.jpg,matahari,325.6339812992126,319.90551181102364,277.5616387795275,649.6320292640586,0.42340780030886205,0.3776826540907511,0.6105403959978213,0.39161990155870474,6.564468503937007,6.788641577283155,5.202632874015748,9.74226548453097,7.00729981561438,7.091272169866792,6.606145491081813,7.217417098798077,0.002075730774996706,0.0019007771911011613,0.00396173564563926,0.0019095453901739226,0.04556018848728247,0.04359790351726974,0.06294231998933039,0.04369834539400688,0.9701406227145289,0.9707342670953407,0.9746436688880543,0.9405696061707328
matahari_36.jpg,matahari,245.31329970472441,362.6095232190465,161.28777066929132,337.3682807365615,0.309449563048495,0.2460391466166168,0.3370088661716654,0.252434519201971,7.4091412401574805,9.532953065906133,6.094611220472441,9.302312604625211,7.8544298649967885,8.066963517741236,7.685449451904991,8.078096440153322,0.000724433455702849,0.000569081490323685,0.0008705825517119785,0.0005642207328806747,0.02691530151610509,0.023855428948641545,0.029505635931326383,0.023753330984951873,0.977390701365779,0.9665734495180994,0.9851306984413736,0.9689013199654715
matahari_37.jpg,matahari,104.14357775590551,284.9043958087916,220.56268454724415,292.50685101370203,0.521234217227587,0.3343321536650107,0.37666504680214186,0.3366567813789362,4.1890994094488185,8.325934651869304,7.065883366141733,8.392026784053568,6.757632110927012,7.344318142729053,7.192667862302507,7.345897253589579,0.009848886580097378,0.007035157414601518,0.007723062626301036,0.007207413509625209,0.09924155671943774,0.08387584523926729,0.08788095713122972,0.08489648702758677,0.9909171536180503,0.9750231364533399,0.9806929398965211,0.9743581428214321
matahari_38.jpg,matahari,295.7511687992127,485.61026722053447,287.53647883858264,525.1200942401885,0.5547512759302891,0.27560929857076516,0.38046380517198686,0.4239258773120209,6.513102854330709,9.54677909355819,6.701956200787402,9.120218240436479,6.844081447474041,7.341028955804792,7.071476750970359,7.192893533578102,0.003052389771771732,0.0015746451605743437,0.0020007206152107618,0.002206334129327691,0.055248436826499735,0.03968179885759142,0.044729415547386284,0.04697163111206264,0.9725351754367483,0.9548072863881008,0.9731868631748027,0.951127548068773
matahari_39.jpg,matahari,232.1323818897638,512.1586583173167,323.5262672244094,394.509517019034,0.4253129802041875,0.3104453262178066,0.3737865599542726,0.3022365601808824,6.3359990157480315,9.71969743939488,7.08224655511811,9.204662409324817,7.253690575553372,7.603029442697169,7.334443900884615,7.628056071065459,0.0018428556754574448,0.0012775527442058666,0.0015756901630990764,0.001182615174455967,0.042928494912557146,0.03574286983729576,0.03969496395135126,0.034389172343282225,0.9784067734587444,0.952055700297513,0.9697482072373532,0.9630669093822696
matahari_40.jpg,matahari,279.77300688976374,470.19282038564074,301.87992125984255,415.16138632277267,0.5982627114498811,0.5362244355622072,0.6057584840328365,0.5489727257810515,4.857037401574803,7.435674871349743,5.0546259842519685,6.638229276458553,5.151563972391228,5.4139989723608295,5.147258017641325,5.338815107205762,0.15455106075007075,0.1463194104390565,0.15382875022341846,0.14742383065273296,0.3931298268385022,0.38251720280146423,0.3922100842959274,0.38395811054427925,0.9840333777035515,0.9731101625783036,0.9827749632441733,0.9762573529454805
matahari_41.jpg,matahari,402.57062007874015,1161.9951019902041,956.8134227362207,1243.6541633083266,0.5176434214004599,0.3371964025120221,0.37762301097961176,0.3365857824362358,7.9269192913385815,15.418500837001675,13.231114665354333,15.916299832599666,6.872484900269011,7.4918608684808925,7.3470579586981595,7.513593192471655,0.004767780775795927,0.0028277634210423733,0.0030264170025410373,0.0027999558138120553,0.06904911857363515,0.05317671878785277,0.05501288033307325,0.05291460869941358,0.9630330121740768,0.8932423288401267,0.912034432352398,0.8857357727383192
matahari_42.jpg,matahari,251.71788877952756,435.3804327608656,257.85143946850394,438.52135904271813,0.3377402084343692,0.23879173228782707,0.29888255626698157,0.2376520933215266,8.114542322834644,11.368032736065473,8.395361712598426,11.423708847417696,7.090924045253845,7.421368883433407,7.147064086722514,7.433985340616161,0.0016617274445486392,0.0011098575734258544,0.0015167911805550175,0.001197180148715806,0.0407642912921179,0.03331452496173185,0.0389460033964336,0.03460029116518828,0.9769842349268465,0.9599771953323106,0.9762493445520969,0.9596893358918589
matahari_43.jpg,matahari,504.05376476377955,901.1445222890447,397.7421875,643.8577717155434,0.3017402899003455,0.23973165920319786,0.3196254552065417,0.27330786926095824,11.693159448818896,16.51869303738608,10.175258366141733,13.037262074524149,7.4278968992128895,7.731434562711802,7.30382124397031,7.523141442745466,0.0010821129430344798,0.0007950884523506292,0.0012275146620605742,0.0009865108080392862,0.032895485146665335,0.028197312856912966,0.035035905326686996,0.03140876960403394,0.9536794521832622,0.9172920178987864,0.9634817289837482,0.9409020084541241
matahari_44.jpg,matahari,169.06588336614172,283.5192510385021,146.2755905511811,253.8327856655713,0.36909953999776446,0.28775426707731244,0.3835279142110396,0.2989605570118796,6.334461122047244,8.685349370698741,5.781496062992126,8.217062434124866,7.018210779797022,7.306859638220486,6.952553874659467,7.262476502452678,0.002130590137645119,0.0014847913011592656,0.0021128177021979043,0.0015371314145195092,0.046158316018298576,0.03853298977706331,0.045965396791476786,0.03920626754129382,0.984583133755803,0.9741403670448533,0.9866827356218276,0.9768520693244112
matahari_45.jpg,matahari,120.92907234251969,307.2140864281729,223.01642470472447,292.3936387872776,0.43532389143057315,0.2867690770136174,0.33386302579335747,0.29546849705857414,5.247354822834645,9.916919833839668,8.124815452755907,9.430280860561723,7.3719677351675585,7.930597088618153,7.757412114171788,7.867031955277508,0.004316452114349542,0.0026789193016664914,0.0030101147238427296,0.002767470039869089,0.0656997116763045,0.05175827761495248,0.05486451242691153,0.052606748995438685,0.9891635060828341,0.972419688397718,0.9799506303877563,0.9737506618985278
matahari_46.jpg,matahari,293.9939714566929,398.1688263376526,178.10377706692913,402.98493396986794,0.30712783803292254,0.2659051710526624,0.36382109119316675,0.25925303147128687,7.624015748031495,9.336412672825345,5.729392224409448,9.266910533821065,7.984021283401177,8.170423769296299,7.751392118239597,8.162112082476124,0.0009610265192210073,0.0008191462225816135,0.0012747621320437952,0.0008568118072438014,0.03100042772642028,0.02862073064374167,0.03570381116973082,0.029271347889084327,0.9731950126808802,0.9637585984280199,0.9837975481114654,0.9633229708915283
matahari_47.jpg,matahari,427.98431348425197,745.4006448012897,364.3919783464567,590.8456816913634,0.4519783018442054,0.2660719565012633,0.35378345376515996,0.3293993064565678,7.799643208661418,12.139190278380559,7.998031496062993,10.250728501457003,7.333084332993055,7.876595208151356,7.533653655033108,7.679088811893724,0.0014735265676586041,0.0007149887819522679,0.0010166219062906876,0.0009102916711630435,0.03838654149123888,0.026739274147819868,0.03188450887642285,0.030171040273133498,0.9607323403142354,0.9312093581130335,0.966346906132758,0.9454702244154133
matahari_48.jpg,matahari,242.6320743110236,348.9661479322959,210.91461614173227,448.7009114018228,0.3984681639105197,0.3125531978837782,0.36000485625587497,0.27973031710563895,7.432394192913386,9.675801351602704,7.463459645669292,11.422964845929691,6.71623077988254,6.989418650743364,6.78656210091353,7.146185110019095,0.0026993761873265933,0.0019304971959810619,0.0023367829328432093,0.0017230433741666044,0.05195552124006257,0.043937423638409454,0.04834028271372861,0.041509557624318336,0.9775208072077363,0.9674869736550687,0.980401124453396,0.9581932832599743
matahari_49.jpg,matahari,216.57129675196853,295.02436604873213,128.54835137795277,309.2218364436729,0.3528314142904352,0.263865976264886,0.3664764578927311,0.28659736187707496,7.245755413385829,9.072230144460288,5.718011811023622,9.19195238390477,7.938367112249011,8.185286327664215,7.805253034656033,8.1652482913913,0.000796266790287487,0.0005418639394535903,0.0008028153263337776,0.0005980711322821369,0.02821819962874115,0.023277971119785985,0.028333995947161735,0.0244554928856921,0.9799813626505961,0.972566334787737,0.9880612756518199,0.9712489643192695
matahari_50.jpg,matahari,463.1366879921261,715.1156922313845,427.04023129921256,797.513733027466,0.34392833682039203,0.24751212207683373,0.2967662948753008,0.23200887216955185,10.387180118110239,13.983569967139935,10.454970472440944,14.818463636927271,7.732191711230523,8.056230044277335,7.800916716875022,8.083873097502455,0.0015208118795143845,0.0009676424585659637,0.0011718946777737305,0.000931772029084389,0.03899758812432359,0.031106951933064154,0.03423294725514779,0.030524941098786562,0.9571065524235227,0.9337097927355662,0.9603529976005772,0.9260758684091047
matahari_51.jpg,matahari,601.9705954724411,996.0063240126481,423.35679133858275,885.1375782751566,0.2895863725147255,0.19408760797848384,0.30883044779389246,0.21452890406505198,12.307701771653544,17.968007936015873,10.617987204724411,16.15214830429661,8.063870655808266,8.451809435494095,7.9345260690898165,8.341675625849462,0.0013817467820482522,0.0007569039256126748,0.0016965627803325924,0.0008201110704410012,0.03717185470282929,0.027511886987494603,0.04118935275447518,0.028637581434908244,0.9436782991673083,0.9054496580721586,0.9604579999978845,0.9159743681727522
matahari_52.jpg,matahari,231.6897760826772,440.68200136400276,254.08587598425194,391.67840535681074,0.395297552843078,0.34003008542393204,0.3464927134757263,0.2662211513616983,6.4855437992126,9.564387128774259,7.260088582677165,9.726889453778908,7.460300089067683,7.777277523090929,7.608137712684362,7.863625905121619,0.0035584377809380623,0.0030832078528190785,0.0032697024012212084,0.0029704590378242697,0.0596526426986941,0.05552664092864864,0.05718131164306402,0.05450191774446354,0.9783906859179797,0.9587739419829671,0.9762681009188453,0.9633587154645804
matahari_53.jpg,matahari,354.1166338582678,536.2331824663648,284.0828001968504,569.003782007564,0.34083521990217946,0.2763449911090773,0.37210377833861696,0.2657884291022364,9.880413385826774,12.780519561039121,8.647883858267717,13.313286626573255,7.520464402942394,7.7471474105775515,7.391971221581043,7.793647172003634,0.0032847426534696835,0.0027568567134158245,0.0039017884432253234,0.002869180764711582,0.05731267445748526,0.052505777905063215,0.06246429734836792,0.05356473433810329,0.9680123871685476,0.9514698637536956,0.9742554130223429,0.9485069267665293
matahari_54.jpg,matahari,156.0465059055118,430.3046066092131,353.8158833661418,470.03273606547214,0.3665985210114061,0.2422083229581904,0.3039829544328504,0.24352694699880684,6.215674212598426,10.888771777543553,9.229515255905513,11.321718643437286,7.832396069945844,8.322360918135276,8.141654293130077,8.34678790740712,0.0009116958541534269,0.0005167586750326328,0.000678782912741607,0.0005140044380156959,0.030194301683487017,0.022732326652426776,0.026053462586412713,0.022671665973538334,0.9856230854193458,0.9601732242645785,0.9672379759475866,0.9564967429048981
matahari_55.jpg,matahari,232.42568897637796,392.9143158286317,216.80044291338584,315.44658689317373,0.7151552055566112,0.6444989510356958,0.7189587920515979,0.6811653055386009,4.206569881889764,6.048670097340195,3.846579724409448,5.455886911773822,4.9292692761936365,5.140130437914028,4.877608564376065,5.0563143166513385,0.051292794541155484,0.04682861793028441,0.05103161561303591,0.04907075714083227,0.226479126060561,0.2163992096341491,0.22590178311167866,0.22151920264580285,0.9764275192451612,0.9601078038115841,0.9779341557007541,0.9679707980609416
matahari_56.jpg,matahari,183.82744832677167,440.4146568293137,268.9385457677165,337.30194060388123,0.4144540033276598,0.306866226408372,0.36742122020267687,0.3045904209502755,6.177472933070866,9.548143096286193,6.987143208661417,9.020336040672083,7.256380688402418,7.60223642787931,7.336613239710856,7.618221857640419,0.001761122907011439,0.001247753937010757,0.0015354566841946184,0.0011729320997237072,0.04196573491565993,0.03532356065023396,0.03918490377932066,0.03424809629342494,0.9828856292334035,0.9587344734191241,0.9748266571832005,0.9683939498061805
matahari_57.jpg,matahari,342.75110728346453,477.54677909355814,194.62721456692913,457.9576539153078,0.2698162737063742,0.2140080443464028,0.3281044589562444,0.2243722320043846,9.337475393700787,11.76824353648707,7.031742125984252,11.171120342240684,8.039839952970581,8.251767040677342,7.779526445197955,8.196676582216961,0.0006226444948007083,0.00047159533837946697,0.0008399363112202787,0.0004981305765203133,0.024952845424935175,0.021716245955032534,0.0289816547357165,0.022318839049563336,0.9681459741184987,0.9555930867746432,0.9819631026943503,0.9574105808482668
matahari_58.jpg,matahari,262.8804133858268,449.79378758757525,230.10131643700788,438.0546221092443,0.24282704220523338,0.18313077802945035,0.25356209921313266,0.19489819257383362,9.46628937007874,12.923057846115693,8.959215059055119,12.603447206894415,8.297930074264029,8.561365855913323,8.234543075362602,8.533066419632618,0.00043341431897707546,0.00031913784455010166,0.000468531576711591,0.0003281001663993532,0.020818605116027237,0.017864429589273253,0.021645590237080414,0.01811353544726576,0.9756872776014073,0.958548271846945,0.9787590740535433,0.9596268607488462
matahari_59.jpg,matahari,95.54041584645668,185.48254696509397,113.81151574803152,188.18965837931677,0.32009138134627646,0.27613893362377395,0.3476055854452589,0.2461663877657978,5.472379429133858,7.651931303862608,5.647883858267718,7.801909603819208,7.709289363479511,7.977368339748755,7.694632227569996,7.99901578867245,0.0008199633708837731,0.0006401976967882264,0.000883422299071161,0.0005943347493366201,0.028635002547298175,0.025302128305504785,0.029722420814448494,0.0243789817124633,0.9912196079125885,0.982933328242873,0.9895357862122066,0.9826838578645744
matahari_60.jpg,matahari,95.10672982283464,217.10974021948044,201.98259104330708,283.0141360282721,0.48721763342223784,0.36091497271154843,0.4100892204353186,0.3587446651796089,3.994156003937008,6.930931861863725,5.941744586614173,7.162564325128651,7.020123632172377,7.470585775754775,7.288833442877797,7.459761219181878,0.0027149916360379596,0.0018241486665873698,0.002179864039903861,0.001864924059688779,0.05210558162076266,0.04271005346036656,0.04668901412435115,0.04318476652349505,0.9913393472427406,0.9801467580595326,0.9815015671486251,0.9741220635365708
matahari_61.jpg,matahari,454.3432578740159,637.974827949656,236.5379552165354,568.6869613739228,0.2665896572571339,0.20766093769634014,0.3414716159869828,0.21102446734526034,11.072957677165356,13.816231632463264,7.681163877952756,13.113026226052453,8.25105092083312,8.4707222593033,7.927702351452505,8.434207974821486,0.0006171498549051788,0.0004612530150102151,0.0009616509101182264,0.0004742592410350671,0.024842500979272975,0.021476801787282368,0.03101049677316096,0.021777493910803122,0.9578045964302905,0.9407195175602958,0.9779842160111517,0.9471627990816459
matahari_62.jpg,matahari,382.1513287401575,554.3088846177691,303.5080585629922,537.9088598177198,0.5291712020008406,0.4166787233805251,0.4226472484857698,0.36036442165744986,5.356914370078741,7.53227106454213,5.694574311023623,7.905635811271623,6.659020642472604,6.9946852995459725,6.877558900953796,7.105927866614914,0.0030341689101346953,0.0020908099352313766,0.002195384883933831,0.00180765976263182,0.055083290661821355,0.04572537517868363,0.046854934467287765,0.04251658220779064,0.9647429991911289,0.9484690389819581,0.9717667723574335,0.9499970186893886
matahari_63.jpg,matahari,353.7161048228347,574.3107446214892,390.07031250000006,686.231322462645,0.3198791781983698,0.23105883524845888,0.29058599686200937,0.2176811566667036,9.273560531496065,13.084382168764337,10.33544537401575,14.31688263376527,7.857838427666937,8.206162628356687,7.982038431429,8.272943234503263,0.0008231931747066622,0.0005105448241772546,0.0006935166458223544,0.0004957011588026524,0.028691343201507003,0.02259523897145712,0.02633470420988917,0.02226434725750235,0.9673122085367651,0.9467209029005247,0.9637917195584088,0.9363344827166403
matahari_64.jpg,matahari,255.0451525590552,376.03521607043217,132.15083661417322,320.32072664145323,0.32768367713953084,0.2497632202109219,0.3480126033898732,0.28143774562552004,8.165969488188978,10.563829127658256,6.036417322834645,9.501829003658006,7.84969349304027,8.122773625080365,7.667924366208505,7.989839045126708,0.0009523664066859387,0.0006140468601849846,0.000935581644112507,0.0008016770947051719,0.030860434324324386,0.02477996893026673,0.030587279122414716,0.0283139028518707,0.9765905024498426,0.9655813500123769,0.9878907322858044,0.9706800630811458
matahari_65.jpg,matahari,209.8431348425197,429.8290656581314,333.8400590551182,507.3768987537976,0.4992380193664159,0.29887145058867237,0.29836746092236177,0.23453065948251503,6.231422244094488,10.168454336908674,8.761195866141733,11.218674437348875,7.328704617821646,7.8701045243908805,7.7659565682628315,7.975880226694223,0.002271414882185233,0.0010692532390086792,0.0010769834772091423,0.0008978716574830385,0.047659363006498874,0.03269943790050036,0.03281742642574433,0.02996450662839351,0.9805258191161664,0.959852524871497,0.9687475362857452,0.9526096601068886
matahari_66.jpg,matahari,184.89726870078744,265.73749147498296,116.05671751968504,267.0184140368281,0.362851014953841,0.2688844207155324,0.32501960398909213,0.2780098859818081,6.804995078740159,9.003162006324015,5.790108267716535,8.755781511563024,7.640765182350426,7.950034733159093,7.6277219986716664,7.914188687609116,0.0025402776025278623,0.0017329666998598674,0.0019312126636948585,0.0018044999819927102,0.050401166678241315,0.04162891663086931,0.04394556477842626,0.04247940656356572,0.9831005098816241,0.9755816988994886,0.9893471258018045,0.9754623608313889
matahari_67.jpg,matahari,118.55899360236221,256.06423212846425,180.2140748031496,235.39196478392958,0.4806678957984331,0.2861238421677175,0.33042535597181744,0.2952008935271269,4.347502460629921,7.986855973711948,6.471456692913386,7.526877053754108,6.9369238676664065,7.498569685186618,7.302429867430748,7.4516877236434285,0.0024658520996729497,0.0013818946975732629,0.001647099668711056,0.0014389225876845952,0.04965734688515839,0.03717384426681296,0.040584475710683465,0.03793313311189303,0.9891516978392035,0.9765635262128284,0.9834971949838814,0.9784565963729278
matahari_68.jpg,matahari,253.48369832677167,353.1164362328724,167.7170275590551,374.8457436914873,0.3022821404481022,0.24646130357249302,0.3098495066043345,0.22154088135525732,8.173781988188976,10.03019406038812,6.888533464566929,10.863723727447454,8.012640478137524,8.211721802207625,7.913369111694001,8.298506593408966,0.0006701341527683056,0.0005326459905818316,0.0007172718813211064,0.0004613817895253124,0.025886949468183876,0.023079124562726195,0.026781931993810796,0.021479799569020946,0.9766355762997958,0.9674550619145658,0.9846190701725634,0.965450813273668
matahari_69.jpg,matahari,547.9547859251968,654.1450182900367,239.63847194881888,719.724161448323,0.5460678327916273,0.48204025082702306,0.5996558661190164,0.48419289746034666,10.019500492125983,11.508029016058032,6.182271161417323,12.44671089342179,5.759196585091146,5.920722886612534,5.478439729502211,5.973535144722542,0.01584560487236209,0.014322951207747542,0.01796438456158162,0.01422224761493357,0.1258793266281723,0.11967853277738469,0.1340312820261808,0.11925706526212008,0.9496504177355859,0.940019859526742,0.9780597186685256,0.9340047469923095
matahari_70.jpg,matahari,320.96456692913387,673.0663401326801,508.919844980315,675.3072726145452,0.6851920973404282,0.616918841568335,0.663044714704527,0.6085458440731373,4.794168307086614,8.63233926467853,6.647822342519685,8.815611631223263,4.144488721142275,4.420302140640109,4.261786732716471,4.452285471043157,0.20865709956517567,0.19910073988416316,0.2068893164885939,0.19916657056948558,0.45678999503620443,0.4462070594288745,0.4548508728018381,0.4462808203020667,0.9830079455215872,0.9644261455283438,0.9731088460761788,0.9643077045943118
matahari_71.jpg,matahari,139.80505659448818,206.90792981585966,128.7782972440945,230.38489676979356,0.34661698513554656,0.2887532194303104,0.38253720123931073,0.2801073607264729,5.438299704724409,6.977617955235911,4.950418307086614,7.564015128030256,7.842995639554866,8.055455097820419,7.719938837867755,8.107162351685595,0.0007837922169984965,0.0006395249940974184,0.0009631608008333205,0.0006255289341132343,0.027996289343384356,0.025288831410277112,0.03103483205743702,0.025010576445040893,0.9872378949648842,0.9810337055970555,0.9882369834169464,0.9788837519162255
matahari_72.jpg,matahari,287.9964936023622,533.9282038564077,342.57824803149606,558.1794283588567,0.6049287022096026,0.35138937474190546,0.40273311564419584,0.38475124598111066,5.4781619094488185,8.91760183520367,6.921998031496063,9.022630045260092,6.84496699641857,7.461846267495428,7.277890991882905,7.412766579892605,0.0035890461795572027,0.001547544852173218,0.0017390894767141097,0.001664399075589645,0.059908648620689176,0.03933884660451063,0.04170239173853353,0.040797047388133924,0.9734661524779682,0.9506768269724188,0.9682026873025855,0.9484350091516237
matahari_73.jpg,matahari,177.00873523622045,303.5936511873024,195.06299212598424,303.4733709467419,0.6465744155029814,0.5742695907305899,0.626367360321463,0.5795267134834924,3.624507874015748,5.676607353214706,4.006520669291338,5.6335792671585345,4.756504223975619,5.015410379500948,4.813782493181569,5.001814266804893,0.148563836983631,0.14062582400073348,0.1479118669296909,0.140661959667276,0.385439796834254,0.3750010986660352,0.3845931186717866,0.3750492763188272,0.9897970547810812,0.9824526399629367,0.9887563909191041,0.9824595920209859
matahari_74.jpg,matahari,611.9563238188975,920.7532395064791,571.7225024606299,858.7612995225991,0.8200603345888574,0.7836591931722865,0.8202561729550615,0.7896337912475898,4.39800688976378,6.4123628247256494,4.059116633858268,5.996837993675987,2.5318951234265126,2.667152464622884,2.528402086125937,2.651392574499541,0.48531029404588105,0.47669124577507627,0.4866029270022407,0.47780873948504676,0.6966421563800751,0.690428306035519,0.6975692990680142,0.6912371080063966,0.969242987366967,0.9539152233090199,0.971252743756537,0.9570179924204584
matahari_75.jpg,matahari,289.1019931102362,702.3896707793416,532.099532480315,675.0916981833964,0.3132573701689526,0.2217889950548353,0.2817521968939779,0.22587112211230354,7.584522637795275,12.64473928947858,10.001107283464567,12.082956165912332,7.798380091984144,8.226915522789298,7.982423271958056,8.186304649435836,0.0007197240346629131,0.0004633518474055363,0.0006173731219532752,0.0004664693438755097,0.026827672926717165,0.021525609106493045,0.024846994223713968,0.021597901376650224,0.9732250171694762,0.9351099513070202,0.9508141480393563,0.9376305143768975
matahari_76.jpg,matahari,269.9377460629921,521.6773513547028,404.5286663385827,605.8720937441875,0.514322506609801,0.3034246717707522,0.3052450188064583,0.23937010969860598,6.61675688976378,10.671833343666687,9.076525590551181,11.730237460474921,7.28793611410027,7.835662008786628,7.721435496152031,7.938294717674273,0.0024017101256858762,0.0010972703450769913,0.001106621231797151,0.0009301940607725223,0.04900724564476029,0.03312507124636853,0.0332659169691315,0.030499082949697394,0.9749738522101068,0.9513293375209617,0.9621640157437737,0.9434749748341197
matahari_77.jpg,matahari,175.3536540354331,317.9355198710398,237.00006151574803,369.8621737243475,0.4436726763180563,0.41578102686232243,0.40540190691139666,0.2896599650089615,5.375799704724411,7.1727943455886916,6.070558562992126,8.573811147622296,6.793620182732749,6.975205629429656,6.89150728380614,7.222471157210983,0.002766057350962359,0.00254431725925886,0.0025093626847409946,0.0017899061776175508,0.05259332040252221,0.05044122579060564,0.05009353935130752,0.04230728279643531,0.9838753240547276,0.9706825214273255,0.9781112339244807,0.9658922748993106
matahari_78.jpg,matahari,663.4292568897638,973.1976563953128,450.888779527559,889.4143468286937,0.5083109758538203,0.4028975783694814,0.4546621000651885,0.40112396040664405,10.326648622047244,14.010354020708043,9.051550196850393,13.377642755285512,6.667618712848415,6.982678478684998,6.715736829794535,6.980189319935184,0.013153973024254643,0.01140210495437421,0.011876457895982198,0.010931609004392292,0.11469077131249333,0.1067806394173317,0.10897916266875149,0.10455433517742004,0.9366278864806158,0.9068309659590614,0.956903538856836,0.9148501487090525
matahari_79.jpg,matahari,319.2933070866142,512.4062248124496,329.4539862204724,450.3774567549136,0.5675187310049679,0.48314605722956905,0.5452433389728637,0.4965076202411977,6.021038385826773,8.99224998449997,6.596825787401574,8.38192076384153,5.287493988909555,5.602560101040604,5.3853971529363465,5.586070979088877,0.11657780310189528,0.10886508132988987,0.1162433642005956,0.11149125497457395,0.3414349178128905,0.3299470886822459,0.3409448110773877,0.3339030622419836,0.9806466034388776,0.968830377864008,0.9800280571560546,0.9726035819514919
matahari_80.jpg,matahari,203.0979330708662,352.4689689379379,211.84307332677167,366.6021452042904,0.3814902663199186,0.31097545880573474,0.38551090933817966,0.2922890012957211,6.522022637795277,9.008494016988035,6.38490403543307,9.186930373860749,7.681026841059005,7.951430365192607,7.657037050639015,7.979418022676587,0.001751618920718311,0.0013753925455646807,0.0015389703020616977,0.001090010922039328,0.04185234665724624,0.03708628514106907,0.03922971198035614,0.03301531344754019,0.9814776159441371,0.9677717385062677,0.9806505608897402,0.9664791736149564
matahari_81.jpg,matahari,325.6339812992126,319.90551181102364,277.5616387795275,649.6320292640586,0.42340780030886205,0.3776826540907511,0.6105403959978213,0.39161990155870474,6.564468503937007,6.788641577283155,5.202632874015748,9.74226548453097,7.00729981561438,7.091272169866792,6.606145491081813,7.217417098798077,0.002075730774996706,0.0019007771911011613,0.00396173564563926,0.0019095453901739226,0.04556018848728247,0.04359790351726974,0.06294231998933039,0.04369834539400688,0.9701406227145289,0.9707342670953407,0.9746436688880543,0.9405696061707328
matahari_82.jpg,matahari,342.75110728346453,477.54677909355814,194.62721456692913,457.9576539153078,0.2698162737063742,0.2140080443464028,0.3281044589562444,0.2243722320043846,9.337475393700787,11.76824353648707,7.031742125984252,11.171120342240684,8.039839952970581,8.251767040677342,7.779526445197955,8.196676582216961,0.0006226444948007083,0.00047159533837946697,0.0008399363112202787,0.0004981305765203133,0.024952845424935175,0.021716245955032534,0.0289816547357165,0.022318839049563336,0.9681459741184987,0.9555930867746432,0.9819631026943503,0.9574105808482668
matahari_83.jpg,matahari,418.7848794291338,586.5547151094303,202.40538877952758,518.4526009052018,0.26557770285688764,0.20211611724631212,0.3289156462859337,0.20309469828880372,10.839751476377952,13.54212908425817,7.455462598425197,12.834769669539341,8.256300601760143,8.486102341836995,7.949707739229559,8.453225981074194,0.0006017955151144677,0.0004431150284583415,0.0008887371900720365,0.00045354768618893055,0.02453152084797165,0.02105029758598062,0.02981169552494518,0.021296659038190252,0.9611265974837911,0.9455206172717164,0.9811715093095417,0.9518505494775107
matahari_84.jpg,matahari,253.48369832677167,353.1164362328724,167.7170275590551,374.8457436914873,0.3022821404481022,0.24646130357249302,0.3098495066043345,0.22154088135525732,8.173781988188976,10.03019406038812,6.888533464566929,10.863723727447454,8.012640478137524,8.211721802207625,7.913369111694001,8.298506593408966,0.0006701341527683056,0.0005326459905818316,0.0007172718813211064,0.0004613817895253124,0.025886949468183876,0.023079124562726195,0.026781931993810796,0.021479799569020946,0.9766355762997958,0.9674550619145658,0.9846190701725634,0.965450813273668
matahari_85.jpg,matahari,303.9953863188976,548.0894041788083,384.20743110236214,608.1881083762169,0.326899111347368,0.24415069050571206,0.31573874900751653,0.25182625796167485,7.809116633858268,11.33486266972534,8.887180118110237,11.996775993551987,7.595583687443232,7.943889819217234,7.689402680555907,7.959568746445647,0.0012515953376633316,0.0008339033976102549,0.0011384935489597541,0.000904079742315353,0.035377893346881635,0.02887738557436,0.03374157004289744,0.030067918822481762,0.9719159794148111,0.9494247429057467,0.9645109276994365,0.943878015204807
matahari_86.jpg,matahari,417.6690452755906,850.9812759625518,603.5635457677165,809.2807365614731,0.5847898685879616,0.3824614329443434,0.423897823453812,0.39660284113168165,7.134350393700787,12.333870667741333,9.66529281496063,11.543493086986171,6.397032600188337,6.990222786036988,6.801853559267409,6.92495489620045,0.005841051965307056,0.003256127040495136,0.0036387685080057665,0.003536759383023383,0.07642677518584083,0.057062483651652736,0.06032220576210527,0.059470659850243655,0.9610117669630662,0.919864749276695,0.9430605700905057,0.9237911156778472
matahari_87.jpg,matahari,311.88176673228344,541.1644863289728,330.6360728346457,485.6111352222705,0.4020117702508475,0.3613600132652611,0.36074461360652776,0.26766326220407655,6.916338582677165,10.01736003472007,7.598794291338582,10.238700477400956,7.415449172013741,7.712919800224345,7.558892485168871,7.81968915719126,0.004163061976026296,0.003679228202898095,0.003812750301281852,0.0034556468145734358,0.06452179458156986,0.060656641869609756,0.06174747202341042,0.058784749846992085,0.9707823545711576,0.9491449750506313,0.9689753073600895,0.9543663559510497
matahari_88.jpg,matahari,96.82541830708661,170.01630603261208,86.85230068897637,163.995783991568,0.3885749221012822,0.3084357786155664,0.3896458300230544,0.34509870257312925,5.23314468503937,7.281604563209127,4.942728838582678,6.806125612251225,7.309656982779043,7.580228549575569,7.255524791946179,7.4867141529948515,0.004050457807946866,0.0035498963055710228,0.004472534701905341,0.0036272897891446478,0.06364320708407824,0.059581006248392805,0.06687701175968722,0.06022698555585069,0.9913475900784523,0.9848464620072066,0.9922632644482728,0.9853825782915616
matahari_89.jpg,matahari,329.4430979330708,780.3351106702214,571.0883366141732,737.2432264864531,0.5509612819240265,0.33366220821616227,0.36563710948185896,0.326909646184422,6.049151082677165,11.413416826833654,9.321235236220472,11.146258292516585,6.983715883091538,7.644878561773323,7.503367895415823,7.654163221481963,0.0035086927473659633,0.001867340023352624,0.0019758414760970146,0.001839165312653894,0.05923421939526141,0.043212729876190695,0.04445043842412597,0.04288549070086402,0.9694036014713637,0.9271770426810902,0.9465793235101937,0.9311999604586918
matahari_90.jpg,matahari,303.9953863188976,548.0894041788083,384.20743110236214,608.1881083762169,0.326899111347368,0.24415069050571206,0.31573874900751653,0.25182625796167485,7.809116633858268,11.33486266972534,8.887180118110237,11.996775993551987,7.595583687443232,7.943889819217234,7.689402680555907,7.959568746445647,0.0012515953376633316,0.0008339033976102549,0.0011384935489597541,0.000904079742315353,0.035377893346881635,0.02887738557436,0.03374157004289744,0.030067918822481762,0.9719159794148111,0.9494247429057467,0.9645109276994365,0.943878015204807
matahari_91.jpg,matahari,471.0795398622048,734.5128030256062,361.6696604330708,602.8889577779155,0.38712898389772576,0.318065748994353,0.39990167309030317,0.3433835213188065,8.810716043307087,11.988529977059954,7.547244094488189,10.449128898257795,6.488162400266493,6.780298549670782,6.378804365933126,6.660084959856539,0.003381035082382666,0.002559981621916248,0.0036119140231444524,0.002920081294313496,0.058146668712684355,0.0505962609479816,0.06009920151836006,0.054037776548572905,0.9563988995280815,0.9321231932314072,0.9664893685147194,0.9442824449973203
matahari_92.jpg,matahari,210.85420767716533,458.746853493707,305.33999753937013,434.07309814619634,0.29723349113144243,0.20011408430079794,0.27053855986929687,0.2079274819797956,7.340674212598424,12.239196478392959,9.250553641732285,11.54721309442619,7.627661549589522,8.108255022809024,7.825424630684186,8.043385673087839,0.0008530012177211854,0.0005087400589582009,0.0007234628116717175,0.0005491848667372703,0.029206184580002664,0.0225552667676133,0.0268972640183294,0.02343469365571631,0.980670043235852,0.957922843695884,0.9719507658657573,0.9601819521704426
matahari_93.jpg,matahari,475.2248400590551,765.8154876309754,430.421936515748,762.235042470085,0.3685033411107289,0.2779809953523935,0.35247258745490584,0.2828379562043928,9.688545767716535,13.708475416950835,9.646838090551181,13.69489738979478,7.495141388003576,7.862622777070662,7.538432156471862,7.8489805061449855,0.0019869102238204476,0.0012969323477242032,0.0015896954401330677,0.0013246073364240473,0.0445747711583632,0.03601294694584439,0.03987098494059393,0.03639515539771808,0.9564845533759778,0.9299468445689121,0.9605612527281937,0.9302745144903339
matahari_94.jpg,matahari,102.98209891732282,185.3220286440573,112.24741633858268,189.68032736065473,0.3832749038490265,0.31442352210234153,0.39020822854810744,0.31098693734853516,5.302842027559055,7.434124868249738,5.312376968503937,7.56215512431025,7.644297476437393,7.923434295001487,7.628394771381492,7.93964864326865,0.005490583246791493,0.005164699894778919,0.005600018158044129,0.005102740132940121,0.07409846993556272,0.0718658465112526,0.0748332690589161,0.07143346647713605,0.9907633808073938,0.9833647704031417,0.9899541596189243,0.9829741217034973
matahari_95.jpg,matahari,745.4128937007873,994.7125054250109,510.9461737204726,1112.3303986607975,0.2641018116004553,0.20841230784423947,0.2829885212995975,0.20015553645582018,12.917322834645669,15.629735259470522,10.195435531496065,17.013764027528055,7.955999085443972,8.154204631511712,7.771200062945372,8.21784133632061,0.000648439407230377,0.00048301590806170027,0.0007481659860780663,0.00047036333145144437,0.025464473433204484,0.021977622893791317,0.027352623020070056,0.021687861384918624,0.931446589180874,0.9084346437778933,0.9528270526757014,0.8976037644446068
matahari_96.jpg,matahari,486.68860728346453,769.5404550809103,597.2592273622047,908.7397854795711,0.7502182742866235,0.7264823906105258,0.7693093259744093,0.7066299117393093,4.47699311023622,6.544609089218179,5.120570866141732,7.5754231508463015,3.359016703566253,3.490303124236542,3.358289086015646,3.548235698022256,0.3523968868006096,0.3431211369831756,0.35057059072858376,0.34063179683182476,0.5936302610216309,0.5857654282929095,0.5920900191090741,0.5836366993531377,0.9755714459936802,0.9614945149268811,0.9700362944670534,0.9545293999631844
matahari_97.jpg,matahari,306.14031742125985,430.30392460784924,195.77349901574803,443.72620745241494,0.3203482824044356,0.2556174775656176,0.3759082342838687,0.26603237425791815,8.250922736220472,10.236468472936947,6.228469488188976,10.265856531713064,7.661695124994686,7.870978630078904,7.414371627310822,7.853800956007749,0.0009229348903033744,0.000701922973689087,0.0011481356580877223,0.0007241663686625779,0.03037984348714414,0.026493828973726825,0.03388415054398918,0.02691033943789223,0.9718508713468792,0.9604170896617003,0.9819283556150696,0.9591815882732138
matahari_98.jpg,matahari,413.59633366141736,571.04154008308,203.1904527559055,522.2884245768493,0.3229162416049356,0.25205194794250907,0.3559641428134016,0.2642446652985795,9.366387795275593,11.689193378386754,6.691437007874017,11.142414284828572,7.649702301217434,7.878846678158723,7.421645117357821,7.842510269805612,0.000936917462213831,0.0006810019200049558,0.00110900716186198,0.0007389735158911078,0.030609107504365934,0.026096013488748734,0.03330175914065171,0.02718406731692496,0.9618712954065022,0.9475314075505806,0.9813116554003117,0.9520135568385439
matahari_99.jpg,matahari,264.16707677165357,445.5934651869304,183.14105561023626,344.0730361460723,0.3462153706011384,0.2739335972837469,0.3582767038644947,0.2770063673442952,7.912032480314961,10.894227788455577,6.712782972440946,9.873395746791495,7.420988130429214,7.721262331098383,7.326825765719077,7.66920620324383,0.0020065160979931334,0.0015985952983747992,0.002033544655468218,0.0016170254300952522,0.04479415249776619,0.03998243737411214,0.04509484067460731,0.040212254725335315,0.9758702012829845,0.959394122778503,0.9833333110264091,0.9686451258039972
matahari_100.jpg,matahari,1301.4777312992126,2374.02263004526,1930.5920890748034,2349.749271498543,0.4792483986945948,0.36061076770324485,0.5174014837277896,0.3629726543353351,17.72121062992126,27.998821997643997,21.401021161417326,27.699051398102796,5.53103430490529,5.868738577566724,5.43632456341835,5.8595995040927455,0.01930277591023932,0.01272516123059402,0.021487129888322284,0.013060982101876166,0.13893443025484833,0.11280585636656468,0.14658488969986738,0.11428465383364543,0.8884480321955676,0.7962172946765662,0.8338687317635383,0.7983141098079666
