Filename,Label,Contrast0,Contrast45,Contrast90,Contrast135,Homogeneity0,Homogeneity45,Homogeneity90,Homogeneity135,Dissimilarity0,Dissimilarity45,Dissimilarity90,Dissimilarity135,Entropy0,Entropy45,Entropy90,Entropy135,ASM0,ASM45,ASM90,ASM135,Energy0,Energy45,Energy90,Energy135,Correlation0,Correlation45,Correlation90,Correlation135
anggrek_1.jpg,anggrek,653.8989296259844,1000.7608035216072,448.6641240157481,740.3435426870855,0.5205594366656771,0.5010596064673208,0.5337093598342798,0.498655804802898,10.094180610236222,12.21024242048484,8.054256889763781,11.450740901481804,5.3929968706533264,5.49860604408586,5.305522630069557,5.5062965511227855,0.16915138987748687,0.15948131716463074,0.17202776953161333,0.15930569371213765,0.41128018415368234,0.3993511201494629,0.41476230485859406,0.39913117356595645,0.886287958315421,0.8266417604186749,0.9219186820409079,0.8717529175863014
anggrek_2.jpg,anggrek,859.8094857283465,985.6917973835949,663.4263656496063,899.7939735879472,0.19024106653916192,0.15855731672447781,0.24263894854501242,0.16969843495256667,14.476193405511811,16.295182590365187,12.096887303149607,15.331948663897329,8.617718636884788,8.76200405304002,8.443278706892915,8.724050814722464,0.0004322941995493366,0.0003430783723121169,0.000534088836732361,0.00035891763766911504,0.020791685827496926,0.018522374910148992,0.023110362107339664,0.018945121738038924,0.8678766043634188,0.8481081112586972,0.8976378088229189,0.8613465756344335
anggrek_3.jpg,anggrek,818.1651082677167,1115.9296298592594,753.5161786417324,1281.6280612561222,0.4444855444296127,0.41340873902258635,0.44246139507331494,0.4115198633491311,12.957308070866144,15.624961249922498,12.329047736220476,17.163804327608652,6.218390085267528,6.34383282424596,6.205846118739633,6.396818167928229,0.09664219188057521,0.09110667592033922,0.09770643778348106,0.09078466083028014,0.3108732730238726,0.3018388244085562,0.3125802901391594,0.30130492998004554,0.8352042727866832,0.7758499380356236,0.8482771442137172,0.7425641944388205
anggrek_4.jpg,anggrek,322.380905511811,375.97674995349985,161.525406003937,348.53555707111417,0.5449441386680044,0.5381650602407235,0.6120519066487514,0.5288149423465678,6.978592519685039,7.765453530907061,4.632935531496063,7.473866947733896,6.579926058557607,6.638624747656101,6.327212486557706,6.6547919111950655,0.00779565847461773,0.007615976605875957,0.00996354366976312,0.007245042576141324,0.08829302619469859,0.08726956288349311,0.09981755191229205,0.08511781585626668,0.7882056112943279,0.7546210207295245,0.8940161146972148,0.7725314975707289
anggrek_5.jpg,anggrek,119.19635826771653,205.89614979229958,144.71450541338587,198.6477152954306,0.6511972699213708,0.6025842834612576,0.6192359787976848,0.6001213446422407,4.302780511811024,6.0561101122202246,5.033772145669292,5.794097588195177,4.402003106487872,4.58580310275689,4.499976549370662,4.581343891176981,0.25049437189938834,0.23967428950419936,0.24578913238637026,0.239704953214854,0.5004941277371677,0.48956540881091604,0.4957712500603179,0.489596725085916,0.9459932386382609,0.9071715630728662,0.9344867115415902,0.910439525320785
anggrek_6.jpg,anggrek,356.4829601377953,600.0008060016121,436.3439345472441,597.7253394506789,0.4790068082603412,0.4330412727690408,0.4812062620286729,0.4318695579185581,7.528481791338584,10.035650071300143,7.863127460629921,9.950895901791803,6.621553236021219,6.786969534691937,6.618782722661219,6.79283412279865,0.010967901025157524,0.008994753806979247,0.01089820386427882,0.009003456657790615,0.10472774715975477,0.09484067590954445,0.1043944628046853,0.09488654624229198,0.9296841283526647,0.8822346385378949,0.9142114768577636,0.8826811480736194
anggrek_7.jpg,anggrek,2023.5682209645668,2334.7903775807554,694.6496062992126,2225.7636555273107,0.2023379955023814,0.15606475063239797,0.2818744869835481,0.15080526530215824,21.297059547244096,24.505797011594026,11.628813976377954,23.98313596627193,8.553268060315096,8.689566398272502,8.177401680838543,8.702477995703628,0.0004735494090128805,0.0003739265957048872,0.0007828177887801087,0.00036252909011491016,0.021761190431887692,0.019337181689814242,0.027978881120947433,0.019040196693178097,0.6647216079487694,0.6141561742812265,0.8844738950895957,0.6321748240663204
anggrek_8.jpg,anggrek,612.8650959645671,724.9064418128837,234.34528789370077,685.9008618017237,0.12052639640453085,0.10294250658923831,0.19802003533454557,0.09927450556620215,14.729638287401578,16.578709157418317,9.184362696850393,16.382974765949534,8.916123026003625,9.036231129797537,8.648665997513408,9.043623693831698,0.00023774156435031626,0.00019465901663528792,0.00033208702892015155,0.00018992126768431104,0.015418870397999856,0.013952025538798584,0.01822325516805797,0.013781192534911883,0.9128098745429519,0.8969811787732328,0.966608088259618,0.9025268126425479
anggrek_9.jpg,anggrek,284.2209030511811,400.2064604129208,219.59381151574803,339.2340504681009,0.19774818221794158,0.16409677179218995,0.2477565408905339,0.17210749834926795,8.70884596456693,10.739165478330959,7.3463951771653555,10.168268336536674,8.350496809948389,8.523631254137726,8.206907853133028,8.502163910303512,0.0003947834433754805,0.00031951840207233026,0.0004792389345520879,0.000339830179319358,0.0198691580942797,0.017875077680176113,0.021891526546864836,0.018434483429685736,0.8922709978625509,0.8482985521303964,0.9171142285071541,0.8713958149612848
anggrek_10.jpg,anggrek,525.933316929134,632.7337094674191,373.64812992125985,545.6079112158226,0.7999033482029616,0.7924951443798507,0.808672008753996,0.7951078691590675,6.440452755905513,7.444106888213779,5.187623031496063,6.878789757579517,2.3168680895640206,2.3672278644534397,2.2729123359379577,2.356647170023185,0.5990590841655318,0.5924923800371501,0.6033545529615474,0.5931608101048681,0.7739890723812137,0.7697352662033552,0.776759005716411,0.770169338590461,0.7460678974988848,0.6965555285740834,0.8195934582581561,0.7383390488803903
anggrek_11.jpg,anggrek,263.2102608267717,551.0841961683924,402.7824803149606,444.81052762105526,0.33205912295056517,0.21351437957496863,0.2504366870588259,0.22698108863749591,8.240772637795276,12.615475230950464,10.705954724409448,11.50988901977804,7.990305899280872,8.348626944860648,8.23069428180401,8.317889277840568,0.0026725917099295142,0.0019298091172287495,0.0022387838354778274,0.0020044656618546297,0.05169711510258106,0.04392959272778146,0.04731578843766452,0.04477125932844228,0.9338899067409668,0.8620514882520472,0.8995267001620453,0.8886490033682037
anggrek_12.jpg,anggrek,366.28469488188983,403.1933163866328,187.45786171259846,520.0611321222642,0.26499875514448995,0.24007689287445286,0.3482094334703413,0.22553859736957707,9.185531496062994,9.72949345898692,6.209830216535435,11.154070308140618,8.250659766876531,8.331224820277006,7.937075463167568,8.393560418936609,0.0005691133818791078,0.0004908634654518984,0.0008149379702079721,0.0004738421653667661,0.023856097373189684,0.0221554387330041,0.028547118422145027,0.02176791596287449,0.9390290132997023,0.9328116434097445,0.9687059841193095,0.913346774974003
anggrek_13.jpg,anggrek,720.056779035433,863.8450616901234,356.3005659448819,866.6495752991505,0.42764174852625364,0.4131081783390133,0.468626073878378,0.41288924811435423,10.528358759842519,12.1746543493087,7.2924458661417315,11.966209932419863,6.350306006438741,6.457045588115386,6.170938653631095,6.450853750096706,0.08821975657867329,0.08456461150010772,0.09155532465117663,0.08450785076906502,0.29701810816627544,0.29079995099743006,0.30258110425334994,0.29070234049464583,0.8716588106361897,0.8457177167348734,0.9362047299271608,0.8452032843413657
anggrek_14.jpg,anggrek,652.169783464567,758.224378448757,221.1344119094488,754.6906813813628,0.1666829961174302,0.16276672251731658,0.2530712648182347,0.14541277359375643,12.0714812992126,13.073036146072294,6.549028051181102,13.426374852749706,8.698290449853669,8.746799748795159,8.288091072911865,8.794313770106893,0.0002661683790164456,0.0002535089700348661,0.00041899278134493773,0.00023869990079864841,0.016314667603615024,0.015921965018014142,0.020469313162510796,0.01544991588322242,0.9395278278926674,0.9296461404001262,0.9794611488702232,0.929974415708831
anggrek_15.jpg,anggrek,581.3622662401574,706.6460412920827,285.68694635826773,798.9898319796639,0.1098781433486893,0.09593935725624961,0.16449125444533952,0.09780978741951592,15.502768208661417,17.326802653605306,10.29890501968504,18.31787463574927,9.273661450447417,9.360441289290844,8.979667328081423,9.386929499156958,0.00012874183463210673,0.00011567603270366811,0.00018761054367811867,0.00011390009759993476,0.011346445903105814,0.010755279294544987,0.013697099827267035,0.010672398868105275,0.9293064473038168,0.9139162673736215,0.9652842998158279,0.9026768008911
anggrek_16.jpg,anggrek,742.5104576771655,1190.4077748155496,1131.8793676181103,1190.6294872589747,0.12112723875773972,0.07355688358319233,0.1020816304390928,0.08511038206000412,17.592027559055126,23.590117180234362,22.311085137795274,23.20856841713684,9.145478146447097,9.360733510511125,9.287261803423414,9.34200410812312,0.00015950349283511074,0.00011541079564272093,0.0001353717307043989,0.00012109417237620514,0.012629469222224295,0.01074294166616951,0.011634935784283424,0.011004279730005282,0.8217933956336785,0.7139460502927001,0.7279883492151601,0.7138880858549921
anggrek_17.jpg,anggrek,698.8246801181103,817.8335296670593,417.92587352362216,880.6724533449068,0.10811342811378014,0.09636395478204457,0.143254428304782,0.08607868423822976,15.966043307086617,17.75367350734701,11.867802657480318,18.673445346890695,9.166155495738712,9.242009055165536,8.945911060149102,9.28515987663819,0.0001441907791042145,0.00013153644014523438,0.00018564844258594772,0.00012373693294723688,0.012007946498224186,0.011468933696958684,0.013625286880867784,0.011123710394793497,0.8631162615451408,0.8394558106852202,0.9182897061665567,0.8270939933763508
anggrek_18.jpg,anggrek,505.4165231299213,582.7927335854672,343.36669537401576,735.1716163432327,0.322851029002143,0.262912919638559,0.3534067685692589,0.2766008108267292,9.80050442913386,11.198834397668797,8.299028051181104,12.365490730981463,7.901087307238832,8.080918716193551,7.808524896366141,8.083256761172919,0.0017000082828290655,0.0012161926487657304,0.0019509585527960117,0.0013262775611049397,0.04123115670011048,0.034873953730050894,0.04416965647133801,0.036418093869736504,0.9338899853156538,0.9239621143889992,0.9550466513490893,0.9040811704440157
anggrek_19.jpg,anggrek,348.90951033464563,492.0659681319363,257.9674581692914,491.0720441440884,0.3635964679658013,0.3021926439181999,0.34690491998666473,0.27161494499987066,7.914308562992126,9.48986297972596,6.761503444881889,9.995969991939985,8.039511583528364,8.188863192629395,7.9613825472757895,8.304077232528753,0.0010255506961209236,0.0007784054256185889,0.0009677529120683242,0.0006863854635391086,0.032024220460784424,0.027899918021718075,0.031108727265324182,0.02619895920717288,0.9358871584156023,0.9098527059364461,0.9526387734887865,0.9100346923392151
anggrek_20.jpg,anggrek,700.527128444882,960.6662533325068,560.6401328740158,956.8469836939676,0.5777295697582957,0.5580522520889459,0.5966925992861734,0.5569654777556192,10.205278051181104,12.176204352408707,8.93343996062992,12.357430714861431,5.624481376921871,5.7282179546237035,5.526315878767996,5.734626705907875,0.05338783223953167,0.049272260426844613,0.05682450433504383,0.049011849527202056,0.23105807114128618,0.22197355794518547,0.238378909165731,0.22138619994751718,0.8733936622439322,0.827286915960176,0.8986924819095302,0.8279731940538892
anggrek_21.jpg,anggrek,298.7119832677165,379.8834397668795,309.2246555118111,404.10366420732845,0.587390234303444,0.5524466973456256,0.6112562638011659,0.5637015096360815,5.607406496062993,6.7241614483228975,5.845841535433072,6.877177754355509,5.736177826186264,5.883083911983864,5.666299940559749,5.847554146728446,0.01770151977803956,0.015527071726224796,0.02071810356999621,0.016726337253282115,0.13304705850953474,0.12460767121740457,0.14393784620452055,0.12933034158031947,0.8219924182280596,0.7748633064544331,0.8157223974454418,0.7605096265602155
anggrek_22.jpg,anggrek,386.66338582677173,473.6877053754107,255.26242618110234,544.8361336722672,0.4257821680368608,0.3660153912651317,0.46325098183233204,0.3555546648094987,8.201279527559057,9.126976253952506,6.31705216535433,9.863599727199453,6.95182254907634,7.09340409160681,6.768569424168545,7.14245366252149,0.0048626106163345145,0.004103838141336148,0.0060306340705454835,0.0038914216956712155,0.06973242155794186,0.06406120621199814,0.07765715723966132,0.06238126077333814,0.8994749455162099,0.8775793163502567,0.9336913783326537,0.8591863454675218
anggrek_23.jpg,anggrek,860.2070620078741,1022.9270258540519,811.3401205708661,1240.1151962303925,0.2021274281158344,0.15231286713020403,0.18815475208496463,0.13765778503276277,13.427903543307087,15.936635873271747,13.7980437992126,17.850083700167396,8.797050102536467,8.997784016005529,8.865164216861023,9.066709703469595,0.00026869432400974177,0.00020972947891707678,0.0002636764917084522,0.00019261976647829538,0.016391898121015203,0.01448203987417093,0.0162381184780889,0.01387875233867567,0.8938687690257485,0.87428718545084,0.9000934841217955,0.8476069684304094
anggrek_24.jpg,anggrek,124.52848179133858,216.45706491412986,202.39505413385825,286.49221898443795,0.4864006511347045,0.3045285066068937,0.297369729869753,0.2675116483514509,4.257074311023622,5.985119970239941,5.9420521653543314,7.1516523033046075,7.302714350693582,7.683846184468419,7.5954725607628015,7.759686241807312,0.0013787024034009007,0.0008245086240311982,0.0009670131034598007,0.0007766083484302873,0.03713088207140925,0.02871425820095651,0.031096834299648584,0.027867693633135255,0.9664999153080968,0.9413118340718248,0.9450603829645032,0.9223255000923014
anggrek_25.jpg,anggrek,347.78198818897636,900.0708661417323,712.3024114173229,753.4001488002976,0.7561631275145761,0.7026149834220804,0.7149645048141916,0.7056642966234089,5.278543307086615,10.141050282100565,8.65784940944882,9.007936015872032,3.2443540831228823,3.428795359611698,3.359464826905076,3.4070298325779724,0.39546640970723346,0.3827544692723462,0.3904458811725243,0.383386838631821,0.6288612006692998,0.6186715358510897,0.6248566885074723,0.6191823952857679,0.9615602345806162,0.8975265313868827,0.9188185531088331,0.9142250578200048
anggrek_26.jpg,anggrek,532.8666953740158,654.7893235786472,322.86860236220474,580.1843263686528,0.18927198616769414,0.15588692542493857,0.2420363916074853,0.1634738524051231,12.184116633858267,14.08711017422035,9.323695866141732,13.120776241552484,8.607814486759992,8.744449629212017,8.41028733820882,8.714263335829136,0.00040322596514333656,0.00031955107620302664,0.0005059855700766089,0.00033263226052771157,0.020080487173954137,0.017875991614537824,0.022494123011947118,0.01823820880809603,0.9120481526959296,0.8915366888802104,0.9464717632344398,0.9038959934763121
anggrek_27.jpg,anggrek,671.8831815944883,788.3335606671214,274.3620201771654,795.244218488437,0.11504108633536177,0.1017339487131442,0.1765138281859285,0.10387291744864967,15.145238681102365,16.724161448322896,9.517901082677167,16.463636927273853,8.788737928773779,8.862693299230484,8.460017586217475,8.844365789854963,0.00023822404822544026,0.00021826319305189918,0.0003610947163300578,0.00022260116440376724,0.015434508357101636,0.014773733213101527,0.019002492371530053,0.014919824543330502,0.8451779408636995,0.8178628467025244,0.9366646059364896,0.8162862795730758
anggrek_28.jpg,anggrek,756.3213582677165,970.8355136710277,540.9418061023623,903.3865707731418,0.6391412737385188,0.6257453117166736,0.6490648156995429,0.6271477034103463,10.509842519685039,12.107880215760435,8.04552165354331,11.613739227478458,4.115984096057109,4.204974613722432,4.060596244306066,4.196501073353819,0.34280481976491284,0.3310244722665651,0.3439245229320537,0.3315375964250597,0.5854953627185384,0.575347262326471,0.5864507847484337,0.5757930152624811,0.8611833992528988,0.822676571375478,0.9007938001864504,0.8349961431704233
anggrek_29.jpg,anggrek,513.5561638779527,735.8876557753115,271.6478223425197,604.769545539091,0.5968150282702414,0.5773347972477773,0.6173848911569602,0.584887032765285,8.078309547244093,10.029636059272118,5.687807578740157,8.89267778535557,4.870131022216524,4.988978217947264,4.774566150295873,4.958855960104268,0.17757357731512338,0.1683926039437421,0.18265737367656384,0.16885828718647322,0.4213947998197455,0.41035667893156325,0.42738433953125127,0.4109236999571492,0.954166707603033,0.9346059642044733,0.9757533484848907,0.9462576644700463
anggrek_30.jpg,anggrek,463.99077263779526,815.6599913199825,583.0040600393702,648.726889453779,0.4443857247663434,0.2906807633136959,0.28013279750995806,0.2533876586915589,8.68503937007874,13.098518197036391,10.90083661417323,11.77741955483911,7.887325716830162,8.332790199425418,8.242686468190179,8.31408765188575,0.0019872337718308247,0.000968953267809195,0.0009993281705313415,0.0009143144332540757,0.04457840028344248,0.03112801419636651,0.03161215226034668,0.030237632732310175,0.9247179837401233,0.8674027391754008,0.9054079702209806,0.8945600144406839
anggrek_31.jpg,anggrek,489.1539739173229,688.8885237770476,371.2402805118111,696.1528303056605,0.27490276754259924,0.24179256887567233,0.28121006460231956,0.23775455056370035,11.414308562992128,14.385578771157544,10.912155511811026,14.938867877735753,8.107484077826642,8.293543157680567,8.086798006043166,8.322994188438884,0.00480846078879658,0.004157492907955001,0.006137891182032367,0.004179586386328826,0.06934306590277488,0.06447862365121483,0.07834469466423599,0.06464972069799549,0.9257256085008471,0.8951978520201997,0.9435689083196805,0.8940890588783037
anggrek_32.jpg,anggrek,155.55068897637796,419.7185194370388,332.1138656496064,344.2312604625208,0.2821844535644479,0.18628837928222405,0.2495004841622628,0.247357603187443,6.512057086614173,11.386818773637547,9.886872539370081,10.201748403496804,8.262324733331372,8.692774193837224,8.534253587244034,8.57021800277116,0.0005241421005302948,0.0003312484149923349,0.000485240655539905,0.0004401455265803456,0.022894149919363567,0.01820023117963986,0.022028178670509848,0.020979645530378857,0.9684964894997932,0.9149581621744522,0.9331512227084112,0.9302388552574098
anggrek_33.jpg,anggrek,535.7001107283465,649.772583545167,223.21696604330714,655.9205158410317,0.26553307861621184,0.21737811596342105,0.3034146655296145,0.21929620014774276,10.250676673228348,11.861615723231445,6.850824311023624,11.79453158906318,8.25632712849734,8.406712751082765,8.046700783572962,8.38380370810441,0.0008743516022188297,0.0006736137224521952,0.0010227787789559956,0.0006737578730287971,0.02956943696147814,0.025954069477679125,0.03198091272862605,0.025956846361389844,0.9561544397087466,0.9469251877395176,0.981775980899319,0.9464263331583779
anggrek_34.jpg,anggrek,352.28297244094483,462.73866947733904,235.93300935039372,458.6562713125427,0.4074290043912342,0.3424059085240792,0.43367331096316064,0.37401599505546357,8.501845472440944,10.227540455080911,6.975209153543307,9.838613677227354,7.471195208028792,7.669198762158215,7.350120314751056,7.584720292340099,0.0053742951724184695,0.004566288567136003,0.005739603581257945,0.004704140724544083,0.07330958445127396,0.06757431884330024,0.07576017147062132,0.06858673869301618,0.8748526443066602,0.8364129926124833,0.9161658094884317,0.837847692107291
anggrek_35.jpg,anggrek,203.09645669291336,266.51075702151405,219.39314714566933,284.20131440262884,0.3055437983955645,0.2991875304037589,0.3035875983494086,0.30063785986643266,5.663631889763779,6.516709033418067,5.913201279527559,6.705623411246823,5.723879185062157,5.765610496828268,5.735920545600235,5.778829123383432,0.012085237183169681,0.011870175330653843,0.012020359184761343,0.011761631868480426,0.10993287580687444,0.10895033423837598,0.10963739865922277,0.10845105747977023,0.9206473719874954,0.8965148153389443,0.9142821009807393,0.8896468612219519
anggrek_36.jpg,anggrek,363.40717273622056,487.6731973463947,214.93485482283467,423.02424204848415,0.2828882790371956,0.23197919563399738,0.3240967361211236,0.23532184535264525,7.3089936023622055,9.31483662967326,5.8595595472440944,8.509021018042036,8.08231211600005,8.30284648903959,7.945638715321138,8.253394166220936,0.0008106864358259968,0.0006602634570511873,0.0010542310513331962,0.0006620374701472324,0.02847255583585704,0.025695592171638842,0.032468924394460565,0.0257300888095481,0.9663753863592178,0.9550287087051001,0.9801111054467897,0.9609903239737818
anggrek_37.jpg,anggrek,287.3833661417324,394.48744497488997,171.18873031496062,398.9174158348317,0.14225350237271528,0.12165148068687526,0.217787508510268,0.11850459880042297,10.528051181102365,12.43734887469775,7.229084645669291,12.420050840101682,8.969633256165416,9.087219685257875,8.62990101853964,9.082217766310517,0.0001776902967868436,0.00015354342817309853,0.00026444846590865055,0.00015470624282435248,0.013330052392501825,0.012391264187850186,0.01626187153769979,0.012438096430899404,0.9618459087005174,0.9473923085994062,0.9771395672440117,0.9467972719938184
anggrek_38.jpg,anggrek,677.8683562992126,786.1447702895407,225.34122785433073,722.1313782627569,0.8018105986877083,0.7959157462755824,0.8147167458307403,0.7953046086565276,6.297736220472441,7.214024428048859,3.4840674212598426,6.713807427614859,2.363058810551923,2.4064914393498587,2.298426722787113,2.3963731365231786,0.5944059226375289,0.588398980319568,0.599831084855041,0.5891585154737056,0.7709772516991205,0.7670716917730493,0.7744876273092043,0.7675666195671262,0.8900042336294832,0.8731381094723053,0.9634059371926864,0.8834680896979794
anggrek_39.jpg,anggrek,308.27042322834643,440.23547647095296,296.83809055118115,457.31539463078934,0.6181183476983826,0.5784978459470979,0.6045645876488794,0.5845159667887243,5.332554133858268,6.705313410626822,5.206692913385826,6.815673631347263,4.69250378314418,4.851379652313344,4.7227139761093895,4.841107456995117,0.2488096611935411,0.23850307952336405,0.2460045623826599,0.23815364122761234,0.4988082409037977,0.4883677707664215,0.4959884700097976,0.4880098782070014,0.9482933273208832,0.926521854076206,0.9502108900812233,0.9236711053610516
anggrek_40.jpg,anggrek,804.3265871062993,891.1849463698928,606.3180979330709,1122.8656457312916,0.5968630807108763,0.5771241805160197,0.606192029569917,0.5756053600876959,10.21216781496063,11.141298282596566,8.68546998031496,12.383408766817535,4.849122792697903,4.942060827747945,4.8275983455912534,4.960069274904893,0.22290134802437578,0.2159036018735439,0.2211156449290437,0.21579384562451936,0.4721242929826592,0.464654282099653,0.4702293535382959,0.46453616180499807,0.9237158603950418,0.9158889490368023,0.9425018765414767,0.894022064939373
anggrek_41.jpg,anggrek,913.7146284448821,1151.4126108252217,483.4851747047245,1104.1600223200448,0.3435559470571986,0.2914742751834588,0.3399306185971199,0.2907903740492046,16.114357775590555,18.545601091202183,11.33015501968504,18.12716225432451,8.203959291274575,8.377102508726395,8.116568924962362,8.364792939671439,0.0024027261799640792,0.0016286478105847274,0.0020451204842839377,0.0016109672618626037,0.04901761091652753,0.04035650889986307,0.045223008350660815,0.040136856651494315,0.8182862177662851,0.7712553655514769,0.9035262838562965,0.780626291899111
anggrek_42.jpg,anggrek,544.4488804133858,666.476780953562,191.5775713582677,611.0695021390044,0.12094843856537543,0.10298138053335765,0.17158138557286473,0.10448911306093688,13.485174704724407,15.20429040858082,7.845164862204724,14.562465124930252,9.102680061140632,9.188251821320616,8.689967234163774,9.151402182461947,0.00014644047842783184,0.0001329087536344829,0.00022639467886357645,0.00013732744930924795,0.012101259373628508,0.01152860588425517,0.015046417476049788,0.011718679503649203,0.9036731860222718,0.8820154767787554,0.9661213373897117,0.8918069829244352
anggrek_43.jpg,anggrek,243.5280511811024,336.4523529047058,243.80081200787407,402.7120094240189,0.6004183379009993,0.5801271056303098,0.5983962843015018,0.5849536327468654,6.261441929133859,7.957467914935831,6.680610236220473,8.277264554529111,4.566646979914272,4.695381829896501,4.595465660557103,4.682704104529467,0.2362146372241964,0.22723340666471778,0.23452572228630794,0.22865608252141545,0.4860191737207457,0.4766900530373146,0.4842785585655305,0.4781799687580142,0.9196214386996563,0.8894670914060911,0.9196689616259188,0.867699157568555
anggrek_44.jpg,anggrek,639.4634596456692,768.3055986111974,313.0001845472442,725.1354082708166,0.6663551566697222,0.6444272204618344,0.6615309027740011,0.641400888246049,7.687130905511811,9.117304234608472,6.341350885826772,9.117676235352473,3.932616294863781,4.045452727960796,3.936111990956318,4.062181322187992,0.3488017196981659,0.33643935798008623,0.34781599189663237,0.3357857754217584,0.5905943783157489,0.5800339283008247,0.5897592660540675,0.5794702541302343,0.8055951635810975,0.7674179104233328,0.9047673021508162,0.780486425210857
anggrek_45.jpg,anggrek,391.6231545275591,433.4227168454338,237.98216043307087,573.7339574679148,0.21520790708639906,0.19254737519559983,0.2707545920667419,0.18601286461686167,10.294537401574805,11.335172670345342,7.983636811023622,12.565999131998261,8.501396346678044,8.610848571284688,8.284046338426144,8.636653092284881,0.0003901799795787093,0.00035409339837217714,0.000568856057145708,0.0003319903099599118,0.01975297394264239,0.018817369592272377,0.02385070349372756,0.018220601251328447,0.8872288090830138,0.8756288703475958,0.9315095035691187,0.8353821110137151
anggrek_46.jpg,anggrek,343.7773745078741,453.2349184698369,235.31489911417327,410.0008680017359,0.20724851961197632,0.16227806985952478,0.21426978302455474,0.16137475881704233,10.606237696850394,12.722177444354887,9.061331200787404,12.098084196168388,8.58948739738004,8.766881278474566,8.51937660233621,8.74052481925328,0.0003382987723006697,0.00025856192824667867,0.0003516815505310699,0.0002617909011625574,0.018392900051396727,0.0160798609523428,0.018753174412111405,0.01617995368233659,0.9107329367281252,0.8818038663063806,0.9383758388336563,0.8930778953224944
anggrek_47.jpg,anggrek,301.57597194881885,356.7062434124869,191.3685408464567,406.49699299398594,0.2194238132303221,0.18839888356940782,0.2691122009773426,0.1887224305411403,9.889702263779528,11.046128092256186,7.932763287401574,11.693843387686776,8.215386555819306,8.311007764084286,8.018193469237803,8.337946458257631,0.0007094083402033992,0.000614500453999358,0.0009006819771452043,0.0006032432549706069,0.026634720576784718,0.02478911966971312,0.03001136413336129,0.024561010870292103,0.8770457844199735,0.8543888541715868,0.9216991847627537,0.8340809361646423
anggrek_48.jpg,anggrek,239.80930118110234,317.4463388926778,166.20687746062995,314.24899249798494,0.18761371366723442,0.17133106422491712,0.2339067006611052,0.1558661124189362,8.710629921259843,10.241180482360967,6.824741633858269,10.174716349432698,8.455571807908552,8.588317429258572,8.242192048951221,8.597354305272734,0.00039935663367420487,0.0003538954315803108,0.00048707220217174827,0.000321432721729601,0.01998390936914509,0.018812108642582065,0.022069712326438427,0.017928544886007928,0.937380108186468,0.9170473313647266,0.956699715351297,0.917887153668302
anggrek_49.jpg,anggrek,311.79429133858275,439.1958583917168,174.05677903543307,375.3137826275653,0.29614169317991823,0.23841083926537696,0.33486341632272737,0.23934196311823197,7.0606545275590555,9.045198090396182,5.54029281496063,8.283340566681135,8.068223418818377,8.296008080954685,7.932339727269153,8.254899432553069,0.0009007936106692529,0.0007046887427521523,0.0010899764841521872,0.0007117559650210131,0.03001322392994883,0.026545974134549146,0.033014791899271256,0.02667875493760931,0.9709938272873816,0.95927785699596,0.9838061826556929,0.9652007697094783
anggrek_50.jpg,anggrek,270.8206815944882,275.987785975572,91.45011072834646,345.14284828569663,0.25846292014218425,0.22304036731182594,0.32470937864860805,0.21042072156749975,8.39105561023622,8.776055552111105,4.894008366141733,9.718829437658876,7.965520257501947,8.051270374288187,7.586881918805506,8.106180755244873,0.0011600520637564714,0.0009699373357454633,0.0016263642146424923,0.0008906333765299438,0.034059537045539406,0.031143816974569177,0.04032820619172755,0.029843481307145515,0.8985387327468554,0.897009145693914,0.9656995347112838,0.8712034892867943
anggrek_51.jpg,anggrek,177.31206938976376,202.3701407402815,96.72151820866142,196.46078492156988,0.255015209848769,0.20811088779629566,0.3838690380794774,0.19828747930069174,7.298166830708662,8.045880091760184,4.916769192913386,7.917167834335669,7.948587153538468,8.053874551137152,7.522123555795705,8.045305935594582,0.0007786116646452042,0.0006008157592606337,0.0012316526708248733,0.0005827777171085373,0.0279036138276963,0.02451154338797608,0.035094909471672285,0.0241407894880954,0.8842788039981253,0.8682376883781644,0.9369758342413975,0.8720716880376883
anggrek_52.jpg,anggrek,329.3372293307086,421.0483600967201,251.9045890748032,442.3895467790936,0.20778475221159606,0.19151930142722362,0.28765956857538244,0.17846773411679243,10.498892716535433,11.734949469898936,8.542507381889767,12.398102796205594,8.687406879636118,8.748040387290285,8.422351369039704,8.821997547583248,0.0008199047159813068,0.0007451220184850931,0.0012520380875722691,0.0006784129756491889,0.02863397834708455,0.02729692324209989,0.035384150231032384,0.02604636204250392,0.96060735382041,0.9496290587977972,0.9700063435070242,0.9470757454651004
anggrek_53.jpg,anggrek,308.44420521653547,391.3535247070495,161.05185777559055,402.3147126294253,0.2865896712717339,0.24782109756049187,0.3950741826325502,0.24381358668486872,7.491203248031496,8.700291400582802,5.178703248031496,8.66240932481865,8.182693612008052,8.314562139335044,7.860792861544773,8.312171938631963,0.0005406714304639547,0.00046118574474113424,0.0008144838677372668,0.00045434916339483623,0.023252342472618853,0.021475235615497544,0.02853916375329289,0.021315467702934323,0.9423154807487167,0.9267688519501263,0.9699854629837329,0.9247120060094275
anggrek_54.jpg,anggrek,418.6060531496063,512.4521049042099,273.5561638779527,443.5366730733461,0.4912150226306976,0.45730141089523524,0.5984481288952559,0.4613432994691697,6.924704724409448,7.827267654535309,5.443220964566929,7.553537107074212,6.470565491032471,6.573245373414782,6.156388254202207,6.579109303477668,0.008145898249804311,0.006995612106420444,0.012865186558009833,0.007130212226820384,0.09025463007405388,0.08363977586304523,0.11342480574376063,0.08444058400331196,0.8829847132674193,0.8576789819827761,0.9236988124922038,0.876817283664957
anggrek_55.jpg,anggrek,285.7560900590551,318.72843945687896,112.47422490157481,370.34348068696136,0.24942799424109655,0.22587815838720737,0.36649632070558397,0.2278429202453782,8.06908218503937,8.785479570959144,4.98111466535433,9.359910719821437,8.164254543251097,8.267083570185465,7.777244943291609,8.257614149528115,0.001360209080281442,0.0012850524182045325,0.002054490131929483,0.0012745851643355586,0.03688101246280316,0.03584762779047635,0.045326483780781884,0.03570133280895209,0.9346278229766305,0.9269083808122689,0.9743786504014347,0.9150748868791843
anggrek_56.jpg,anggrek,353.54939714566933,425.5807551615103,180.3470103346457,467.32630665261337,0.15825469466775455,0.13227370106406727,0.23497477051637383,0.1360664176358526,10.871247539370078,12.240808481616963,7.073880413385829,12.562961125922254,8.780932184147478,8.89397747775783,8.427459782551624,8.885731117933032,0.00023174362754975507,0.00019896239184877149,0.0003517534500889315,0.00020562022648008344,0.015223128047472867,0.014105402931103085,0.018755091311132864,0.014339463953721682,0.9238176860465014,0.908354719718007,0.9610255708176035,0.899364764833731
anggrek_57.jpg,anggrek,1099.2268700787401,1407.6741273482548,752.0157480314961,1276.425940851882,0.4166894391556497,0.40299951338436796,0.4256769445661046,0.40515179522447387,16.599901574803148,19.238762477524958,13.38361220472441,18.115940231880465,6.436300097439036,6.531339779586103,6.375773732184188,6.510950649572563,0.12047345170129795,0.11498337188502762,0.11986872344106016,0.11601449441351361,0.34709285746223295,0.33909198145197655,0.3462206282720025,0.3406090051855846,0.9150251190072163,0.8911152951757237,0.9418678590485339,0.9012662297069562
anggrek_58.jpg,anggrek,417.9797613188977,934.7651435302869,779.1875615157483,807.3987227974455,0.22199956693690961,0.16614366508440903,0.17701050150686087,0.17173494599292444,8.457738681102363,13.754665509331016,12.154589074803152,12.81319362638725,8.046094067631962,8.371178729169532,8.283291664917435,8.343999010992222,0.0007901969539290644,0.0005677053328190601,0.0006027983247372746,0.0005616817607247961,0.02811044207992938,0.02382656779351697,0.024551951546410208,0.023699826174991157,0.9483637799977965,0.8846399928582924,0.903870046285554,0.9003616514364494
anggrek_59.jpg,anggrek,450.2132135826773,714.5786471572944,474.92630413385837,548.6328972657946,0.24926566924033705,0.18809738871982112,0.21196036672372925,0.16276183995178714,10.032603346456696,13.532829065658131,10.893700787401578,12.174592349184698,8.413087019242177,8.70564871818932,8.574221702635398,8.693434070046315,0.0003894117895657668,0.00027605796423075277,0.00032215353737348115,0.0002638820455271266,0.019733519441948687,0.016614992152593776,0.017948636086719268,0.01624444660575197,0.9031630269956541,0.8462943349065041,0.8978196631845059,0.881992574743857
anggrek_60.jpg,anggrek,915.1659079724409,1126.1259222518445,525.2710383858268,1137.5235290470582,0.14094982499479497,0.11562794138010062,0.16174358001799866,0.12173848045513117,17.552472933070863,20.290470580941165,13.462229330708663,19.666873333746672,8.88336708525096,8.99173078407221,8.727417092825267,8.954280327696477,0.0003972772227771018,0.0003242023348080424,0.00046815315798600347,0.00033498095392247575,0.019931814337312642,0.018005619534135514,0.021636847228420398,0.018302484911139137,0.8844003370422566,0.8582617867536285,0.9335909890343477,0.8568262982138015
anggrek_61.jpg,anggrek,885.9546013779529,1045.1173662347326,412.23080708661416,1070.976687953376,0.11387147345849528,0.10169508828880491,0.19440595698339025,0.09995361130760855,17.66240157480315,19.822803645607294,10.941806102362206,19.802405604811213,9.024109631767807,9.12323838297512,8.650664423676043,9.103283783441265,0.00020150797137531782,0.00017906000223929275,0.00033928833726808074,0.00017966351265333197,0.014195350343521566,0.013381330361338994,0.018419781140612955,0.013403861855947784,0.8517374939089056,0.8249530228499347,0.9307640989977555,0.8206318819698463
anggrek_62.jpg,anggrek,846.9185531496062,1029.277202554405,484.92482775590554,901.546221092442,0.17787983052982426,0.1480104769067664,0.17517427463002772,0.10811671002917467,16.749507874015748,18.63165726331453,12.400098425196852,18.021142042284083,8.978156717974713,9.057976525894684,8.791827425424405,9.084402125761297,0.00022470882344108437,0.00019197589390280772,0.00026277774723518205,0.00017391863167383096,0.014990290972528998,0.013855536579389762,0.016210420945650426,0.01318782133916861,0.8168417626171309,0.776940004611558,0.8951310973098174,0.8046317941433117
anggrek_63.jpg,anggrek,827.7440944881889,893.1780023560048,465.65145177165346,978.9959699919399,0.600213820371854,0.5925032322301375,0.6181605346554856,0.5908758279546351,12.425688976377952,13.19548639097278,9.175688976377952,13.44311488622977,4.4276647214826035,4.4870889835384125,4.364281774125938,4.496459314668558,0.3150466274687433,0.306198335256116,0.31801627787825887,0.30550271070162055,0.5612901455296924,0.5533519090561774,0.5639293199313713,0.5527229963567831,0.8855420995085316,0.8770929564043727,0.9356062237356993,0.8652838515431964
anggrek_64.jpg,anggrek,624.8620816929135,829.200322400645,295.701156496063,740.0287680575361,0.4174410113120621,0.4003287678744871,0.4903508443940394,0.4038554926540756,9.649483267716537,11.262570525141053,6.137057086614173,10.644305288610578,6.510876270466199,6.601861738093478,6.24173195173205,6.5713125354286825,0.081839321698663,0.07936059309405495,0.08505606250714458,0.07957448756363197,0.2860757272098823,0.2817101224557878,0.2916437253004847,0.2820895027533495,0.9633116802200788,0.9512945237295745,0.9826080123521421,0.9565319701032332
anggrek_65.jpg,anggrek,199.1684916338583,238.9678839357679,152.9514640748032,250.3894227788456,0.46213840814223534,0.3710011281833033,0.45691290709050647,0.3505777429456026,5.3728469488189,6.227106454212909,4.775898129921261,6.492962985925972,7.160430706246255,7.338970525899367,7.117275216593355,7.411288571835518,0.0018133730725469267,0.0014004766679010696,0.0020335579001236137,0.0013045511861995269,0.04258371839737491,0.03742294306840484,0.04509498752770216,0.0361185712092758,0.8945187828437817,0.8732632638172027,0.9188540281360535,0.8672122169596059
anggrek_66.jpg,anggrek,290.03586368110246,536.7372434744871,310.3706323818899,398.25537851075705,0.2444833608868312,0.18068824147027213,0.2009370664806403,0.1554040301302995,8.539554625984254,12.131998263996529,9.403481791338585,10.89211978423957,8.393566248372872,8.694886299487804,8.548872357805454,8.675814966120395,0.0003840723013477278,0.0002702227488899147,0.0003157998869708678,0.00025827939311653936,0.019597762661786877,0.016438453360639337,0.017770759324544007,0.01607107317874383,0.9345601537139814,0.8788786588970499,0.9299651724046182,0.9101318844766596
anggrek_67.jpg,anggrek,503.0773252952757,530.0761981523963,263.8817667322835,617.3154566309131,0.18029291166766184,0.15644892962256315,0.22894730440155553,0.14999169027091042,10.981975885826774,11.787277574555146,7.951894685039372,12.464814929629856,8.546966287586478,8.63494662279749,8.339571831617942,8.656387468774701,0.00037843386233647476,0.00032937445749651236,0.0004885820928868423,0.0003193915495649206,0.019453376630715676,0.018148676466798134,0.02210389316131532,0.01787152902146094,0.9188725243048622,0.9146591698027099,0.9575791193968437,0.9006157895268139
anggrek_68.jpg,anggrek,328.6670767716535,527.3535247070495,328.4444512795275,529.9275218550438,0.6335285865235714,0.5894475364163703,0.6139427867962696,0.5885309232202851,6.385334645669292,8.798623597247195,6.782049704724409,8.799491598983199,4.56536504914272,4.736318848190482,4.617658290256259,4.749533213510553,0.21643957960767476,0.2051903521625879,0.21570268103915113,0.20477259610356538,0.4652306735455808,0.45297941693038096,0.4644380271243421,0.452518061632423,0.9450942197709933,0.9123131834552021,0.9451326722893632,0.9118851866653288
anggrek_69.jpg,anggrek,584.8493479330709,672.3900427800857,526.3135457677165,713.0166780333561,0.21331978305707575,0.19769980454593705,0.29476637423972024,0.18334319253997877,13.585445374015752,14.66197532395065,11.985420767716535,15.523963047926097,8.74937037968913,8.79278721705709,8.489998069585788,8.878347427286403,0.0011612497590229559,0.001076406951623501,0.0017048123085503985,0.00098198640194168,0.034077114887017,0.03280864141691181,0.04128937282825205,0.03133666226549471,0.9320381604939154,0.9218702262854205,0.9391056214987693,0.9171490596926295
anggrek_70.jpg,anggrek,640.7445866141732,972.1998883997768,619.2027559055118,882.8396056792114,0.27147644685481626,0.24103804616064525,0.2748974534761364,0.23671330056150675,12.931717519685039,16.392832785665576,12.441313976377952,15.698059396118794,8.348843970080424,8.515112461553095,8.341577796367716,8.528820995616677,0.0017197920138027774,0.0015031330205260696,0.0017378709684177183,0.0013925733722879186,0.04147037513457984,0.03877025948489473,0.041687779605271834,0.03731719941646102,0.932807773006778,0.8972913332345016,0.9346646907185877,0.9067304782071447
lili_1.jpg,lili,829.388410433071,1168.5265050530102,831.9764394685039,1275.8441316882636,0.22986510727163031,0.204587581168241,0.3058456160077153,0.20037476987930758,14.911048228346461,18.210304420608843,13.674274114173228,19.39463078926158,8.652534749335526,8.787206691578714,8.453254418498352,8.82108041602734,0.0005067007814679694,0.00044034541537990015,0.0008165784153833934,0.00043624192896597096,0.022510015137000006,0.020984408864199635,0.028575836214945544,0.020886405362483297,0.8692034550742546,0.8158553726730229,0.8690346429708292,0.7989373324146735
lili_2.jpg,lili,735.3618971456694,1228.6581313162624,815.5218380905513,1179.2886725773453,0.09090830597538799,0.07393765456179678,0.09076992657522621,0.07448514838525784,16.931902066929137,21.837373674747347,17.340981791338585,21.513609027218056,9.266430501007406,9.409454363725668,9.273226305309414,9.40788314189767,0.00012348181434644124,0.00010551245604940212,0.0001240437661539386,0.00010600256800984804,0.011112237144087649,0.0102719256251884,0.011137493710612753,0.010295754853814655,0.9045601124459722,0.8410952210558269,0.8946419016586064,0.8474798497961261
lili_3.jpg,lili,686.2703001968505,828.9927459854921,359.546875,796.7879595759191,0.1209684791642059,0.09935814250515522,0.14301278231355993,0.11063674957804522,16.0581938976378,18.122140244280487,11.95029527559055,17.736685473370944,8.960067051316003,9.040273973614076,8.803512377718626,9.040623057401353,0.00019752133010125404,0.00017638841155294066,0.00023418442832979415,0.0001791022864084292,0.014054228193012025,0.013281129904979495,0.015303085581992743,0.013382910236881557,0.8215760699150148,0.7841032098756876,0.9065875803660505,0.7925214828354669
lili_4.jpg,lili,610.134411909449,1119.8789757579516,786.9234128937009,1085.487878975758,0.09192669581547458,0.0685778685849834,0.08465340558772247,0.0716533600411992,15.642778051181107,21.875379750759503,17.89191683070866,21.6005952011904,9.184751289972604,9.408584348658094,9.277767503711097,9.402648941752728,0.00013474733980717963,0.00010395562982210348,0.00012198895247399869,0.00010486858347391438,0.01160807218306208,0.010195863368155905,0.011044860907861116,0.010240536288394001,0.8771909865394107,0.7745740131156057,0.8417112612012665,0.781472573739692
lili_5.jpg,lili,689.2897391732286,798.8885237770475,273.89640748031496,703.8364436728873,0.18748880286760172,0.16010512147037315,0.24674896298273452,0.16631848548403,13.934670275590554,15.555893111786222,8.246801181102363,13.951019902039803,8.770954476118256,8.870228122348289,8.418039407635355,8.784033201005036,0.00032240140163874087,0.00027239653958506863,0.00042510424376317505,0.0002804766599055176,0.01795553958082967,0.01650443999610616,0.020618056255699155,0.016747437413094507,0.8969641484155498,0.8803231981221684,0.9591618831933109,0.8945707784212632
lili_6.jpg,lili,746.8718011811023,1111.3657387314777,824.8288016732286,1131.1423522847049,0.3578953387344258,0.3325316899905299,0.36780608228377865,0.33892027122860496,10.728346456692911,13.654287308574617,11.017162893700789,13.695145390290783,7.141567026674682,7.26906054275169,7.120398395654721,7.265055812774495,0.021304709357465593,0.019855175490622545,0.021254725920096387,0.01984542898963658,0.14596132829439992,0.14090839396793417,0.14579000624218516,0.14087380519328843,0.9222781751920732,0.8840290119320903,0.9134918516826267,0.8819648148639705
lili_7.jpg,lili,617.1211860236222,948.6211792423586,625.7386195866143,1048.224688449377,0.2041321895297334,0.17992876248911321,0.2711416962465862,0.17848182901347515,13.878444881889767,17.21712443424887,12.841966043307089,18.357120714241432,8.757597443393617,8.880928875155206,8.587542360082356,8.918602617576989,0.0004410678377020818,0.00037188734554789466,0.0006801490043409776,0.00037533734934789604,0.02100161512127298,0.019284380870224865,0.02607966649213478,0.0193736250956783,0.8981006533570304,0.8434614849334714,0.8968473396843973,0.827019040121444
lili_8.jpg,lili,1056.5609621062993,1272.707297414595,575.863250492126,1303.9081778163559,0.08699607728343402,0.07995315255124194,0.12468096009390853,0.07961992089392375,19.200971948818896,21.207266414532832,13.548412893700787,21.28011656023312,9.202687562105972,9.261122800670936,8.978196062011683,9.255057494114936,0.00014245383715376803,0.00013242632970478913,0.00018459076224793073,0.00013332006327971985,0.01193540268083855,0.011507663955155675,0.013586418300933132,0.011546430759317784,0.8354660294152395,0.8010810196208104,0.9103214812509789,0.7961887166911453
lili_9.jpg,lili,814.9477731299214,1175.8330956661914,884.7737450787404,1239.2927645855293,0.0937352807592776,0.07018673795095715,0.09146844434289741,0.07443395073506673,17.592950295275596,22.070184140368283,18.055979330708666,22.394630789261583,9.246062122533775,9.394544034414466,9.255177091779135,9.397309434538501,0.0001289291519012726,0.00010673100892360878,0.0001258166578833158,0.00010741332165285696,0.01135469734961142,0.010331070076405869,0.01121680248035579,0.010364039832654878,0.8455730913934653,0.7772136881412027,0.832668905697285,0.765197739763286
lili_10.jpg,lili,811.3899483267717,1163.1614483228968,780.868786909449,1361.6705313410625,0.09127278551186019,0.07626578491811571,0.09942363234318247,0.06985281078500047,18.01027312992126,21.88424576849154,16.863742618110237,23.49841899683799,9.31614647058699,9.432562781847105,9.266086310983294,9.476224897430633,0.00011751415104392708,0.0001030080800319081,0.0001236029083386292,9.629835119301955e-05,0.01084039441366997,0.010149289631885973,0.011117684486377061,0.00981317233075113,0.8653349362925681,0.8069588725412258,0.8702806795528906,0.774028702910049
lili_11.jpg,lili,497.3801058070867,1018.2322524645051,713.1934055118111,928.6705933411866,0.14754121437791978,0.10561457046813313,0.1266749349971654,0.10209271696786776,12.814530019685042,18.708165416330836,15.663385826771654,18.22940045880092,8.977017438141097,9.207389123284909,9.102908978074371,9.200694378382028,0.00020437449322164273,0.00015662440649699948,0.00017790221127317253,0.00015405276021042465,0.01429596073097722,0.01251496729907831,0.013337998773173303,0.012411799233407888,0.9485125996465822,0.8943411556087492,0.9259836290739816,0.9036428613817146
lili_12.jpg,lili,792.7720226377953,954.0698121396242,492.22164124015745,959.51379502759,0.14545839174371572,0.11692502223381362,0.1765284796986882,0.12169175882535885,14.486097440944881,16.575981151962303,10.953678641732283,15.833095666191333,8.843757219877414,8.950126480924038,8.682402044406167,8.920074392257682,0.00023302268284224067,0.00019983882735450997,0.00027673193774121926,0.00020367707670749215,0.015265080505593172,0.014136436161724424,0.016635261877746898,0.014271547803496723,0.8703745914787063,0.8434265574044079,0.9197339346270907,0.8425169413564175
lili_13.jpg,lili,1441.5999015748032,1671.5263190526382,1060.6876230314963,1828.5189410378825,0.08560576936386309,0.07617118573951408,0.1042707898733229,0.07329841903875717,22.10285433070866,24.58528117056234,18.54859744094489,25.488374976749956,9.42358154394411,9.490791489050185,9.312663158561834,9.500874879635445,0.00011125510532271064,0.00010131094724338374,0.00012535120285084325,0.00010053253412973441,0.010547753567594886,0.010065333936009462,0.011196035139764578,0.010026591351488022,0.8524618406304566,0.8291757934157762,0.8915605374084787,0.8131219181752921
lili_14.jpg,lili,774.7927534448818,1046.982887965776,702.0903051181105,1053.0472440944882,0.09294862672806609,0.07219239436227551,0.1013445935339567,0.07954835013354,17.639948326771652,21.136152272304546,16.80327263779528,21.05890011780024,9.185017827212313,9.314800043805466,9.161204179268806,9.297837676946916,0.000141189918610306,0.00011873202492762478,0.00014683592599607078,0.0001238080472316937,0.011882336412099516,0.010896422574754743,0.012117587465996307,0.011126906453803487,0.8704755247642508,0.8249615849145198,0.8824686486943016,0.8239494553067506
lili_15.jpg,lili,797.7817421259845,907.6433132866266,322.0302657480315,923.4811829623659,0.09334579982277538,0.0813431838174462,0.14075793023665248,0.0805797860699996,18.05524114173229,19.508773017546037,11.550319881889767,19.973959947919894,9.185649680067797,9.242926736253617,8.894936440242965,9.266366319091775,0.00013890048532050193,0.00012871301085152855,0.00019662258562798383,0.000125330277320608,0.011785605004432395,0.011345175664198794,0.014022217571696135,0.011195100594483642,0.7948256861240153,0.7671666585655419,0.9173996492459086,0.7630970647800468
lili_16.jpg,lili,509.20620078740166,875.3387066774135,611.9758858267717,856.3551367102735,0.11687133387998447,0.08902817046136831,0.10507892229468427,0.08317645480368742,13.609251968503939,18.103416206832417,14.947465551181104,18.233988467976936,9.049147299649286,9.235051300439132,9.114517295697704,9.24285607490025,0.00016648153413494331,0.00013353725014846643,0.00015266168227648954,0.0001327069428272405,0.012902772342986731,0.011555831867436738,0.012355633625050945,0.011519849948121741,0.9281050816375913,0.8763484465956108,0.9134039604600825,0.8790331284788642
lili_17.jpg,lili,612.5067667322835,872.3760927521856,579.5428149606299,1008.0228160456322,0.18889252431587278,0.14956906483510146,0.219291422055919,0.14063100604969803,11.196481299212598,13.906875813751629,9.876353346456693,14.367288734577471,8.514997597495366,8.673417404568871,8.367451224013845,8.68749248910789,0.00039429528321947274,0.0002957796851175574,0.0004020112410342008,0.0002763943155761568,0.01985686992502778,0.017198246571018726,0.020050217979717847,0.016625110994401116,0.9586782386124827,0.9412191959533301,0.960974301302729,0.9320788074636067
lili_18.jpg,lili,283.6021161417323,456.46177692355377,269.75529035433067,419.1643003286006,0.4393152392977893,0.33790006755783647,0.3934956195564271,0.3444967364454951,7.386934055118111,10.246760493520986,7.6363188976377945,9.502077004154009,7.31337552817204,7.6483580832728375,7.428202985483288,7.600392125263535,0.004588364889620405,0.0034181273024955355,0.004188304397116606,0.0034217003147875708,0.06773747035150048,0.0584647526505974,0.0647171105436314,0.05849530164712009,0.8995299015666791,0.8384990660791559,0.9043125436150081,0.8516823212685203
lili_19.jpg,lili,756.3293553149608,1026.6301692603388,418.29539862204734,883.8249736499472,0.1328792677500844,0.11744956750520229,0.19065833833006968,0.11981066176790618,14.98548228346457,17.48750697501395,10.412155511811026,16.31775063550127,9.118989965934858,9.213859413184187,8.849395043184732,9.173263233336584,0.00016020545957107544,0.00014208634034479305,0.00022241182177676862,0.00014850969003816605,0.012657229537741482,0.01191999749768401,0.01491347785651518,0.012186455187550072,0.9282640250846947,0.9021405847852418,0.9602580679355405,0.9157483348608433
lili_20.jpg,lili,173.13059793307087,319.24930249860506,192.61564960629923,200.30566061132123,0.20942409595857223,0.1378924006460101,0.18443190933997833,0.14463653858174016,7.584215059055118,10.3748527497055,8.490403543307087,9.058962117924237,7.657931815348465,7.854230837185607,7.750066762335692,7.802678282314749,0.0008056534667756836,0.0006460982603904572,0.0007311882299545849,0.0006536555946197639,0.0283840354209137,0.025418462982455436,0.027040492413315718,0.025566689160307087,0.9181115398136643,0.8496538401327973,0.9088709580512668,0.9056685727080425
lili_21.jpg,lili,398.81403789370086,530.017298034596,159.00535187007875,455.2334924669849,0.2394626237618502,0.21683706451362628,0.3801410342010279,0.2149438291133907,9.35599163385827,10.756339512679023,5.0502583661417315,10.000682001364002,8.409041220542488,8.51551298748365,7.912810483965434,8.489245972541736,0.0004134621916704772,0.000361514270055634,0.0007596093683398305,0.00036808369233329687,0.020333769735847735,0.01901352860611712,0.02756101174376279,0.019185507351469674,0.9605563999401995,0.9474434858346105,0.9842247903617645,0.9548546685217663
lili_22.jpg,lili,1567.0139025590552,1787.3745427490855,863.7297613188975,1826.809845619691,0.11582578520416409,0.11071811506561231,0.15163186157933614,0.10016874335304471,22.308070866141733,24.065100130200264,15.395115649606298,25.111414222828444,9.30321629885783,9.338106810254052,9.064836890760741,9.389736248683054,0.0005467280221669818,0.0005091878867495102,0.0006827241437686002,0.0004677974511879332,0.02338221593790849,0.022565191928045066,0.026128990485064674,0.021628625735074646,0.8508369068657184,0.8296498407171105,0.9176325041419023,0.8258951197882453
lili_23.jpg,lili,324.89493110236225,672.2706925413852,447.8428887795276,622.7551615103231,0.261843282818966,0.17361002108860477,0.21866159602816823,0.17351740004744182,8.12856791338583,12.291152582305166,9.80708661417323,11.978423956847914,8.286058430512094,8.614073378745687,8.470780073763883,8.615048852153066,0.0005835235669494779,0.0003728579594303463,0.0004646830582723667,0.0003736190744748035,0.024156232465959545,0.019309530274720467,0.02155650848983589,0.019329228501800157,0.9689770198831271,0.9357345542515348,0.957246657456112,0.9404724794773254
lili_24.jpg,lili,450.5810162401575,630.4429908859818,379.931594488189,640.3255626511252,0.5891214680624357,0.5544982466796072,0.5759499679169836,0.5568162262504357,8.415415846456694,10.49494698989398,7.710014763779527,10.84016368032736,4.821637622160126,4.964549215336829,4.82459423409457,4.973459772139793,0.25675467018658654,0.2461097920521837,0.2551838521645794,0.24643494962481266,0.5067096507730897,0.49609453942991927,0.5051572548866139,0.49642214860420225,0.9038063325498997,0.8659681619637576,0.9188886577740272,0.8638671325648173
lili_25.jpg,lili,173.13059793307087,319.24930249860506,192.61564960629923,200.30566061132123,0.20942409595857223,0.1378924006460101,0.18443190933997833,0.14463653858174016,7.584215059055118,10.3748527497055,8.490403543307087,9.058962117924237,7.657931815348465,7.854230837185607,7.750066762335692,7.802678282314749,0.0008056534667756836,0.0006460982603904572,0.0007311882299545849,0.0006536555946197639,0.0283840354209137,0.025418462982455436,0.027040492413315718,0.025566689160307087,0.9181115398136643,0.8496538401327973,0.9088709580512668,0.9056685727080425
lili_26.jpg,lili,425.23941929133855,562.0802281604564,410.29121555118115,579.1951143902288,0.6445467661265599,0.6265610942801088,0.6473098048750653,0.6266257683494787,6.817913385826771,8.16454832909666,6.391978346456694,8.527001054002108,4.050088346103286,4.169306147607474,4.0305341077027945,4.159942808491526,0.32871427931576563,0.3138346543913622,0.3294047856406262,0.31974536235017037,0.5733360962958512,0.5602094736715564,0.5739379632335068,0.5654603101457877,0.8300099342168967,0.7764599919867092,0.8361034235564678,0.7696533803799089
lili_27.jpg,lili,899.3396899606298,1087.218550437101,557.6290600393701,1028.4070928141857,0.13758041089879394,0.12129437992507822,0.17595778957722344,0.12154838858568962,16.020792322834644,18.108128216256436,12.16486220472441,17.766631533263066,9.086490349501538,9.158797584256046,8.88432243312099,9.162153554526931,0.00016643990807512862,0.00015072192088708066,0.00020942827530186307,0.00015025295101120303,0.012901159175637228,0.01227688563468279,0.014471636925443614,0.012257771045797968,0.8726087727054751,0.8446500058167864,0.9202762275194275,0.8530413547424993
lili_28.jpg,lili,1624.2488312007877,2004.5318370636742,1102.4888041338581,2031.0423460846923,0.14823382724620268,0.1288788531607497,0.1783227989622674,0.13423480673026814,21.73369832677166,24.9251658503317,16.804502952755904,25.011222022444052,8.606030664786058,8.704409577910436,8.448680085886394,8.699616217924106,0.0024665275770981232,0.001988826285297186,0.0030929581512483336,0.0021008505033936107,0.04966414780400569,0.044596258646854965,0.05561437000675575,0.04583503576297951,0.8602872973314463,0.8281562203069073,0.905087715392832,0.8258804081728547
lili_29.jpg,lili,756.3293553149608,1026.6301692603388,418.29539862204734,883.8249736499472,0.1328792677500844,0.11744956750520229,0.19065833833006968,0.11981066176790618,14.98548228346457,17.48750697501395,10.412155511811026,16.31775063550127,9.118989965934858,9.213859413184187,8.849395043184732,9.173263233336584,0.00016020545957107544,0.00014208634034479305,0.00022241182177676862,0.00014850969003816605,0.012657229537741482,0.01191999749768401,0.01491347785651518,0.012186455187550072,0.9282640250846947,0.9021405847852418,0.9602580679355405,0.9157483348608433
lili_30.jpg,lili,612.5067667322835,872.3760927521856,579.5428149606299,1008.0228160456322,0.18889252431587278,0.14956906483510146,0.219291422055919,0.14063100604969803,11.196481299212598,13.906875813751629,9.876353346456693,14.367288734577471,8.514997597495366,8.673417404568871,8.367451224013845,8.68749248910789,0.00039429528321947274,0.0002957796851175574,0.0004020112410342008,0.0002763943155761568,0.01985686992502778,0.017198246571018726,0.020050217979717847,0.016625110994401116,0.9586782386124827,0.9412191959533301,0.960974301302729,0.9320788074636067
lili_31.jpg,lili,509.20620078740166,875.3387066774135,611.9758858267717,856.3551367102735,0.11687133387998447,0.08902817046136831,0.10507892229468427,0.08317645480368742,13.609251968503939,18.103416206832417,14.947465551181104,18.233988467976936,9.049147299649286,9.235051300439132,9.114517295697704,9.24285607490025,0.00016648153413494331,0.00013353725014846643,0.00015266168227648954,0.0001327069428272405,0.012902772342986731,0.011555831867436738,0.012355633625050945,0.011519849948121741,0.9281050816375913,0.8763484465956108,0.9134039604600825,0.8790331284788642
lili_32.jpg,lili,797.7817421259845,907.6433132866266,322.0302657480315,923.4811829623659,0.09334579982277538,0.0813431838174462,0.14075793023665248,0.0805797860699996,18.05524114173229,19.508773017546037,11.550319881889767,19.973959947919894,9.185649680067797,9.242926736253617,8.894936440242965,9.266366319091775,0.00013890048532050193,0.00012871301085152855,0.00019662258562798383,0.000125330277320608,0.011785605004432395,0.011345175664198794,0.014022217571696135,0.011195100594483642,0.7948256861240153,0.7671666585655419,0.9173996492459086,0.7630970647800468
lili_33.jpg,lili,774.7927534448818,1046.982887965776,702.0903051181105,1053.0472440944882,0.09294862672806609,0.07219239436227551,0.1013445935339567,0.07954835013354,17.639948326771652,21.136152272304546,16.80327263779528,21.05890011780024,9.185017827212313,9.314800043805466,9.161204179268806,9.297837676946916,0.000141189918610306,0.00011873202492762478,0.00014683592599607078,0.0001238080472316937,0.011882336412099516,0.010896422574754743,0.012117587465996307,0.011126906453803487,0.8704755247642508,0.8249615849145198,0.8824686486943016,0.8239494553067506
lili_34.jpg,lili,757.2130290354331,897.227292454585,471.33932086614186,894.1931303862608,0.10533851489438223,0.09582214586203816,0.14276709942755203,0.09892350506894801,16.303334153543307,18.190650381300763,11.984005905511815,17.918221836443678,9.067688027344929,9.150616603220644,8.830998578824824,9.128995444185698,0.0001685760817810698,0.00015394128376451928,0.00021876008107484971,0.00015906343425310077,0.012983685215726303,0.012407307675902911,0.014790540256354725,0.012612035293841386,0.8453037125374676,0.8160770837698683,0.9031325084983459,0.8166960672905061
lili_35.jpg,lili,415.9619217519685,599.7842395684793,236.1927903543307,488.08450616901234,0.20934595183804852,0.17819278610336334,0.2552014916626615,0.17805095327510045,9.662955216535433,12.106392212784424,6.850762795275591,10.706739413478829,8.57041271038659,8.725261828832721,8.344041432951554,8.68945327994306,0.00032757060143026535,0.00027560437041637925,0.00040852382730156085,0.0002737880731511975,0.018098911608996418,0.016601336404530185,0.020211972375341326,0.01654654263437524,0.9577588219954871,0.9391659449534253,0.9761572096446397,0.9504971494583511
lili_36.jpg,lili,207.57806348425203,511.34155868311746,381.1118971456693,422.2883625767252,0.17890691209477186,0.09595459166245378,0.11899961151041177,0.1100584276451426,8.397330216535433,14.897885795771593,12.475455216535433,13.285944571889145,8.55008138693044,9.03063587241816,8.88643106018942,8.925772305868353,0.00028440059321524903,0.00016260185040675121,0.00019131526300161976,0.000184914437657011,0.0168641807750999,0.012751543059832062,0.013831676073477855,0.013598324810689403,0.9477209450998302,0.8712839889632175,0.9040862065353482,0.8936906856133321
lili_37.jpg,lili,797.6446235236222,962.0133300266601,395.67864173228344,919.6128092256185,0.07738227195531487,0.06969278740578636,0.10688353751875072,0.07033573407352464,18.51925442913386,20.550747101494203,13.011318897637796,20.238886477772958,9.30492820549057,9.368403678819696,9.084123202186063,9.36350599099808,0.00011418217416512961,0.00010638696954745265,0.00014576121681540236,0.00010691359965397098,0.010685605933456915,0.010314405923147132,0.012073161011740146,0.010339903271016174,0.8371161105769389,0.8039136773622861,0.9194179320302976,0.8125422210995596
lili_38.jpg,lili,811.3899483267717,1163.1614483228968,780.868786909449,1361.6705313410625,0.09127278551186019,0.07626578491811571,0.09942363234318247,0.06985281078500047,18.01027312992126,21.88424576849154,16.863742618110237,23.49841899683799,9.31614647058699,9.432562781847105,9.266086310983294,9.476224897430633,0.00011751415104392708,0.0001030080800319081,0.0001236029083386292,9.629835119301955e-05,0.01084039441366997,0.010149289631885973,0.011117684486377061,0.00981317233075113,0.8653349362925681,0.8069588725412258,0.8702806795528906,0.774028702910049
lili_39.jpg,lili,814.9477731299214,1175.8330956661914,884.7737450787404,1239.2927645855293,0.0937352807592776,0.07018673795095715,0.09146844434289741,0.07443395073506673,17.592950295275596,22.070184140368283,18.055979330708666,22.394630789261583,9.246062122533775,9.394544034414466,9.255177091779135,9.397309434538501,0.0001289291519012726,0.00010673100892360878,0.0001258166578833158,0.00010741332165285696,0.01135469734961142,0.010331070076405869,0.01121680248035579,0.010364039832654878,0.8455730913934653,0.7772136881412027,0.832668905697285,0.765197739763286
lili_40.jpg,lili,555.5760334645671,716.1820323640648,395.25073818897636,711.1692603385208,0.6245304870240632,0.5930163827803576,0.6306196726066013,0.5979384994492952,7.150221456692915,8.943269886539774,5.8391978346456686,8.110794221588444,4.218859388385898,4.368220077918227,4.202136942323031,4.3188510775850295,0.2762223458406879,0.2592388516663696,0.2731538524600486,0.26137380627417967,0.5255685928979089,0.5091550369645473,0.5226412272869876,0.5112473044175193,0.8200961410998994,0.7693365769667113,0.8719075869716956,0.7709506021195243
lili_41.jpg,lili,1056.5609621062993,1272.707297414595,575.863250492126,1303.9081778163559,0.08699607728343402,0.07995315255124194,0.12468096009390853,0.07961992089392375,19.200971948818896,21.207266414532832,13.548412893700787,21.28011656023312,9.202687562105972,9.261122800670936,8.978196062011683,9.255057494114936,0.00014245383715376803,0.00013242632970478913,0.00018459076224793073,0.00013332006327971985,0.01193540268083855,0.011507663955155675,0.013586418300933132,0.011546430759317784,0.8354660294152395,0.8010810196208104,0.9103214812509789,0.7961887166911453
lili_42.jpg,lili,700.0828001968505,811.3989087978176,606.1935900590554,879.5580011160023,0.5622176296485052,0.5473771071995495,0.580363146715023,0.5498875735475786,9.589936023622048,10.737491474982951,8.467704232283467,10.864095728191458,4.891340316932292,4.9913982332842055,4.806632701075798,4.986532153348944,0.22342798768849495,0.21429481801241487,0.2269399121317774,0.21266501123119427,0.47268169806804977,0.4629198829305292,0.4763821072750082,0.4611561679422647,0.8111988332284337,0.7821186685390912,0.8365450446262023,0.7638162113575109
lili_43.jpg,lili,617.1211860236222,948.6211792423586,625.7386195866143,1048.224688449377,0.2041321895297334,0.17992876248911321,0.2711416962465862,0.17848182901347515,13.878444881889767,17.21712443424887,12.841966043307089,18.357120714241432,8.757597443393617,8.880928875155206,8.587542360082356,8.918602617576989,0.0004410678377020818,0.00037188734554789466,0.0006801490043409776,0.00037533734934789604,0.02100161512127298,0.019284380870224865,0.02607966649213478,0.0193736250956783,0.8981006533570304,0.8434614849334714,0.8968473396843973,0.827019040121444
lili_44.jpg,lili,746.8718011811023,1111.3657387314777,824.8288016732286,1131.1423522847049,0.3578953387344258,0.3325316899905299,0.36780608228377865,0.33892027122860496,10.728346456692911,13.654287308574617,11.017162893700789,13.695145390290783,7.141567026674682,7.26906054275169,7.120398395654721,7.265055812774495,0.021304709357465593,0.019855175490622545,0.021254725920096387,0.01984542898963658,0.14596132829439992,0.14090839396793417,0.14579000624218516,0.14087380519328843,0.9222781751920732,0.8840290119320903,0.9134918516826267,0.8819648148639705
lili_45.jpg,lili,566.122846948819,1097.3854547709097,794.6025467519685,1006.283712567425,0.1537482483261729,0.11577447754899006,0.13405885076869725,0.11385278158906066,13.01310285433071,18.911029822059646,15.94654281496063,18.41031682063364,8.929778963131332,9.156176304172345,9.067549601832415,9.168335600467836,0.0002219236616207607,0.00017849685398670196,0.0001966566433132866,0.00016708205032753292,0.014897102457214983,0.013360271478779986,0.014023431937770675,0.012926022215961603,0.9419043703068318,0.8871147260506534,0.9182417158980324,0.8964946520993902
lili_46.jpg,lili,311.57603346456693,374.8598177196354,117.29293799212599,379.75243350486704,0.20648602748227354,0.17842972184924372,0.30807873174595624,0.18065921256812767,8.787770669291337,9.757083514167029,5.375615157480315,10.03961807923616,8.372797167341169,8.476860526629359,8.001117124901317,8.454502818850589,0.00043627516454251657,0.00037735353541263207,0.0007025703138320339,0.0003978209952823899,0.02088720097434112,0.019425589705659697,0.02650604296819942,0.019945450490835997,0.9637072561968472,0.9562629348070549,0.9863041731216031,0.9556969743852264
lili_47.jpg,lili,610.134411909449,1119.8789757579516,786.9234128937009,1085.487878975758,0.09192669581547458,0.0685778685849834,0.08465340558772247,0.0716533600411992,15.642778051181107,21.875379750759503,17.89191683070866,21.6005952011904,9.184751289972604,9.408584348658094,9.277767503711097,9.402648941752728,0.00013474733980717963,0.00010395562982210348,0.00012198895247399869,0.00010486858347391438,0.01160807218306208,0.010195863368155905,0.011044860907861116,0.010240536288394001,0.8771909865394107,0.7745740131156057,0.8417112612012665,0.781472573739692
lili_48.jpg,lili,686.2703001968505,828.9927459854921,359.546875,796.7879595759191,0.1209684791642059,0.09935814250515522,0.14301278231355993,0.11063674957804522,16.0581938976378,18.122140244280487,11.95029527559055,17.736685473370944,8.960067051316003,9.040273973614076,8.803512377718626,9.040623057401353,0.00019752133010125404,0.00017638841155294066,0.00023418442832979415,0.0001791022864084292,0.014054228193012025,0.013281129904979495,0.015303085581992743,0.013382910236881557,0.8215760699150148,0.7841032098756876,0.9065875803660505,0.7925214828354669
lili_49.jpg,lili,912.658218503937,1216.2070804141608,575.291215551181,1231.5434310868623,0.1692774842865334,0.14774589052817916,0.21857526073768707,0.15224370281857647,14.360482283464567,16.713993427986857,10.998154527559056,17.072106144212285,8.594523314323895,8.708748536006148,8.393748935074875,8.70006542745532,0.0005973358504334196,0.000497663528652124,0.0007460525174956599,0.0005163588974335242,0.024440455201027243,0.02230837350978605,0.02731396195164041,0.02272353179929397,0.9403417734090078,0.9203766882763286,0.9626331153757256,0.9193729907142393
lili_50.jpg,lili,1415.8311392716535,1896.207080414161,1356.560285433071,1873.2468224936454,0.04412964512621658,0.03739426414069154,0.04530619863024139,0.03809280853473088,27.721395177165352,32.42829685659372,26.942298228346456,32.31099262198525,9.601616819043585,9.67497525140016,9.589937657429061,9.675117950232842,8.029856147602919e-05,7.375320101250904e-05,8.117460082576415e-05,7.352832611301035e-05,0.00896094646095094,0.008587968386790268,0.009009694824230405,0.00857486595306366,0.7155668085086557,0.6189484360783987,0.7268636108107798,0.6235255758364528
lili_51.jpg,lili,454.37217027559063,720.7783495566994,373.7488927165355,617.5981151962304,0.6550773549732559,0.6315511007393955,0.6505337857039866,0.6328889702281181,7.020915354330711,9.437534875069753,6.612450787401576,8.852005704011408,3.9557005156651437,4.088190773750936,3.9883807926136328,4.081781562330398,0.3468535292783477,0.3342981530032748,0.34381888166852514,0.3347866254911629,0.588942721559871,0.5781852237849691,0.5863607095197675,0.5786074882778159,0.87467058378922,0.8020836013363134,0.8967876201059763,0.8304155572149254
lili_52.jpg,lili,872.3617125984251,1058.4440448880898,694.6080831692913,1082.6228532457067,0.11381090000810197,0.09884565277656945,0.12391442660552973,0.10128832840928464,17.271653543307085,19.7744435488871,15.105007381889763,19.78622357244715,9.12997678955122,9.234004100602908,9.033724620294732,9.221353589115873,0.00015862177720449188,0.00013912452649754952,0.00017762218141623783,0.0001433241132958799,0.012594513774040342,0.011795106040114668,0.013327497192505344,0.011971804930580848,0.8160650970356096,0.7760973170732945,0.853625069639797,0.7710262907284627
lili_53.jpg,lili,576.1682455708662,932.5284270568541,640.7682701771655,987.8156736313473,0.09372245449279341,0.07252876745073086,0.09377800016499925,0.07343964764566116,15.536970964566928,20.255874511749024,16.070066437007878,20.535991071982146,9.182351832194756,9.351977560717659,9.203272041996042,9.361347382141796,0.0001364180584806482,0.00011115354861374985,0.00013188271005448265,0.00011061730846879142,0.01167981414580935,0.010542938329220647,0.011484019768986931,0.010517476335547013,0.8849176085043041,0.8137150478482912,0.8722778654427074,0.802677042869502
lili_54.jpg,lili,566.122846948819,1097.3854547709097,794.6025467519685,1006.283712567425,0.1537482483261729,0.11577447754899006,0.13405885076869725,0.11385278158906066,13.01310285433071,18.911029822059646,15.94654281496063,18.41031682063364,8.929778963131332,9.156176304172345,9.067549601832415,9.168335600467836,0.0002219236616207607,0.00017849685398670196,0.0001966566433132866,0.00016708205032753292,0.014897102457214983,0.013360271478779986,0.014023431937770675,0.012926022215961603,0.9419043703068318,0.8871147260506534,0.9182417158980324,0.8964946520993902
lili_55.jpg,lili,223.90951033464566,417.6446152892306,212.52682086614175,257.3145266290532,0.47294020475216086,0.3945419563998138,0.47727576527712456,0.4136144204757107,5.924643208661417,8.723541447082894,5.537524606299213,6.822121644243287,7.490798762826213,7.77710439102106,7.475058904691731,7.680194225768464,0.0021483020260962393,0.00154533646533968,0.0021115083734073717,0.0016092489869895103,0.04634977913751304,0.039310767803995894,0.045951152035692985,0.04011544574088029,0.9551466809845955,0.9163017548426547,0.9574147860960585,0.9484402706038391
lili_56.jpg,lili,576.1682455708662,932.5284270568541,640.7682701771655,987.8156736313473,0.09372245449279341,0.07252876745073086,0.09377800016499925,0.07343964764566116,15.536970964566928,20.255874511749024,16.070066437007878,20.535991071982146,9.182351832194756,9.351977560717659,9.203272041996042,9.361347382141796,0.0001364180584806482,0.00011115354861374985,0.00013188271005448265,0.00011061730846879142,0.01167981414580935,0.010542938329220647,0.011484019768986931,0.010517476335547013,0.8849176085043041,0.8137150478482912,0.8722778654427074,0.802677042869502
lili_57.jpg,lili,700.1254921259842,1155.6000992001987,727.3310777559055,1065.030876061752,0.19548457369824346,0.16668269492994855,0.20001235886709878,0.16704947078833504,13.219365157480315,17.358050716101435,12.284694881889763,16.389794779589558,8.570134816696946,8.7503488593733,8.525064605571673,8.721556330391005,0.0008519284006341451,0.0006425560002214307,0.0007201232664184078,0.000633109332434797,0.029187812535956596,0.025348688333352295,0.026835112565786037,0.02516166394407963,0.9223872030731773,0.8708451243860202,0.9187159319287007,0.880966640471396
lili_58.jpg,lili,1155.9221210629921,1378.250108500217,550.7113065944883,1425.218178436357,0.1098015064302305,0.10327814824130316,0.14692235545100885,0.0900724697697272,19.817667322834648,21.629859259718522,13.19235974409449,22.741893483786967,9.31975985389314,9.352035758310073,9.06337886409818,9.410049896267308,0.00017676506300278225,0.0001686926927700963,0.00023314377683442876,0.00015404699418736055,0.01329530229076354,0.01298817511315952,0.015269046362966771,0.012411566951330543,0.8843790938217064,0.8619792987847262,0.9448113703624881,0.857278940309214
lili_59.jpg,lili,964.2193651574803,1084.6581933163866,380.56588336614175,1159.5635191270385,0.16663835932915197,0.15497976168181646,0.22375835282173415,0.14535259959476526,15.7845718503937,16.818401636803273,9.604638287401574,17.658131316262633,8.60029683893788,8.671847993625335,8.310009967945234,8.691385552344736,0.0005047254357204027,0.0004423481473908202,0.0006843948624420686,0.0004321153784597854,0.022466095248627492,0.02103207425316914,0.026160941543493202,0.020787385079893656,0.9177630309824371,0.9075504140015017,0.9675046499309572,0.9011653695599704
lili_60.jpg,lili,845.6405019685042,987.8932357864717,416.0628690944883,1018.8216256432514,0.09453925003330318,0.08317546818444374,0.12545331415597438,0.07728124582138332,18.734621062992133,20.485832971665943,12.701402559055119,20.99175398350797,9.227742281645952,9.289945681309092,8.966108726149155,9.313754198207157,0.00013633669845464693,0.0001266583846330319,0.0001818737157982129,0.00012277016308016124,0.011676330693100763,0.011254260732408499,0.013486056347139178,0.011080169812785418,0.8377420671545801,0.8104518190275573,0.9201237070464089,0.804524956351141
lili_61.jpg,lili,1076.8754921259842,1480.5032550065102,939.5271284448818,1520.8838117676237,0.14457492387807014,0.11466893646898257,0.18072088163583688,0.11822526406724959,17.862573818897637,21.702213404426814,15.837906003937007,22.230206460412923,8.97442520341172,9.118814515254005,8.828906033329009,9.12872659870295,0.00021304595831847913,0.00017394938379683943,0.00026162357012214025,0.00017111057844162935,0.0145960939404513,0.013188987216493897,0.016174781918843303,0.013080924219703643,0.8791132341589823,0.8342103781090261,0.8945006822046294,0.8296920093593927
lili_62.jpg,lili,901.1004552165357,1171.95566991134,625.4897268700788,1151.8608097216195,0.11609285613389911,0.09939333213745837,0.14230374764483528,0.10511650653937965,15.744156003937011,18.750015500031,12.297674704724411,17.840473680947365,9.065042080147713,9.199364034483349,8.906486387748908,9.140710558782061,0.00015854987764663035,0.0001349307057222832,0.000190887649841706,0.00014510197040730125,0.012591659050602918,0.011615967704943192,0.013816209677104136,0.012045827925356615,0.9137918623043244,0.888186617878785,0.9400862298644276,0.8901059047732158
lili_63.jpg,lili,467.1363804133859,810.6157852315705,481.18202509842524,711.6010292020585,0.27221246775290536,0.22459891366291923,0.2719573947610884,0.20781127194855004,9.51962352362205,12.612809225618452,9.6664000984252,12.173786347572696,8.16966620641465,8.355485947062366,8.216097746076699,8.400578414976456,0.0007569471926053231,0.0005908770575058666,0.0007257919789277081,0.0005247619150455612,0.027512673308955696,0.024307962841543643,0.02694052670100769,0.022907682445973476,0.9610687130648516,0.9324573455956559,0.9601646512261427,0.9407103856978539
lili_64.jpg,lili,818.0799704724409,1166.6888213776429,786.0406619094488,1367.0701841403684,0.09316264653229014,0.0750759703777816,0.09943079351308882,0.06810553395235291,18.082554133858267,21.90241180482361,16.913078248031496,23.567797135594272,9.32200816884879,9.43463427948917,9.26524848216669,9.482020501154638,0.00011718681884629394,0.00010269479277876034,0.00012445813465845678,9.532197128750387e-05,0.010825286086117722,0.010133843929070565,0.011156080613658938,0.009763297152473843,0.8644339423330147,0.8066784785658005,0.8696206855290769,0.773489041412831
lili_65.jpg,lili,356.70601624015757,530.3036766073533,182.38096702755905,427.73383346766695,0.20728046351233698,0.17636702048670944,0.27285727487026623,0.17472209745256906,9.545091043307089,11.937751875503752,6.653727854330709,10.586459172918346,8.59909836211422,8.747093898009679,8.35903083131158,8.720475839396084,0.00032469272702217295,0.00027252531410016637,0.000423446769745102,0.00026686115744356233,0.01801923214296805,0.016508340743398967,0.020577822278975536,0.016335885572675953,0.9634675594646913,0.9457515975020878,0.9814307592234348,0.9562459167680059
lili_66.jpg,lili,815.3700787401574,963.8556637113273,493.1494832677166,920.1561163122328,0.18053755706318164,0.15133929043982267,0.23576136626287914,0.1474514653695592,14.60568405511811,16.28160456320912,10.368233267716537,16.2992125984252,8.689589258782915,8.789118997394759,8.390065082729187,8.809369075411574,0.0003613444726889454,0.000305593456372603,0.0005087801923650726,0.0002924430797711493,0.019009062909279492,0.017481231546221308,0.022556156418261347,0.017100967217416368,0.8600390479598237,0.8353114164104871,0.9153051648105673,0.8427728974765267
lili_67.jpg,lili,872.3617125984251,1058.4440448880898,694.6080831692913,1082.6228532457067,0.11381090000810197,0.09884565277656945,0.12391442660552973,0.10128832840928464,17.271653543307085,19.7744435488871,15.105007381889763,19.78622357244715,9.12997678955122,9.234004100602908,9.033724620294732,9.221353589115873,0.00015862177720449188,0.00013912452649754952,0.00017762218141623783,0.0001433241132958799,0.012594513774040342,0.011795106040114668,0.013327497192505344,0.011971804930580848,0.8160650970356096,0.7760973170732945,0.853625069639797,0.7710262907284627
lili_68.jpg,lili,1567.0139025590552,1787.3745427490855,863.7297613188975,1826.809845619691,0.11582578520416409,0.11071811506561231,0.15163186157933614,0.10016874335304471,22.308070866141733,24.065100130200264,15.395115649606298,25.111414222828444,9.30321629885783,9.338106810254052,9.064836890760741,9.389736248683054,0.0005467280221669818,0.0005091878867495102,0.0006827241437686002,0.0004677974511879332,0.02338221593790849,0.022565191928045066,0.026128990485064674,0.021628625735074646,0.8508369068657184,0.8296498407171105,0.9176325041419023,0.8258951197882453
lili_69.jpg,lili,363.8838582677167,489.2801165602332,172.11134350393704,409.9341558683117,0.23590468790349328,0.19988003666446127,0.27370291034086613,0.19853878129410196,10.5837844488189,12.6747473494947,7.258858267716536,11.467790935581869,8.150555339380245,8.301783160538225,7.9252635266888465,8.24907706936835,0.0011173910287273704,0.0008677768611039734,0.0013829974559363186,0.0008987730790887209,0.033427399371284784,0.029458052568083544,0.03718867375877121,0.02997954434424781,0.9070913938791814,0.8753316032482957,0.9560677704798075,0.895545545306246
lili_70.jpg,lili,1415.8311392716535,1896.207080414161,1356.560285433071,1873.2468224936454,0.04412964512621658,0.03739426414069154,0.04530619863024139,0.03809280853473088,27.721395177165352,32.42829685659372,26.942298228346456,32.31099262198525,9.601616819043585,9.67497525140016,9.589937657429061,9.675117950232842,8.029856147602919e-05,7.375320101250904e-05,8.117460082576415e-05,7.352832611301035e-05,0.00896094646095094,0.008587968386790268,0.009009694824230405,0.00857486595306366,0.7155668085086557,0.6189484360783987,0.7268636108107798,0.6235255758364528
matahari_1.jpg,matahari,233.44162155511816,618.4840349680699,512.7273622047246,655.9276458552915,0.5923206058214778,0.5506868930138198,0.5690168306641252,0.5464745457762014,5.785494586614175,9.377332754665508,8.047490157480317,9.866513733027467,4.8051236762735305,5.008090469069037,4.911815409278878,5.036312403403826,0.2035695076639177,0.19187874602421645,0.2003818975289318,0.19167387345872702,0.45118677691607684,0.4380396626154034,0.44764036628629883,0.43780574854463367,0.9578936141778851,0.8889201393142914,0.9074810490237761,0.8821952590493755
matahari_2.jpg,matahari,941.9773622047245,1092.95907991816,985.5278051181102,1118.969185938372,0.4040673476568191,0.3247046576324391,0.3418341869963691,0.33570013402974574,14.03666338582677,16.268770537541076,15.028666338582678,16.289416578833162,7.661124450914429,7.933597046476666,7.852590257983815,7.888298376668896,0.002757556174292036,0.0018943692174692923,0.002069770680068704,0.0020201319465197056,0.05251243828172556,0.04352435200516249,0.04549473244309393,0.0449458779702845,0.6821708702487113,0.6314882918760321,0.6660427763761426,0.6227260148883107
matahari_3.jpg,matahari,1356.5792937992123,1547.6005952011906,604.6550196850394,1615.5369210738422,0.09765560271675217,0.07230377614887804,0.11301385052348764,0.07510711836385325,23.935716043307085,26.04141608283217,15.87623031496063,26.847479694959393,9.476445792933056,9.56397410128353,9.298699311678398,9.575253850655447,0.00013567257359124092,0.00010996766987023961,0.00014380479200411524,0.00011030402121564367,0.011647857038581858,0.010486547089973878,0.01199186357511272,0.010502572123801087,0.8539102069480754,0.8323186863429224,0.9344712702615298,0.824959137652196
matahari_4.jpg,matahari,254.1449311023622,589.2051584103169,518.6535433070866,640.0785541571084,0.405663964011878,0.318313591927403,0.34529506423545175,0.3263427730865379,7.963213582677165,12.438836877673756,11.554256889763778,12.99702399404799,7.6773726221553975,8.007262393759257,7.932497983705644,8.017172083948065,0.004928164092168028,0.0030286747286867996,0.0035139281704344664,0.0031580642862445133,0.07020088384178669,0.055033396485105295,0.05927839547790128,0.05619665725151731,0.95928183476474,0.9054136071836604,0.9166322536365821,0.8972430597739601
matahari_5.jpg,matahari,397.3462106299213,538.1282782565565,323.6200172244095,519.1614483228966,0.3671238580518412,0.2500091979705249,0.28133146586772095,0.25725665661235864,9.984128937007876,12.36697873395747,9.164677657480318,12.188914377828757,8.15143457520394,8.449092928011892,8.242960124386805,8.432389737988554,0.0012572829711089114,0.000660248080989683,0.0007703394313038629,0.0006975292641142664,0.035458186235464886,0.025695292973416026,0.027754989304697327,0.026410779316678,0.9047994415831926,0.8705958323561143,0.9220850419939074,0.8751630563924224
matahari_6.jpg,matahari,709.7370816929135,923.7971975943954,736.787093996063,885.7099634199269,0.20680854111305952,0.2197337651259047,0.1908682641029624,0.1457141317775219,14.991018700787404,17.864033728067454,15.799766240157481,17.632587265174532,8.714743727858046,8.832225197866617,8.79044595938311,8.872324409281173,0.0011560105517671978,0.0011050525542057965,0.001107629717700842,0.001059256877023271,0.03400015517269293,0.033242330757722094,0.03328107146263236,0.0325462267709065,0.8821300751141071,0.84615905661585,0.8774228589203222,0.852499322436042
matahari_7.jpg,matahari,303.1411786417324,514.9105338210675,366.7673474409449,561.8870357740716,0.18901984004461272,0.14029714520528178,0.17450008880482537,0.1327360194655752,9.831385334645672,13.150350300700598,11.091535433070867,13.889639779279559,8.574524859202253,8.797779063073957,8.672600942822537,8.828081231788698,0.0003826778283439381,0.0002874535478130413,0.0003493126493088923,0.00027535835343231235,0.019562152957789132,0.016954455102215504,0.018689907685938215,0.016593925196658938,0.9587028962948679,0.9298457744216263,0.9499910318539727,0.9234442956401284
matahari_8.jpg,matahari,462.6526820866142,656.7186434372871,491.792753444882,708.0580941161885,0.70337753364888,0.6777829830621898,0.6942550241198411,0.6792614836199599,6.607160433070866,8.709839419678842,7.255843996062993,8.995659991319984,3.493490910313235,3.635556770784788,3.541862868250694,3.6392288254383476,0.402709204100049,0.3861091222709448,0.399444875244731,0.38633261524691576,0.6345937315322686,0.6213767957294066,0.6320165150094822,0.6215566066312189,0.9162240564730372,0.8817387647089194,0.9109315540822596,0.8724936078717782
matahari_9.jpg,matahari,281.63890255905505,380.3837187674375,141.64259350393704,354.83148366296723,0.2598487889883366,0.19218168316219386,0.24770836444166006,0.1952632871073887,9.143700787401574,10.956103912207825,6.662155511811026,10.620931241862483,8.537842848896972,8.772134705939669,8.45498307186379,8.741163405537591,0.0003737282254837947,0.00025074320097180083,0.00035924424876193514,0.0002624578378303014,0.019332051766012697,0.015834872938290376,0.018953739703866757,0.01620055054096315,0.9755032663775227,0.966926325145135,0.9876906298039085,0.9691484898043721
matahari_10.jpg,matahari,312.59916338582684,429.1077562155125,230.27731299212599,454.02690805381604,0.2370782380063755,0.1577443424057445,0.192877678396752,0.15848055125238594,10.286417322834648,12.807055614111228,9.368356299212598,12.96025792051584,8.389651156334576,8.628198863575395,8.425365625386245,8.637358353261007,0.000692353008241173,0.00040061367245308743,0.0004970548881527451,0.00039203383013375234,0.026312601700348315,0.020015335931557268,0.022294727810689797,0.019799844194683763,0.9345206920008341,0.9097666055478091,0.9515605761861412,0.9045193755316547
matahari_11.jpg,matahari,326.0177165354331,403.5141670283341,262.3292322834646,405.78566557133115,0.37418824071207757,0.3087884417887177,0.402785996593919,0.332589602392755,7.796136811023623,9.205406410812822,6.898129921259844,8.976067952135905,7.276719434247964,7.487598331477352,7.1611359177270355,7.410785293889718,0.002163783136160023,0.0016184592478305174,0.002443052371456306,0.001835894055568879,0.046516482413871574,0.04023007889416223,0.04942724321117157,0.0428473342877813,0.8046216827005689,0.7593671677359876,0.8426320178973585,0.7580080912737462
matahari_12.jpg,matahari,692.6470841535435,833.8920577841157,451.9792076771654,805.4399528799058,0.38976187556803876,0.3290938420240004,0.36380532405070914,0.3279935498452426,13.498462106299215,15.673693347386696,11.01808562992126,15.24502449004898,7.531301447154577,7.720467003421698,7.5267101429874455,7.71494968820109,0.011455766014559375,0.009674229652879915,0.010571861231613088,0.009512804071178233,0.10703161222068634,0.0983576618920962,0.10281955665929068,0.09753360483022369,0.7744940241917349,0.7286503899291659,0.8529019777745878,0.7379044452524839
matahari_13.jpg,matahari,600.0092273622047,780.1032302064605,470.40920275590565,745.5743071486143,0.24756081269526792,0.2029830835921192,0.25061780121741434,0.2096274473872773,12.830339566929133,15.633517267034536,11.210137795275593,15.192138384276767,8.411395460868043,8.621955574520658,8.37334207688007,8.607983132286336,0.0012147979007872077,0.0008653090032325517,0.0010028550330538164,0.0008550647022553885,0.034853951006840064,0.029416135083191193,0.03166788646332142,0.029241489398718876,0.8342507830107347,0.7847323092332982,0.8698748758896169,0.7942604971248959
matahari_14.jpg,matahari,461.093873031496,789.7626015252029,536.3131766732284,739.5829871659741,0.2365386880937886,0.17057919356790444,0.2136201900940676,0.1727536323605403,10.96924212598425,15.588629177258351,11.693959153543311,14.881765763531526,8.391401308127524,8.708307380928176,8.47448613126203,8.671000609966251,0.0010255885379934822,0.0006731216884840613,0.0007805510606138403,0.0006920034920111999,0.03202481128739844,0.025944588809307834,0.02793834391322865,0.02630595924902188,0.8987897760211156,0.8256059508432602,0.8816179254810927,0.836684185956074
matahari_15.jpg,matahari,526.1953125,668.1398722797446,389.22391732283467,733.545291090582,0.22781738503260207,0.19035671200703852,0.23100976124773964,0.19496107111231567,13.037340059055119,15.528303056606115,11.553026574803148,15.961063922127842,8.537643607693234,8.713448869001553,8.526121859147374,8.718962901501186,0.004744424772052666,0.004210394247560151,0.004676205336297391,0.0043614160016465595,0.06887978493036014,0.06488755079027217,0.06838278537978247,0.06604101756973887,0.9456251980517091,0.9308923186478816,0.9598078639258372,0.9241276462052425
matahari_16.jpg,matahari,1010.1192175196851,1128.4663649327301,717.4349778543307,1168.7271994543987,0.13965885986932597,0.12487506180827658,0.18871295581644526,0.12066025418088719,17.691929133858267,18.876805753611507,14.329047736220472,20.007130014260024,8.956161363559765,9.020906981041868,8.745754627440743,9.069816474896541,0.00021835328094484314,0.00019690199960721084,0.0003020841002619505,0.0001906304885211915,0.014776781819626463,0.014032177293891737,0.017380566741678777,0.013806900032997687,0.7486319941486217,0.7197787709708398,0.8209698914464794,0.7097680601859417
matahari_17.jpg,matahari,171.56391486220474,298.0752681505363,182.53500246062993,259.42897885795776,0.527263345449536,0.5006016542028443,0.5307765954901719,0.49492009615995086,5.308501476377952,6.673941347882696,5.211552657480315,6.607601215202431,5.388895310177563,5.518962153890799,5.366368208750574,5.531673123193201,0.15073603993643536,0.14030373779639002,0.1509613977479908,0.13927764516202354,0.3882473952732141,0.3745714054708261,0.38853751137823334,0.37319920305652254,0.9814935075151165,0.9679795349880179,0.980309987059797,0.9721310775222712
matahari_18.jpg,matahari,371.0182086614173,582.9792299584598,370.64523868110246,587.750945501891,0.1672915804643744,0.08960292170120274,0.10209603752583628,0.09403351926003764,11.75246062992126,16.037200074400147,12.699864665354333,15.84183768367537,8.688626447564419,9.001706188824384,8.855963106546582,8.980389051390597,0.00030581152470898694,0.00018718432873656614,0.00021613574721290074,0.00019186249544921437,0.01748746764711766,0.013681532397234096,0.01470155594530391,0.0138514438037778,0.9195319219115465,0.8731083178062082,0.9191494679171636,0.8720741786220195
matahari_19.jpg,matahari,136.35383858267716,231.3674747349495,168.35716043307085,283.6210552421105,0.6450887789406727,0.6294350793544232,0.6564693901086305,0.6238861114272224,4.216412401574803,5.579019158038316,4.547121062992126,6.207700415400832,4.124892888878696,4.239281663657983,4.138844020712322,4.264260152214395,0.3134598590974526,0.30409377912190005,0.3128669015516741,0.3032088041360036,0.5598748602120411,0.5514469866831263,0.5593450648317854,0.5506439903749096,0.9760719512808776,0.959606363848823,0.9704609978062124,0.9504835944491032
matahari_20.jpg,matahari,323.0110728346457,398.2870605741212,144.2330216535433,390.46134292268584,0.16872806655769035,0.14054535005550517,0.22775247588012265,0.14775052659946347,10.29158464566929,11.739103478206957,6.949926181102363,11.473556947113895,8.626364175078459,8.736817618410802,8.32776900948258,8.703369924808023,0.00029094345298065596,0.00024954963419753857,0.000413887912736763,0.00026533123932389593,0.01705706460621686,0.015797140063870375,0.020344235368692603,0.01628899135379155,0.9101631635297946,0.8897486664780279,0.9599236507405735,0.891917656917556
matahari_21.jpg,matahari,228.6735359251969,327.1324322648645,140.6256151574803,269.5749891499783,0.23212434619829878,0.19174008531298822,0.2640180677132382,0.19041758125890468,7.897207185039372,9.988777977555957,6.439837598425196,9.234236468472936,8.230421504247381,8.433048470258171,8.101365113296819,8.395736899837537,0.0010719429397843176,0.0008802314709223627,0.0011292582399617926,0.0008777194068741164,0.03274053969903853,0.029668695133462857,0.03360443780160282,0.029626329622045935,0.9601583831108204,0.9431067644516853,0.9756642938136703,0.9531163169009155
matahari_22.jpg,matahari,88.80813238188978,258.3868187736375,185.27337598425203,212.99038998077992,0.26341043311021684,0.1546210989670071,0.17979480067682874,0.1628650250438119,5.3402436023622055,9.081964163928326,7.550073818897641,8.59520119040238,8.029135270308561,8.453307082654632,8.311906277641071,8.433070718663597,0.0005181460558233619,0.0003115343821362823,0.00036576629549743485,0.00031910324841171714,0.022762821789562074,0.017650336601217616,0.01912501752933667,0.017863461266275277,0.9757506116706373,0.9296580857016821,0.9496058770932613,0.9420110907390309
matahari_23.jpg,matahari,303.17993356299206,358.84363568727133,231.03598671259843,390.69619939239874,0.3523720461664193,0.32403132026301257,0.3354043093475511,0.2623348821491834,8.085322342519685,9.161448322896645,7.387118602362205,9.903093806187611,7.7785975832713685,7.892656849167226,7.782279663651458,8.024128470733892,0.0013607842767443346,0.0012296313265203872,0.001342412047617064,0.0009691493125933735,0.03688880964119518,0.03506609939129796,0.036638941682546784,0.0311311630459476,0.9199690293162509,0.9045718463710686,0.9384465873344268,0.8960901426790956
matahari_24.jpg,matahari,257.9149237204724,333.3390166780333,144.34799458661416,302.8555397110795,0.24605760213137037,0.2108687401428529,0.2983508816585816,0.2150044794264755,8.434731791338582,9.773017546035092,6.376537893700787,9.495380990761982,8.09378814386562,8.23089497750571,7.859829975820839,8.210492796518988,0.0008274995798038472,0.0006480548642168645,0.0010799616325795154,0.0007132570530253591,0.02876629242366571,0.025456921734900797,0.03286276970341233,0.026706872767610943,0.9079596633327051,0.8813037644643424,0.9483980882755718,0.8921571207068238
matahari_25.jpg,matahari,395.48068405511816,502.1179242358485,221.21727362204723,540.7450554901109,0.14501904575673952,0.1146278876594629,0.16975951781516913,0.11631682203838267,12.15329724409449,14.20993241986484,9.233267716535433,14.81077562155124,8.856859201779898,8.997693162893194,8.683872467107154,9.018974563197563,0.0002881620753475883,0.00023156348625301876,0.0003382193043682962,0.0002315192800761941,0.01697533726756521,0.015217210199409706,0.018390739636248897,0.0152157576241275,0.9165537593657579,0.8940506240953991,0.9537059631708227,0.8859030862303295
matahari_26.jpg,matahari,672.584030511811,1141.1488002976007,934.7847563976378,1238.0553661107324,0.20614647546168524,0.17715677972993982,0.2223389438866308,0.17461627612266342,13.055610236220474,16.590923181846367,13.648929625984252,17.44032488064976,8.607431870335091,8.759758242151541,8.556991436321526,8.78464232816104,0.0009331521958942354,0.0006952459189808949,0.000794900698688116,0.0006775269301050103,0.03054753993195255,0.026367516359735037,0.028193983377453352,0.02602934747751104,0.9227317297311777,0.8679449343977269,0.8916804552804509,0.8567304239337544
matahari_27.jpg,matahari,381.9448818897638,584.5188170376341,468.1973425196852,698.6456692913384,0.22190553408464722,0.11329894302498793,0.12023929733832892,0.11081724604082004,11.351993110236222,15.004526009052018,13.43860728346457,16.32314464628929,8.719614884285907,9.032590724513678,8.950193347013496,9.055222512353478,0.0003362590953697532,0.0001854468337865934,0.00020779918268820917,0.00018349407397556184,0.018337368823518635,0.013617886538908797,0.014415241332985348,0.013545998448824724,0.9359453692945203,0.9019425844332868,0.9215556789867277,0.8827833082919042
matahari_28.jpg,matahari,560.0364173228346,720.9969619939241,396.261687992126,748.2670965341931,0.2736167581534015,0.22977772285339487,0.2896290817870479,0.23015784749537327,12.426550196850394,14.58453716907434,10.26439468503937,14.958769917539836,8.3611780234118,8.504638422511626,8.244100895855148,8.509815376085246,0.0014279195428508044,0.0011288873715449706,0.0015807212400557615,0.0011549517178022516,0.037787822679413594,0.033598919202036406,0.039758285174989146,0.03398458058888253,0.9646363379458726,0.9543238903534664,0.9749249497605341,0.952598745722948
matahari_29.jpg,matahari,1027.017716535433,1320.2295864591729,688.7689468503938,1155.2571765143532,0.27142143428714977,0.22641460296994284,0.27156037230202884,0.23230962347859357,16.502214566929133,19.510881021762046,13.246309055118111,17.98158596317193,8.297002411337672,8.471253901616645,8.24885401107684,8.425819715673804,0.0023732114114618855,0.0015548619354415225,0.0017750222268022664,0.001567274261090775,0.048715617736634374,0.039431737667030634,0.04213101264866852,0.03958881484827217,0.8744948449608066,0.8394770145752479,0.9159481188693483,0.859535947417334
matahari_30.jpg,matahari,457.722625492126,566.6314712629426,403.1291215551181,637.0073780147561,0.2931430121332429,0.26306915126379266,0.2923847026896099,0.26923067374971454,10.623462106299211,12.334242668485338,9.67390501968504,12.73730547461095,8.017001783553512,8.149176663456725,7.9785907784530465,8.117901246437828,0.0050923372720768885,0.004636893519555531,0.005328599219210157,0.004570053780196841,0.07136061429161669,0.06809473929427684,0.07299725487448248,0.06760217289552786,0.9585800343828009,0.9488197246666452,0.9636386933944783,0.9424609808414527
matahari_31.jpg,matahari,498.5386318897638,769.4268708537418,659.9045275590553,875.253394506789,0.5278519894731081,0.4902609837488956,0.4982686946587155,0.4890449670386429,8.98560531496063,12.084940169880342,11.103715551181104,12.943765887531777,5.232529592222324,5.4295179816536,5.36428670945049,5.440371092102451,0.1960301805735447,0.17692346966317093,0.18190889360294352,0.17846318810003858,0.4427529565949218,0.4206227165324894,0.4265077884434744,0.42244903609789264,0.9311144733836796,0.8940535677908221,0.9087660846329245,0.8794817572148539
matahari_32.jpg,matahari,600.2723917322835,750.5181350362702,446.3264640748032,739.0140120280241,0.19909651351525604,0.16777933600490777,0.24901756720533713,0.17393678029198317,11.711860236220472,13.945377890755783,9.586798720472443,13.532829065658134,8.603403321911316,8.751616351700516,8.419350375898548,8.74301679894667,0.0003453581736265035,0.0002929408797623473,0.0004628117776743368,0.000291835725341734,0.018583814829751816,0.017115515760921355,0.021513060630099494,0.017083200090783165,0.9320034141961444,0.9149569733676125,0.9494179330951625,0.9162635187106404
matahari_33.jpg,matahari,630.9109867125984,749.970673941348,315.3118233267717,779.0972161944325,0.31735648011133255,0.25080703854629394,0.29603360638263826,0.26078606138088656,14.043860728346456,15.80686961373923,10.094303641732283,16.094054188108377,8.203437095098637,8.427422415992268,8.194279861052504,8.411049049766518,0.003179160044843527,0.0016992854371349515,0.002095389627790974,0.0018578472273814782,0.05638404069276631,0.04122238999785131,0.0457754260252264,0.04310275196993201,0.9208985680755751,0.9057119800556221,0.9604212409422065,0.9020628744850259
matahari_34.jpg,matahari,517.154158464567,526.2628805257611,416.3009965551181,660.4003348006697,0.3564487064383627,0.33256773704876536,0.457821541396063,0.344971232219864,10.347440944881892,10.48496496992994,8.76974655511811,12.311302622605247,7.915195372507184,7.955491148628928,7.622701011641853,8.001346988530045,0.0012335523328273223,0.0011520302661164566,0.0023417042683694742,0.0012117989391909095,0.03512196368125396,0.03394157135602971,0.04839115898973152,0.03481090259086813,0.9198879731377791,0.9189035123912516,0.9356475714481358,0.8982317922848467
matahari_35.jpg,matahari,402.08532234251976,546.8552917105835,259.650221456693,534.969867939736,0.1940742207385413,0.1614217969467815,0.23911586998223588,0.16410182773231935,10.19678887795276,12.420546841093683,8.091781496062993,11.99472998945998,8.612152975065847,8.761680542766577,8.42584655615611,8.745695294515926,0.000321523470195378,0.0002745242020957103,0.0004291154822544022,0.00026753770414974647,0.017931075544857258,0.016568771894612776,0.020715102757514918,0.0163565798426733,0.9533382710898515,0.9365081423753884,0.9698557142130139,0.9378901911086206
matahari_36.jpg,matahari,425.2308686023622,674.5416330832662,588.834030511811,699.5568231136463,0.3329060135298495,0.2248248086657754,0.23542325037151476,0.22527006516009868,10.6138656496063,14.615165230330462,13.4474655511811,14.538409076818155,7.918663089175648,8.251745691906676,8.189776114962095,8.239968480872381,0.00865952030976328,0.0059630999663760125,0.0065297134988801225,0.006032747758966905,0.09305654361603637,0.07722111088540498,0.08080664266556384,0.07767076514987414,0.956090262679421,0.929774418098076,0.9387803588704003,0.9271790429021969
matahari_37.jpg,matahari,648.6861466535433,774.1973463946927,359.0180856299213,788.4337528675056,0.48513844102232695,0.3196522098261314,0.38265057989998685,0.3866274870946511,11.342396653543307,13.205220410440816,8.805241141732283,13.084258168516335,7.644010300074395,7.9919035192166605,7.776764238235581,7.893071439063933,0.002106303223836916,0.001114539584153878,0.0014495102232391964,0.001369547720185402,0.04589447923047952,0.03338472081886979,0.03807243390222375,0.037007400883950256,0.8150306349341359,0.7792467821576935,0.8972623161919016,0.7751801901767741
matahari_38.jpg,matahari,367.3049335629921,696.5951391902785,534.6408095472441,575.9048918097835,0.29190166619243474,0.22540898727345376,0.2560903443975583,0.2219361675299149,9.017039862204724,12.99231198462397,11.012856791338582,12.108500217000433,8.174384449606407,8.429152832426993,8.294500429904321,8.438475070714189,0.0007510665656096938,0.0005971485685918859,0.0006773014034309318,0.0005572515330039027,0.02740559369197635,0.02443662351045835,0.02602501495544108,0.023606175738647348,0.9413647674367884,0.8884306418764772,0.9144618310014487,0.9077515285094683
matahari_39.jpg,matahari,263.71985728346453,420.24105648211304,269.5065821850394,363.92770785541575,0.45502632027058193,0.4334710020676655,0.4627080240954549,0.4366152091730269,7.973917322834645,10.45694091388183,7.962290846456693,9.503255006510013,6.080800357024858,6.259677448220669,6.081098509521469,6.207847178170923,0.12757349330616632,0.12063925814254998,0.1275569450552964,0.12086281646678239,0.35717431781437803,0.34733162560088016,0.3571511515525274,0.3476532992318387,0.9687988130258152,0.9503501736439348,0.9681176634613284,0.9570033740814392
matahari_40.jpg,matahari,331.61460383858275,1088.3356686713373,971.8223425196851,1089.9555459110916,0.3541518611027188,0.25956309441751996,0.2702474468030074,0.25989322496841466,9.440883366141733,17.973339946679893,16.73265255905512,18.09752619505239,7.937645353927536,8.385472754754723,8.33338000705468,8.38714608781655,0.0031480615939747524,0.0018404184616664838,0.001934349754929978,0.001832899567590938,0.056107589450757486,0.042900098620708135,0.04398124321719406,0.042812376336649874,0.9156857013873481,0.7229675101277995,0.752471625902946,0.7225189951168787
matahari_41.jpg,matahari,564.212536909449,598.3409386818774,297.95773868110234,604.5777171554341,0.2888797221090338,0.20759231799394692,0.2508014404544423,0.20977072412115833,10.093565452755907,11.346456692913387,8.170706200787402,11.580011160022318,7.962828012059409,8.188141242460446,7.974294598307015,8.17224545537708,0.0007489322839973808,0.000536664908657488,0.0007204695195523204,0.0006041504425993536,0.02736662719440196,0.023166029194868248,0.02684156328443484,0.024579471975600974,0.7405056798509079,0.7232017184463959,0.8616307671758235,0.7203189479954115
matahari_42.jpg,matahari,242.44051427165357,380.90005580011166,170.17119832677162,312.7062434124868,0.15664527494844263,0.12435165161112888,0.19158700068116855,0.16371437225009988,9.175012303149607,12.131254262508527,7.701464074803149,9.88015376030752,8.444819772189529,8.664861374060393,8.3020351879956,8.440459693009617,0.00034287763888027784,0.00026421839687253064,0.0004185273263124651,0.0003803672434674523,0.01851695544306023,0.016254796119069922,0.020457940422057765,0.019503006011060253,0.9433975746156352,0.9114668697990497,0.9602544672284694,0.927312812347375
matahari_43.jpg,matahari,290.1239542322835,405.04873209746427,239.57221948818903,352.0148180296361,0.21260309636035188,0.16650340798571878,0.21194985371096708,0.16710751446964647,9.621247539370081,11.493520987041975,9.007504921259844,10.764895529791062,8.29163243138716,8.453075326519006,8.264795545411879,8.41349988605915,0.0006985458306854116,0.0005038581594306224,0.0006638997042642525,0.0005143158032611558,0.026430017606604267,0.022446785057789954,0.025766251265254954,0.022678531770402507,0.9555430280090469,0.9379246443769192,0.9634123417043804,0.9460618012540005
matahari_44.jpg,matahari,386.5359867125984,767.462892925786,562.7120447834645,721.6289292578584,0.3333310319513252,0.21275933455999954,0.22795875510300032,0.21746159051126612,9.931532972440944,16.205902411804825,13.50904281496063,15.585901171802341,8.063640117754849,8.572316311896078,8.460891301361315,8.524468518393626,0.003535969169106307,0.0018223093052299314,0.0019892696645744854,0.0019904234736859323,0.05946401574991641,0.042688514910101186,0.04460122940653638,0.044614162254669,0.9532518165376106,0.9068676865002089,0.9316686112669492,0.9124240698587625
matahari_45.jpg,matahari,741.9168307086613,921.8432016864035,443.30210383858275,891.6427552855107,0.2055302481725775,0.18262316663961753,0.2616471912862596,0.17852633396256096,13.735482283464567,15.608345216690434,10.37161663385827,15.304358608717218,8.714675959396336,8.82078016700105,8.512134390086949,8.804032190028895,0.0005743469128539819,0.0004814244856960171,0.0008035002642270912,0.000526914563656147,0.023965535939218675,0.02194138750617237,0.028346080226851318,0.022954619658276783,0.9138002065901585,0.8930836979279844,0.948510421123855,0.8965909541085418
matahari_46.jpg,matahari,842.931594488189,1145.1293322586648,587.6785187007874,951.4007068014137,0.29354962102614846,0.18371270270972062,0.2208719661347004,0.21530457707801037,14.32738681102362,18.043462086924176,12.853346456692915,16.01984003968008,8.512069493366091,8.809876342298026,8.640865817130814,8.721824133731333,0.0005297256688263376,0.0002928063392241857,0.0003591515361741661,0.00033850399401462206,0.023015770002898832,0.01711158494190955,0.018951293786287154,0.018398478035278408,0.8251078318571219,0.7611918739579299,0.877225148315289,0.8015696361580578
matahari_47.jpg,matahari,173.4422982283465,202.04228408456822,100.5980561023622,205.06076012152027,0.3294856102476964,0.26494814103449876,0.3083943599244707,0.2417199514821099,6.178518700787402,7.168950337900677,5.190206692913386,7.546841093682188,7.562949918160241,7.764318220979746,7.560942857928659,7.855075845875819,0.0012426324901477928,0.0009183198972759158,0.0011248666906513499,0.0008278625274467983,0.035250992754074215,0.030303793446958348,0.033539032345184766,0.02877260028997724,0.8694268442887377,0.8469803067112721,0.9238817413485223,0.8446876274935159
matahari_48.jpg,matahari,581.0812007874015,693.5845371690743,315.955031988189,715.2034224068448,0.19233545314717562,0.14220596895197973,0.20058609943100064,0.1635755160254243,13.808686023622046,15.59458118916238,10.274175688976378,15.713683427366856,8.913303714989503,9.044381766589009,8.75664247299693,9.017956118237876,0.0002832596607576028,0.00020838022952008456,0.0002960861634613894,0.00023076200904711315,0.01683031968673212,0.014435381169892417,0.017207154426615384,0.015190852808421033,0.9289965903189937,0.9147971045594451,0.9612496297824684,0.9121522454376682
matahari_49.jpg,matahari,713.1641855314961,940.6180792361583,595.5676058070867,966.8862297724597,0.18373422438087153,0.14933391674743893,0.16579143528262785,0.14356046380185838,16.87985974409449,19.719077438154873,15.843442421259844,20.11817223634447,8.865794114101814,8.99838686849217,8.888388116588825,9.0176019781353,0.0006252688286626573,0.0004382446609768908,0.0005045116291404459,0.00041039284756974874,0.02500537599522665,0.0209342938972608,0.022461336316890096,0.02025815508800712,0.8393535232526657,0.7881748683649518,0.8657780061349141,0.7822792891180432
matahari_50.jpg,matahari,2036.483944389764,2889.2913385826773,1266.0254060039374,2570.48620497241,0.15205778021017496,0.10803278702151028,0.16911138626861633,0.11971987195777957,25.27036171259843,33.23901047802096,20.161724901574807,29.852687705375416,8.916444078161106,9.127969232781894,8.7570743857792,9.058732326191762,0.0009845660560461747,0.0005363016492044517,0.0012791726022905177,0.0005809306677203472,0.03137779558933634,0.02315818751984817,0.03576552253624316,0.024102503349659497,0.8246492383229915,0.7444792424888609,0.8910137706115712,0.7726734671939735
matahari_51.jpg,matahari,385.3507012795277,594.6663773327548,397.41049458661416,563.1827763655529,0.20508256939763692,0.18460260466715422,0.18837595110807992,0.1488171890069882,11.279343011811026,14.511873023746048,11.942482775590552,14.182590365180733,8.647588973877038,8.845451861478521,8.730491975796166,8.839743870407267,0.0018465982366535052,0.0015582638890493231,0.0016943414624133934,0.0015598802975149509,0.04297206344421344,0.039474851349299886,0.041162379212253915,0.03949531994445609,0.931671819603669,0.8942704582645224,0.9294112867158038,0.899866136709417
matahari_52.jpg,matahari,703.9456815944882,892.1520863041728,461.10291584645665,960.2877425754853,0.16386910773526958,0.14746395295521458,0.20687198811116025,0.14309116904267574,16.272822342519685,18.350362700725405,12.92513533464567,19.427676855353713,8.74933655904772,8.810072996379336,8.565830133036473,8.852253321510464,0.0010074301154461684,0.0008735467281834186,0.001521716300268538,0.000898898009588443,0.03174003962578132,0.029555823930038198,0.03900918225582969,0.029981627867553207,0.8957322229072988,0.8678313818289547,0.9316033124842288,0.8577415103107656
matahari_53.jpg,matahari,287.82578740157487,706.6771033542066,594.2566437007874,755.496868993738,0.21089996741937608,0.121263133687241,0.13929992108994058,0.1177041034003117,9.721579724409452,16.4503069006138,14.830339566929133,17.051956103912204,8.728849268045016,9.132409156515326,9.048688048440667,9.158664813679984,0.00038028432990459745,0.0002033887755542886,0.00023511533839473927,0.00019931027524030365,0.01950088023409706,0.014261443670059796,0.015333471178918989,0.014117729110600743,0.9670589058096242,0.9186040869093557,0.9315057605037317,0.9129790172915455
matahari_54.jpg,matahari,361.1987573818898,394.32109864219734,186.57572588582676,476.6838613677228,0.597972042549312,0.5692123459639542,0.612288974268264,0.5743553289122475,7.711675688976378,8.277822555645113,5.525775098425196,9.0995101990204,5.734675307240801,5.85928180933832,5.658091839810846,5.860820275786585,0.04405693088729927,0.03960560156224782,0.04445208518102584,0.04000409526022102,0.20989742944423895,0.1990115613783476,0.2108366314970571,0.20001023788851666,0.8893047443524243,0.8796132049937304,0.9428117032347942,0.8544670219701307
matahari_55.jpg,matahari,225.4443897637796,544.6535433070867,388.18805364173227,436.2491784983571,0.31212576324720254,0.21699613783050692,0.26022181306145165,0.21486339740968108,7.576525590551183,11.739165478330957,9.702325295275589,10.883935767871536,8.133790317838988,8.441927235537262,8.290142466738,8.44928509988522,0.0008699827580319227,0.0005904215416838052,0.0007504592035551259,0.0005610840163338209,0.02949547012732502,0.024298591351841883,0.027394510463870782,0.023687212084452253,0.9627691595948024,0.9097359036790604,0.935736161148968,0.9276938801315947
matahari_56.jpg,matahari,466.9099409448819,558.8662657325315,274.39136318897647,575.5917291834584,0.1220161948496453,0.10270801187184184,0.184077922008329,0.11249720224222386,12.904773622047244,14.463388926777853,9.615526574803152,14.395746791493584,8.960142787137265,9.06346251867235,8.719423453421976,9.039093980202203,0.00017929100799607848,0.00015803131612463238,0.00025202497914761466,0.000165750098999733,0.013389959223092447,0.012571050716810922,0.015875294616088692,0.012874397034414195,0.9167249594766764,0.9003888105298878,0.9511730014436183,0.8973984826856141
matahari_57.jpg,matahari,398.30394931102364,597.3788827577655,294.88982529527556,606.0156860313721,0.11975622293053789,0.09221235703194355,0.1401601983273692,0.09711289171248147,12.26076525590551,15.963047926095854,10.950233759842519,15.744001488002976,8.97818040310638,9.175118117278137,8.887110332310211,9.1495131559475,0.0001805227609478656,0.0001446752847005601,0.00020784837712253546,0.00014835977343850035,0.013435875890609648,0.012028103952849763,0.01441694756606042,0.01218030268254859,0.9325990394769369,0.8993629150298297,0.9502038808246421,0.8979008310017729
matahari_58.jpg,matahari,355.84590305118115,503.0497240994482,314.72908464566933,480.023746047492,0.19493810989013982,0.17611200558854176,0.2294307951301892,0.15698709745566874,11.167753444881892,13.505177010354025,10.558193897637798,13.306280612561224,8.65970991232673,8.809628011816859,8.613010483316796,8.800849419254302,0.0003567977717010123,0.0002929581778315395,0.00039832544264697923,0.00028571797487075655,0.018889091341327467,0.01711602108644236,0.01995809215949709,0.01690319422093814,0.9304668678936705,0.9016033565863247,0.9386849213017332,0.9061044337859773
matahari_59.jpg,matahari,185.9835752952756,368.0776861553723,308.99815452755905,360.744931489863,0.3336850502254648,0.24821288525293606,0.28369167291837694,0.2466606166831144,6.998954232283467,10.43245086490173,9.25086122047244,10.179118358236718,8.073962735775488,8.405545963007654,8.286405251192457,8.397467769536256,0.0013469171225451828,0.0008850384121501084,0.0010773183777812868,0.0008934702598774656,0.03670036951510411,0.029749595159432145,0.03282252850987088,0.02989097288275284,0.9722256894714457,0.945038215341153,0.9537379558533872,0.9461347850884959
matahari_60.jpg,matahari,1304.2918307086613,1510.4683489366976,772.1849778543308,1437.8133176266351,0.09445998189023083,0.09233261789183936,0.18173124516739747,0.08894279025324275,22.429256889763778,24.289416578833155,15.048781988188981,23.886105772211543,9.291136407953786,9.33585276258838,8.893694107101208,9.347264726581187,0.00015813361704848408,0.00015015685062680183,0.00031817068028667324,0.00014553826615248242,0.012575118967567826,0.012253850440853349,0.01783733949575085,0.012063924160590633,0.824405874775479,0.796941256245875,0.8958632493503489,0.806721880824213
matahari_61.jpg,matahari,491.3267716535433,622.4638229276459,441.27134596456705,575.741893483787,0.34794661723995235,0.2867751663815365,0.30434015050873287,0.2768190675905901,7.687007874015748,9.392336784673567,7.734190452755907,9.197780395560791,7.702155801072977,7.925636828430354,7.830669009953178,7.956963554946645,0.0011690584294254526,0.0009051618326437097,0.0009750715302211858,0.0008578996635952226,0.034191496449050784,0.0300859075422981,0.03122613537121086,0.029289924267488686,0.8518696439786433,0.8101980770079101,0.8651777729875236,0.8244724030635362
matahari_62.jpg,matahari,802.9338705708664,1194.5448570897142,1020.3139763779527,1312.0795461590924,0.10697298448462325,0.08308676060244707,0.0912744292037923,0.08129051416377019,17.938299704724415,22.846301692603387,20.94783464566929,24.005270010540023,9.112848339535791,9.282580585290447,9.227140881705452,9.305365254231225,0.0001767366815983633,0.00014086394345521038,0.00015005626935081994,0.0001347558030226731,0.013294234900826873,0.011868611690303562,0.01224974568514873,0.01160843671743414,0.8634619507513859,0.7969109226804654,0.8260624349286566,0.7769208684270846
matahari_63.jpg,matahari,339.19795767716533,428.5559551119102,186.89216289370083,411.8835637671276,0.2158884800632876,0.16916818714638626,0.22499581946732794,0.17834527914173032,11.09461122047244,12.746047492094982,8.257689468503939,12.515593031186064,8.647130803835182,8.80336631501718,8.48896346728009,8.767942797887741,0.0005825491387310899,0.00035700524001953195,0.0004889926772041046,0.0004047748190976573,0.024136054746604504,0.018894582292803722,0.022113178812737545,0.020119016355121772,0.9523021670888534,0.9399693630468353,0.9737277363432363,0.9423031289807159
matahari_64.jpg,matahari,473.92464320866145,991.6771653543308,826.9298720472442,1038.1975943951888,0.35732168651505064,0.23066269303281184,0.21971665518466985,0.1959633172566503,11.651267224409448,17.736809473618948,16.005536417322837,18.337590675181353,8.314531941021707,8.674861271432924,8.613946818748751,8.72189542327863,0.0014826880850050761,0.0006939216556838472,0.0007179341140908846,0.0006217310469217008,0.038505688995329974,0.026342392747885437,0.026794292565598454,0.024934535225700535,0.9164414067521259,0.8248515588024644,0.8536231762501547,0.8166359878250641
matahari_65.jpg,matahari,354.4981545275591,426.6115072230145,197.99950787401576,434.98617397234796,0.2606190174189884,0.20323514304125212,0.2564640838617189,0.21076137366380576,9.438238188976381,11.163060326120654,7.420890748031496,11.160270320540642,8.291383949438728,8.50421720498579,8.217604000585338,8.490018490302552,0.0020661605654266006,0.0013709085016285227,0.0015789559167008961,0.0014029541358109312,0.04545503894428648,0.037025781580251924,0.0397360782753016,0.037456029365256154,0.9522747966269182,0.9423075852653259,0.973258646493285,0.9411722777139353
matahari_66.jpg,matahari,201.0495816929134,311.8151156302313,285.8179133858268,314.1154442308885,0.4008461609851871,0.2601440116794405,0.2757439817512871,0.269270730475793,6.287278543307087,9.437410874821751,8.74138779527559,9.322462644925292,7.651137538901223,8.117737147905574,8.03362100836304,8.102392144658475,0.001778482866047763,0.0010088752894971227,0.0011183730253202693,0.0010299520258039835,0.04217206262500997,0.03176279725554918,0.03344208464375792,0.03209286565272699,0.9460554603174419,0.9162691364863321,0.9231969892667494,0.9156555518893847
matahari_67.jpg,matahari,460.291092519685,589.2039184078369,277.6355191929134,577.6843573687148,0.12923419506550415,0.1107274951650025,0.15344149285034608,0.10250109906841608,13.677903543307085,15.574431148862299,10.493417814960631,15.8498976997954,9.003416920427991,9.08658583267898,8.837903002452515,9.114564923266329,0.0002066450055751674,0.00018509126236430912,0.00023925334715903815,0.00017155648422525067,0.014375152367024406,0.013604824966323864,0.01546781649616513,0.013097957253909888,0.9196362524590761,0.897048625187254,0.9518718882574253,0.8990577988448867
matahari_68.jpg,matahari,321.45115649606305,351.22444044888096,131.05093503937013,388.20336040672083,0.4120963915837339,0.3954290286609067,0.4960228810030665,0.3875134876603411,8.35519192913386,8.79006758013516,4.81200787401575,9.390662781325563,6.881427645422626,6.938720306583756,6.4612322477535145,6.984428330093194,0.009325900548773757,0.008632491875932975,0.011607426779306686,0.00859827245105541,0.09657070233136837,0.09291120425402404,0.10773776858329064,0.0927268701674731,0.8241681129422376,0.8084709043162043,0.9282232200855516,0.7883025264923798
matahari_69.jpg,matahari,492.04798228346453,535.8340876681752,526.7205954724409,566.515717031434,0.40889050516334025,0.38063875571913075,0.39632179177452104,0.38660051058419487,10.37586122047244,11.913695827391653,11.373277559055119,12.214396428792856,6.315514830495888,6.49491686927972,6.39141498978174,6.489489308976769,0.09457690546240469,0.08919373242057287,0.09408266033328941,0.09114469323240831,0.3075335842837408,0.29865319757299247,0.30672896885245354,0.30190179401985723,0.906181230414898,0.8979882384227063,0.8995703166497249,0.892147088836594
matahari_70.jpg,matahari,447.01488681102353,736.2316324632648,545.0314960629922,764.5298530597063,0.17041908993023197,0.13268902527285614,0.15792282815934144,0.1354429949232477,12.1908218503937,15.73054746109492,13.399237204724413,16.17967635935272,8.676855943495514,8.86279394295541,8.746919812470711,8.863859945260145,0.00035397476800812976,0.0002656983427923083,0.00032912211820517405,0.0002841457725819538,0.018814217177659288,0.016300255911865565,0.018141723132193758,0.016856623997169595,0.9153939003590102,0.8610633492210087,0.8968481001258762,0.8557125292357166
